timestamp,model,y_true,y_pred,residual
2014-01-02T11:00:00+09:30,lstm,3.1779055396715834,3.6600269879255394,-0.482121448253956
2014-01-02T12:00:00+09:30,lstm,3.8523385723431915,3.768066017229947,0.08427255511324461
2014-01-02T13:00:00+09:30,lstm,3.252622117598849,3.6186443183828647,-0.3660222007840157
2014-01-02T14:00:00+09:30,lstm,2.631272281209624,3.1499338489936966,-0.5186615677840725
2014-01-02T15:00:00+09:30,lstm,1.9498027712106634,2.5037911976608616,-0.5539884264501982
2014-01-02T16:00:00+09:30,lstm,2.216680516799283,1.7066129131910448,0.5100676036082383
2014-01-02T17:00:00+09:30,lstm,0.7124944484482109,0.72984608163207,-0.017351633183859128
2014-01-02T18:00:00+09:30,lstm,0.1037222063168886,0.17770375875231958,-0.07398155243543099
2014-01-03T07:00:00+09:30,lstm,0.6222611044843983,0.5830455311512803,0.03921557333311798
2014-01-03T08:00:00+09:30,lstm,1.79816113909085,1.5166431190517788,0.2815180200390712
2014-01-03T09:00:00+09:30,lstm,2.65522772073745,2.349671965334334,0.3055557554031161
2014-01-03T10:00:00+09:30,lstm,3.4993111093838998,2.91397731736321,0.5853337920206898
2014-01-03T11:00:00+09:30,lstm,3.9208472569783663,3.2583711669851274,0.6624760899932389
2014-01-03T12:00:00+09:30,lstm,4.101238767306024,3.492694341815211,0.6085444254908134
2014-01-03T13:00:00+09:30,lstm,3.989433368047075,3.4024185129910864,0.5870148550559886
2014-01-03T14:00:00+09:30,lstm,3.632830381393433,3.1084025845234953,0.5244277968699378
2014-01-03T15:00:00+09:30,lstm,3.1362027923266,2.511407535841162,0.624795256485438
2014-01-03T16:00:00+09:30,lstm,2.2141444782416166,1.7644055685629259,0.4497389096786908
2014-01-03T17:00:00+09:30,lstm,1.01744720588127,0.8453430899249641,0.17210411595630593
2014-01-03T18:00:00+09:30,lstm,0.21023055476446884,0.18053868195584455,0.029691872808624287
2014-01-04T07:00:00+09:30,lstm,0.6401722133159616,0.6681291673829084,-0.02795695406694676
2014-01-04T08:00:00+09:30,lstm,1.815733363231,1.7520184172128936,0.06371494601810634
2014-01-04T09:00:00+09:30,lstm,2.8411693970362335,2.6613204800194286,0.17984891701680494
2014-01-04T10:00:00+09:30,lstm,3.565502802530917,3.288393448986353,0.2771093535445637
2014-01-04T11:00:00+09:30,lstm,3.9859833518664,3.7425517932126784,0.24343155865372168
2014-01-04T12:00:00+09:30,lstm,4.117530465126033,3.8674348039194393,0.2500956612065939
2014-01-04T13:00:00+09:30,lstm,4.012616892655683,3.8843379858123255,0.12827890684335763
2014-01-04T14:00:00+09:30,lstm,3.7073471546173082,3.6287063662264964,0.07864078839081179
2014-01-04T15:00:00+09:30,lstm,3.103313783804575,3.0526333476367746,0.05068043616780038
2014-01-04T16:00:00+09:30,lstm,2.278427779674533,2.2096506767568913,0.06877710291764183
2014-01-04T17:00:00+09:30,lstm,1.1863444298505834,1.1138638034153163,0.07248062643526709
2014-01-04T18:00:00+09:30,lstm,0.21671666173885298,0.2150495994305226,0.001667062308330386
2014-01-05T07:00:00+09:30,lstm,0.6450999863445733,0.6932756995282823,-0.048175713183708946
2014-01-05T08:00:00+09:30,lstm,1.839300026496267,1.841519720421623,-0.0022196939253560366
2014-01-05T09:00:00+09:30,lstm,2.861616571744283,2.78019591315395,0.08142065859033298
2014-01-05T10:00:00+09:30,lstm,3.561288774013517,3.444555691937458,0.11673308207605926
2014-01-05T11:00:00+09:30,lstm,4.005827724933633,3.931015452236067,0.07481227269756596
2014-01-05T12:00:00+09:30,lstm,4.174755692481983,4.027586210010547,0.14716948247143602
2014-01-05T13:00:00+09:30,lstm,4.090672135353084,4.018421838372932,0.07225029698015195
2014-01-05T14:00:00+09:30,lstm,3.7816778222719836,3.7064713842232293,0.07520643804875426
2014-01-05T15:00:00+09:30,lstm,3.18976668516795,3.107711855590974,0.08205482957697585
2014-01-05T16:00:00+09:30,lstm,2.326816668113075,2.2271249143843868,0.09969175372868833
2014-01-05T17:00:00+09:30,lstm,1.2216110626856567,1.1334075667868064,0.08820349589885024
2014-01-05T18:00:00+09:30,lstm,0.27370555574695193,0.2303256159783188,0.043379939768633136
2014-01-06T07:00:00+09:30,lstm,0.66221111888687,0.7398149819990144,-0.0776038631121444
2014-01-06T08:00:00+09:30,lstm,1.8946555256843498,1.8881673321567294,0.006488193527620423
2014-01-06T09:00:00+09:30,lstm,2.9116971890131667,2.8255721561883584,0.08612503282480821
2014-01-06T10:00:00+09:30,lstm,3.6422224044799667,3.4674672995471463,0.17475510493282043
2014-01-06T11:00:00+09:30,lstm,4.0577112634976755,3.9413193909092112,0.11639187258846428
2014-01-06T12:00:00+09:30,lstm,4.219196836153675,3.996391113706903,0.22280572244677233
2014-01-06T13:00:00+09:30,lstm,3.9933834473292005,4.067361136718636,-0.07397768938943594
2014-01-06T14:00:00+09:30,lstm,3.8104526797930416,3.785846859117151,0.024605820675890566
2014-01-06T15:00:00+09:30,lstm,3.2198471426963917,3.1744031589087234,0.04544398378766834
2014-01-06T16:00:00+09:30,lstm,2.346813907225908,2.308515750390116,0.038298156835792074
2014-01-06T17:00:00+09:30,lstm,1.2386555671691983,1.1793860348685332,0.05926953230066512
2014-01-06T18:00:00+09:30,lstm,0.2200861026843405,0.2469210910235642,-0.02683498833922368
2014-01-07T07:00:00+09:30,lstm,0.6538250067581741,0.7113261665722252,-0.05750115981405113
2014-01-07T08:00:00+09:30,lstm,1.9047083258628668,1.8919465795172639,0.012761746345602898
2014-01-07T09:00:00+09:30,lstm,2.9615916411081913,2.8699694707675656,0.0916221703406257
2014-01-07T10:00:00+09:30,lstm,3.7036778330803,3.560212246824555,0.14346558625574524
2014-01-07T11:00:00+09:30,lstm,4.121522108713791,4.0534671717370765,0.06805493697671494
2014-01-07T12:00:00+09:30,lstm,4.278999805450425,4.139707528728031,0.13929227672239453
2014-01-07T13:00:00+09:30,lstm,4.22178614139555,4.198835418086242,0.022950723309308252
2014-01-07T14:00:00+09:30,lstm,3.892902791500083,3.9218219044254674,-0.028919112925384294
2014-01-07T15:00:00+09:30,lstm,3.3212611873944584,3.315769519949434,0.005491667445024273
2014-01-07T16:00:00+09:30,lstm,2.4438860714435666,2.4008272109811157,0.04305886046245089
2014-01-07T17:00:00+09:30,lstm,1.29191665848095,1.241612461362415,0.050304197118534955
2014-01-07T18:00:00+09:30,lstm,0.2389860972762108,0.2635426041069092,-0.024556506830698405
2014-01-08T07:00:00+09:30,lstm,0.64104443415999,0.761017005815654,-0.119972571655664
2014-01-08T08:00:00+09:30,lstm,1.864288866519925,1.9186856939131505,-0.05439682739322538
2014-01-08T09:00:00+09:30,lstm,2.8977611660957248,2.8772570681150507,0.020504097980674096
2014-01-08T10:00:00+09:30,lstm,3.657797217369083,3.5492871270730975,0.10851009029598568
2014-01-08T11:00:00+09:30,lstm,4.088661233584092,4.045095984895253,0.04356524868883849
2014-01-08T12:00:00+09:30,lstm,4.260875145594283,4.105186687961959,0.15568845763232364
2014-01-08T13:00:00+09:30,lstm,4.190311113993325,4.1028322386536615,0.08747887533966381
2014-01-08T14:00:00+09:30,lstm,3.8529363473256333,3.838879472755257,0.014056874570376188
2014-01-08T15:00:00+09:30,lstm,3.283583422501875,3.2642274355672365,0.01935598693463847
2014-01-08T16:00:00+09:30,lstm,2.4200360973676083,2.3743475440072066,0.045688553360401674
2014-01-08T17:00:00+09:30,lstm,1.2923194319009625,1.2355525108633798,0.05676692103758274
2014-01-08T18:00:00+09:30,lstm,0.23903888774414792,0.26316475570386644,-0.024125867959718522
2014-01-09T07:00:00+09:30,lstm,0.6294444327553058,0.7398272376879571,-0.11038280493265129
2014-01-09T08:00:00+09:30,lstm,1.8478777706623,1.9046056460143566,-0.05672787535205659
2014-01-09T09:00:00+09:30,lstm,2.866427759329483,2.86484803463528,0.0015797246942033105
2014-01-09T10:00:00+09:30,lstm,3.5868278741836668,3.536067945906264,0.05075992827740272
2014-01-09T11:00:00+09:30,lstm,3.990872164567317,4.040577070660884,-0.049704906093567036
2014-01-09T12:00:00+09:30,lstm,4.1003942886988165,4.0915573440842135,0.008836944614603048
2014-01-09T13:00:00+09:30,lstm,4.047122319539383,4.082633506244809,-0.03551118670542586
2014-01-09T14:00:00+09:30,lstm,3.7454220453898164,3.784758350384345,-0.03933630499452878
2014-01-09T15:00:00+09:30,lstm,3.2118444244066833,3.2057057999430203,0.006138624463662978
2014-01-09T16:00:00+09:30,lstm,2.363083342711125,2.3116214013383125,0.05146194137281235
2014-01-09T17:00:00+09:30,lstm,1.2746333529551734,1.1916563331013281,0.08297701985384531
2014-01-09T18:00:00+09:30,lstm,0.2389666540548205,0.24510580721428832,-0.006139153159467808
2014-01-10T07:00:00+09:30,lstm,0.6132388872404925,0.7062233048058804,-0.09298441756538789
2014-01-10T08:00:00+09:30,lstm,1.824677765369425,1.8645873018165404,-0.03990953644711537
2014-01-10T09:00:00+09:30,lstm,2.8058888713518915,2.828217010195201,-0.02232813884330964
2014-01-10T10:00:00+09:30,lstm,3.478288849194858,3.5057769717073195,-0.027488122512461466
2014-01-10T11:00:00+09:30,lstm,3.902366499106092,4.010026903483331,-0.1076604043772389
2014-01-10T12:00:00+09:30,lstm,3.9988058408101583,4.136415370790319,-0.13760952998016052
2014-01-10T13:00:00+09:30,lstm,4.001227736473067,4.000923258996464,0.0003044774766030045
2014-01-10T14:00:00+09:30,lstm,3.716249982515975,3.6923738645464272,0.023876117969547916
2014-01-10T15:00:00+09:30,lstm,3.1646834810574913,3.0620206116656794,0.1026628693918119
2014-01-10T16:00:00+09:30,lstm,2.3793499966462335,2.1735508452569374,0.20579915138929605
2014-01-10T17:00:00+09:30,lstm,1.282900025447215,1.1102452476441453,0.1726547778030696
2014-01-10T18:00:00+09:30,lstm,0.24483888410031732,0.2277328380476753,0.017106046052642015
2014-01-11T07:00:00+09:30,lstm,0.5698722141484432,0.6869295850535193,-0.11705737090507606
2014-01-11T08:00:00+09:30,lstm,1.7125222086906415,1.8311915248139625,-0.11866931612332099
2014-01-11T09:00:00+09:30,lstm,2.6736162702242665,2.7693084510211126,-0.09569218079684605
2014-01-11T10:00:00+09:30,lstm,2.679922193288792,3.410653657444922,-0.73073146415613
2014-01-11T11:00:00+09:30,lstm,3.3457471927006996,3.8710567204634434,-0.5253095277627438
2014-01-11T12:00:00+09:30,lstm,3.8498390316963165,3.9463292112169395,-0.096490179520623
2014-01-11T13:00:00+09:30,lstm,3.585708389679583,3.7755756588241582,-0.18986726914457508
2014-01-11T14:00:00+09:30,lstm,3.022838880618417,3.4245084381476483,-0.4016695575292313
2014-01-11T15:00:00+09:30,lstm,2.902858267227803,2.811158787476106,0.09169947975169723
2014-01-11T16:00:00+09:30,lstm,1.6045222034056998,1.76628132507958,-0.16175912167388007
2014-01-11T17:00:00+09:30,lstm,1.1369027545054784,0.8690604030645637,0.2678423514409147
2014-01-11T18:00:00+09:30,lstm,0.2656499876951185,0.21208007568476894,0.05356991201034955
2014-01-12T07:00:00+09:30,lstm,0.5576027755935958,0.538981410163847,0.018621365429748793
2014-01-12T08:00:00+09:30,lstm,1.7021139164765666,1.5777696610738967,0.12434425540266991
2014-01-12T09:00:00+09:30,lstm,2.6921360890070587,2.5075187930174785,0.1846172959895802
2014-01-12T10:00:00+09:30,lstm,3.33166376749675,3.133227097381719,0.19843667011503108
2014-01-12T11:00:00+09:30,lstm,3.4897472659746662,3.5853846685827295,-0.0956374026080633
2014-01-12T12:00:00+09:30,lstm,3.912852883338925,3.6445200216131,0.26833286172582493
2014-01-12T13:00:00+09:30,lstm,3.4925890862941706,3.514794444706535,-0.022205358412364262
2014-01-12T14:00:00+09:30,lstm,2.643247202038776,3.2393535606954167,-0.5961063586566406
2014-01-12T15:00:00+09:30,lstm,0.6885000020265584,2.7089929896450773,-2.020492987618519
2014-01-12T16:00:00+09:30,lstm,2.348016679286958,1.9158733313550147,0.4321433479319434
2014-01-12T17:00:00+09:30,lstm,0.8503027533491417,0.9111294229934503,-0.060826669644308606
2014-01-12T18:00:00+09:30,lstm,0.10410277172922959,0.21859798184087031,-0.11449521011164072
2014-01-13T07:00:00+09:30,lstm,0.5569444298744175,0.521570232084648,0.03537419778976947
2014-01-13T08:00:00+09:30,lstm,1.65767775972685,1.4759262429914575,0.18175151673539247
2014-01-13T09:00:00+09:30,lstm,2.6263833443323668,2.353220262930226,0.27316308140214085
2014-01-13T10:00:00+09:30,lstm,3.477261324723566,2.932453468163578,0.5448078565599883
2014-01-13T11:00:00+09:30,lstm,3.0317388127247455,3.2691841620252893,-0.23744534930054373
2014-01-13T12:00:00+09:30,lstm,2.0427055160204586,3.482684030789953,-1.4399785147694946
2014-01-13T13:00:00+09:30,lstm,3.6277277370293834,3.3528877186267914,0.2748400184025921
2014-01-13T14:00:00+09:30,lstm,2.6074139475822498,3.036845136587076,-0.42943118900482613
2014-01-13T15:00:00+09:30,lstm,0.8376694520314558,2.470098824504425,-1.632429372472969
2014-01-13T16:00:00+09:30,lstm,0.5924833218256625,1.727375237662348,-1.1348919158366852
2014-01-13T17:00:00+09:30,lstm,0.6058861017227175,0.727152120055,-0.12126601833228245
2014-01-13T18:00:00+09:30,lstm,0.1697500050067894,0.18297675831810423,-0.013226753311314815
2014-01-14T07:00:00+09:30,lstm,0.5260833241045484,0.49489455890211187,0.03118876520243652
2014-01-14T08:00:00+09:30,lstm,1.6637805600961,1.3488160682717676,0.3149644918243324
2014-01-14T09:00:00+09:30,lstm,2.550611138343817,2.1385797245421,0.4120314138017167
2014-01-14T10:00:00+09:30,lstm,3.2749417225519752,2.6575348715746676,0.6174068509773076
2014-01-14T11:00:00+09:30,lstm,3.3645777304967335,2.9617404088282417,0.40283732166849173
2014-01-14T12:00:00+09:30,lstm,2.8237555623054664,3.1940575521367163,-0.37030198983124984
2014-01-14T13:00:00+09:30,lstm,2.8001945018768253,3.0385326050106314,-0.2383381031338061
2014-01-14T14:00:00+09:30,lstm,2.1651833206415243,2.823677401233482,-0.6584940805919577
2014-01-14T15:00:00+09:30,lstm,2.1954304774602282,2.299640256790832,-0.1042097793306036
2014-01-14T16:00:00+09:30,lstm,1.2272722174723967,1.622523620442059,-0.3952514029696623
2014-01-14T17:00:00+09:30,lstm,1.1954944531122842,0.770633268876706,0.42486118423557817
2014-01-14T18:00:00+09:30,lstm,0.31033332676937175,0.2181330289911554,0.09220029777821637
2014-01-15T07:00:00+09:30,lstm,0.5500638907154358,0.47246045668167846,0.07760343403375736
2014-01-15T08:00:00+09:30,lstm,1.6535084446271335,1.401620085746394,0.25188835888073946
2014-01-15T09:00:00+09:30,lstm,2.6262027422586915,2.2673819264623742,0.3588208157963173
2014-01-15T10:00:00+09:30,lstm,3.2989695072174,2.8410989690835837,0.4578705381338164
2014-01-15T11:00:00+09:30,lstm,3.6855666438738415,3.211403635120666,0.4741630087531754
2014-01-15T12:00:00+09:30,lstm,3.091277798016858,3.3185134372412946,-0.22723563922443635
2014-01-15T13:00:00+09:30,lstm,2.7641389568646666,3.1793563231596096,-0.415217366294943
2014-01-15T14:00:00+09:30,lstm,2.2352666358152997,2.9371362439276174,-0.7018696081123177
2014-01-15T15:00:00+09:30,lstm,1.6738389333089334,2.47884692679027,-0.8050079934813368
2014-01-15T16:00:00+09:30,lstm,1.094808345039685,1.8150587126281106,-0.7202503675884255
2014-01-15T17:00:00+09:30,lstm,0.43513889362414754,0.9387301409468869,-0.5035912473227393
2014-01-15T18:00:00+09:30,lstm,0.1676416757206111,0.2413999243584971,-0.07375824863788602
2014-01-16T07:00:00+09:30,lstm,0.3838111360867817,0.36195044300594714,0.021860693080834548
2014-01-16T08:00:00+09:30,lstm,0.6862889031569167,0.8669875695567717,-0.180698666399855
2014-01-16T09:00:00+09:30,lstm,1.1751333127419235,1.488341764777139,-0.31320845203521563
2014-01-16T10:00:00+09:30,lstm,0.9883111367622891,2.0796151878268203,-1.0913040510645313
2014-01-16T11:00:00+09:30,lstm,0.6318721994757642,2.5005997992972944,-1.86872759982153
2014-01-16T12:00:00+09:30,lstm,0.4571166634559642,2.802868004738904,-2.34575134128294
2014-01-16T13:00:00+09:30,lstm,0.9156055425604243,2.5397454027392605,-1.6241398601788362
2014-01-16T14:00:00+09:30,lstm,0.7376222163438784,2.064232135435109,-1.3266099190912306
2014-01-16T15:00:00+09:30,lstm,1.1086388429005876,1.5570253596745682,-0.44838651677398067
2014-01-16T16:00:00+09:30,lstm,0.8913722137610108,0.993672150635397,-0.10229993687438621
2014-01-16T17:00:00+09:30,lstm,0.48377776642640336,0.5347449704763536,-0.050967204049950254
2014-01-16T18:00:00+09:30,lstm,0.20861112078030927,0.2097136675381256,-0.0011025467578163195
2014-01-17T07:00:00+09:30,lstm,0.2617333357532825,0.34892514768633165,-0.08719181193304915
2014-01-17T08:00:00+09:30,lstm,0.6188333183527001,0.7455803082803013,-0.12674698992760125
2014-01-17T09:00:00+09:30,lstm,0.9606666664282408,1.2915382790571637,-0.33087161262892284
2014-01-17T10:00:00+09:30,lstm,0.9740666747093192,1.8884220299691505,-0.9143553552598314
2014-01-17T11:00:00+09:30,lstm,1.0870055605967783,2.3561919070373882,-1.26918634644061
2014-01-17T12:00:00+09:30,lstm,1.0868500123421292,2.63789778049577,-1.5510477681536408
2014-01-17T13:00:00+09:30,lstm,0.9517832994461058,2.40184371224048,-1.450060412794374
2014-01-17T14:00:00+09:30,lstm,0.7149888972441358,2.0363933167981783,-1.3214044195540424
2014-01-17T15:00:00+09:30,lstm,1.0469222515821384,1.5387474202586922,-0.4918251686765538
2014-01-17T16:00:00+09:30,lstm,0.5119666978716858,1.0161502304766743,-0.5041835326049885
2014-01-17T17:00:00+09:30,lstm,0.4027444422245025,0.57271012631483,-0.16996568409032747
2014-01-17T18:00:00+09:30,lstm,0.06709998935305835,0.21145965793656285,-0.14435966858350452
2014-01-18T07:00:00+09:30,lstm,0.08999999053776249,0.3288089397435089,-0.2388089492057464
2014-01-18T08:00:00+09:30,lstm,0.28283332288265267,0.6490222302670459,-0.3661889073843932
2014-01-18T09:00:00+09:30,lstm,0.44901110231876334,1.0648679815353574,-0.6158568792165942
2014-01-18T10:00:00+09:30,lstm,0.7691722810268383,1.571001425049876,-0.8018291440230377
2014-01-18T11:00:00+09:30,lstm,1.033161118626594,2.0299538640142014,-0.9967927453876073
2014-01-18T12:00:00+09:30,lstm,0.7826721916596083,2.3294815447422046,-1.5468093530825962
2014-01-18T13:00:00+09:30,lstm,0.6695221761862425,2.0892206794519153,-1.4196985032656726
2014-01-18T14:00:00+09:30,lstm,0.6132611036300675,1.739441281480636,-1.1261801778505685
2014-01-18T15:00:00+09:30,lstm,0.8234833280245475,1.3173900434070944,-0.49390671538254693
2014-01-18T16:00:00+09:30,lstm,0.8234721769889192,0.9264948127746262,-0.10302263578570703
2014-01-18T17:00:00+09:30,lstm,0.2773807458579542,0.5242563059172773,-0.24687556005932315
2014-01-18T18:00:00+09:30,lstm,0.035658329550642215,0.19562004932631571,-0.1599617197756735
2014-01-19T07:00:00+09:30,lstm,0.12309721112251167,0.32353140260430946,-0.2004341914817978
2014-01-19T08:00:00+09:30,lstm,0.30185003330310334,0.6922188689949232,-0.3903688356918199
2014-01-19T09:00:00+09:30,lstm,0.37944445759058,1.1683356335632389,-0.7888911759726589
2014-01-19T10:00:00+09:30,lstm,0.7385472208261484,1.6270684879000723,-0.8885212670739239
2014-01-19T11:00:00+09:30,lstm,0.8482027848561607,2.005805492002006,-1.1576027071458452
2014-01-19T12:00:00+09:30,lstm,0.8024499515692392,2.2922132244771065,-1.4897632729078674
2014-01-19T13:00:00+09:30,lstm,0.8254138827323908,2.007533501735697,-1.182119619003306
2014-01-19T14:00:00+09:30,lstm,0.9749416510264074,1.643011951812121,-0.6680703007857135
2014-01-19T15:00:00+09:30,lstm,1.1347444454829083,1.2279697168005659,-0.09322527131765757
2014-01-19T16:00:00+09:30,lstm,0.8423277636369009,0.849320675891675,-0.006992912254774164
2014-01-19T17:00:00+09:30,lstm,0.29218610251943167,0.45842408822790526,-0.1662379857084736
2014-01-19T18:00:00+09:30,lstm,0.08549167355522558,0.18659443413929055,-0.10110276058406498
2014-01-20T07:00:00+09:30,lstm,0.4495166676739841,0.3812020947879582,0.06831457288602594
2014-01-20T08:00:00+09:30,lstm,1.0623027682304391,0.8954803924666234,0.16682237576381576
2014-01-20T09:00:00+09:30,lstm,1.9726916650931166,1.498519414724777,0.47417225036833965
2014-01-20T10:00:00+09:30,lstm,2.3923832774162417,2.0562956226820845,0.33608765473415714
2014-01-20T11:00:00+09:30,lstm,2.1946111520131417,2.4437751313157445,-0.2491639793026028
2014-01-20T12:00:00+09:30,lstm,1.3881555000941,2.805069448767945,-1.4169139486738451
2014-01-20T13:00:00+09:30,lstm,1.255602816740675,2.6672310298536015,-1.4116282131129265
2014-01-20T14:00:00+09:30,lstm,1.3213138779004334,2.328080494737746,-1.0067666168373124
2014-01-20T15:00:00+09:30,lstm,1.08754999438921,1.9416806741334316,-0.8541306797442216
2014-01-20T16:00:00+09:30,lstm,0.5348111043373741,1.3253556051114193,-0.7905445007740451
2014-01-20T17:00:00+09:30,lstm,0.37818886339664504,0.6739871110505303,-0.2957982476538853
2014-01-20T18:00:00+09:30,lstm,0.10630277342473517,0.1681919022870354,-0.06188912886230023
2014-01-21T07:00:00+09:30,lstm,0.30356111129124835,0.42266334492444213,-0.11910223363319378
2014-01-21T08:00:00+09:30,lstm,0.6415277446309716,1.0057012908885914,-0.3641735462576198
2014-01-21T09:00:00+09:30,lstm,1.7823944588502165,1.6963440452956016,0.08605041355461496
2014-01-21T10:00:00+09:30,lstm,2.486316621303575,2.244398565822613,0.24191805548096168
2014-01-21T11:00:00+09:30,lstm,3.6305333177248666,2.64197464178364,0.9885586759412268
2014-01-21T12:00:00+09:30,lstm,2.697522282600408,3.0214246810201146,-0.32390239841970647
2014-01-21T13:00:00+09:30,lstm,2.440883378187808,2.661318444472476,-0.2204350662846677
2014-01-21T14:00:00+09:30,lstm,1.472261076172212,2.1755506853232327,-0.7032896091510208
2014-01-21T15:00:00+09:30,lstm,0.8444166978200283,1.8633423104117672,-1.018925612591739
2014-01-21T16:00:00+09:30,lstm,1.0318888773520691,1.3673083126152277,-0.33541943526315854
2014-01-21T17:00:00+09:30,lstm,0.6096388598283108,0.8931614380083084,-0.2835225781799976
2014-01-21T18:00:00+09:30,lstm,0.36262778068582163,0.20324605635464021,0.15938172433118142
2014-01-22T07:00:00+09:30,lstm,0.5920611247420292,0.45026408938239626,0.14179703535963295
2014-01-22T08:00:00+09:30,lstm,1.1187834342320733,1.2447956539273306,-0.12601221969525733
2014-01-22T09:00:00+09:30,lstm,1.2954333126544917,2.121630997286154,-0.8261976846316621
2014-01-22T10:00:00+09:30,lstm,2.0405499835808976,2.679736412555787,-0.6391864289748894
2014-01-22T11:00:00+09:30,lstm,3.6348001956939666,3.065930558103451,0.5688696375905158
2014-01-22T12:00:00+09:30,lstm,3.8235055208206163,3.4888047508469637,0.3347007699736526
2014-01-22T13:00:00+09:30,lstm,3.656066536903383,3.2173961157196747,0.43867042118370847
2014-01-22T14:00:00+09:30,lstm,3.4799999197324163,2.6095923127199976,0.8704076070124187
2014-01-22T15:00:00+09:30,lstm,1.6716666917006198,1.8076258281168969,-0.1359591364162771
2014-01-22T16:00:00+09:30,lstm,1.7705777660012256,1.2107688573695028,0.5598089086317228
2014-01-22T17:00:00+09:30,lstm,0.45334998766581247,0.8449514591727643,-0.3916014715069518
2014-01-22T18:00:00+09:30,lstm,0.2736722292999425,0.2793666916716442,-0.005694462371701681
2014-01-23T07:00:00+09:30,lstm,0.4746889000137633,0.47372046024522574,0.0009684397685375545
2014-01-23T08:00:00+09:30,lstm,1.4910833537578574,1.2447896108973155,0.24629374286054184
2014-01-23T09:00:00+09:30,lstm,2.4693832794825252,2.1012963921182277,0.3680868873642975
2014-01-23T10:00:00+09:30,lstm,3.1427000959714166,2.6827055970437153,0.4599944989277014
2014-01-23T11:00:00+09:30,lstm,3.569372196992242,3.1149139599664575,0.4544582370257846
2014-01-23T12:00:00+09:30,lstm,3.750858704249058,3.4297340264323326,0.3211246778167256
2014-01-23T13:00:00+09:30,lstm,3.6129249930381753,3.215683881474865,0.3972411115633103
2014-01-23T14:00:00+09:30,lstm,3.295136193434408,2.944050657667159,0.3510855357672491
2014-01-23T15:00:00+09:30,lstm,2.019577796260521,2.4268264888742546,-0.40724869261373353
2014-01-23T16:00:00+09:30,lstm,1.0368666946888017,1.7039077561057363,-0.6670410614169346
2014-01-23T17:00:00+09:30,lstm,0.5425666744510391,0.8716238457951169,-0.32905717134407775
2014-01-23T18:00:00+09:30,lstm,0.17108055374895606,0.23544688248169188,-0.06436632873273582
2014-01-24T07:00:00+09:30,lstm,0.5812388981382033,0.43294302666306994,0.14829587147513335
2014-01-24T08:00:00+09:30,lstm,1.1839305460453133,1.2363891630680521,-0.052458617022738796
2014-01-24T09:00:00+09:30,lstm,2.1868916352589833,2.048321537124896,0.13857009813408716
2014-01-24T10:00:00+09:30,lstm,2.399216671784725,2.596682534689932,-0.19746586290520662
2014-01-24T11:00:00+09:30,lstm,2.7959972222646083,2.9359602066758574,-0.1399629844112491
2014-01-24T12:00:00+09:30,lstm,2.9271139403184248,3.206989551554346,-0.2798756112359211
2014-01-24T13:00:00+09:30,lstm,2.7515195409457003,3.107448421889549,-0.35592888094384856
2014-01-24T14:00:00+09:30,lstm,2.940933316946033,2.6022706199610592,0.338662696984974
2014-01-24T15:00:00+09:30,lstm,1.6790471772352917,2.0912661496957274,-0.4122189724604357
2014-01-24T16:00:00+09:30,lstm,1.1312555621067542,1.3255091616846422,-0.19425359957788801
2014-01-24T17:00:00+09:30,lstm,0.8216027816136675,0.6953017260579757,0.12630105555569182
2014-01-24T18:00:00+09:30,lstm,0.21781944390386343,0.21865743677477223,-0.0008379928709087991
2014-01-25T07:00:00+09:30,lstm,0.4318944464127225,0.445561551850027,-0.013667105437304483
2014-01-25T08:00:00+09:30,lstm,1.5401305357615085,1.317915384149731,0.2222151516117774
2014-01-25T09:00:00+09:30,lstm,2.498574932416275,2.1844236344888266,0.31415129792744834
2014-01-25T10:00:00+09:30,lstm,3.2753776510556496,2.7452428579183157,0.5301347931373339
2014-01-25T11:00:00+09:30,lstm,3.6144556204477998,3.064671233055554,0.5497843873922457
2014-01-25T12:00:00+09:30,lstm,2.2806666096051584,3.2274641005752507,-0.9467974909700922
2014-01-25T13:00:00+09:30,lstm,2.353852848211925,2.9600064620826063,-0.6061536138706813
2014-01-25T14:00:00+09:30,lstm,1.0711110730965925,2.82907465397782,-1.7579635808812277
2014-01-25T15:00:00+09:30,lstm,0.7775971914331091,2.3768751844353724,-1.5992779930022634
2014-01-25T16:00:00+09:30,lstm,1.948827813069025,1.7283855474663983,0.2204422656026268
2014-01-25T17:00:00+09:30,lstm,1.1439499805371083,0.8671806920738824,0.2767692884632259
2014-01-25T18:00:00+09:30,lstm,0.20018612096706967,0.2046233583113206,-0.004437237344250944
2014-01-26T07:00:00+09:30,lstm,0.5102833360433592,0.4337952847277108,0.0764880513156484
2014-01-26T08:00:00+09:30,lstm,1.565961132446925,1.3037337709394572,0.2622273615074677
2014-01-26T09:00:00+09:30,lstm,2.5784056385358,2.241201569704927,0.33720406883087284
2014-01-26T10:00:00+09:30,lstm,3.3039833505948413,2.8345021006686197,0.46948124992622153
2014-01-26T11:00:00+09:30,lstm,3.722355306148533,3.233227751771025,0.4891275543775082
2014-01-26T12:00:00+09:30,lstm,3.9160779118537916,3.6608795428407777,0.25519836901301396
2014-01-26T13:00:00+09:30,lstm,3.829322437445325,3.5523160209382967,0.2770064165070285
2014-01-26T14:00:00+09:30,lstm,3.4553889433542917,3.282132445818538,0.17325649753575378
2014-01-26T15:00:00+09:30,lstm,2.1512501140435503,2.735772306093274,-0.5845221920497239
2014-01-26T16:00:00+09:30,lstm,1.0850055714448283,1.9704424436843717,-0.8854368722395434
2014-01-26T17:00:00+09:30,lstm,1.0792222196857217,1.004630648851106,0.07459157083461565
2014-01-26T18:00:00+09:30,lstm,0.2968555570890507,0.22764751470458644,0.06920804238446426
2014-01-27T07:00:00+09:30,lstm,0.4875444353868558,0.45167557156498606,0.03586886382186977
2014-01-27T08:00:00+09:30,lstm,1.5584666331609,1.5250123127538773,0.033454320407022786
2014-01-27T09:00:00+09:30,lstm,2.561802705129,2.4703854973668906,0.0914172077621096
2014-01-27T10:00:00+09:30,lstm,3.290036102135975,3.09217757902359,0.19785852311238505
2014-01-27T11:00:00+09:30,lstm,3.800014038880675,3.4969491438325044,0.3030648950481707
2014-01-27T12:00:00+09:30,lstm,3.834722379843408,3.510597995035211,0.32412438480819716
2014-01-27T13:00:00+09:30,lstm,3.4948750138282834,3.3285866805931645,0.16628833323511882
2014-01-27T14:00:00+09:30,lstm,3.292975038290025,3.0769567766868784,0.21601826160314674
2014-01-27T15:00:00+09:30,lstm,3.0044584671656334,2.591488667011922,0.4129698001537112
2014-01-27T16:00:00+09:30,lstm,1.678024999797355,1.8750261802897388,-0.1970011804923837
2014-01-27T17:00:00+09:30,lstm,1.1883527934551175,0.9633736014453196,0.22497919200979788
2014-01-27T18:00:00+09:30,lstm,0.26186387240886694,0.23335671501938315,0.028507157389483784
2014-01-28T07:00:00+09:30,lstm,0.3328166784097752,0.3802354644289283,-0.047418786019153114
2014-01-28T08:00:00+09:30,lstm,1.5199083387851582,1.2505447170366122,0.269363621748546
2014-01-28T09:00:00+09:30,lstm,2.6284917195637916,2.138859951505883,0.48963176805790853
2014-01-28T10:00:00+09:30,lstm,3.255202790101375,2.727208590435535,0.5279941996658399
2014-01-28T11:00:00+09:30,lstm,1.9253944257895335,3.1149265125059977,-1.1895320867164643
2014-01-28T12:00:00+09:30,lstm,3.302616655826567,3.168592181246306,0.134024474580261
2014-01-28T13:00:00+09:30,lstm,2.6041222165028164,2.8715860343056114,-0.26746381780279505
2014-01-28T14:00:00+09:30,lstm,1.23996669550737,2.831275758749036,-1.5913090632416658
2014-01-28T15:00:00+09:30,lstm,1.6105945110320918,2.4857399672868112,-0.8751454562547194
2014-01-28T16:00:00+09:30,lstm,1.0352722654740059,1.8126073203962039,-0.777335054922198
2014-01-28T17:00:00+09:30,lstm,0.7440055410067191,0.8132431399919346,-0.06923759898521553
2014-01-28T18:00:00+09:30,lstm,0.32736666748920934,0.2603472194638934,0.06701944802531595
2014-01-29T07:00:00+09:30,lstm,0.6399611259500209,0.421484848053448,0.21847627789657287
2014-01-29T08:00:00+09:30,lstm,1.592633346716564,1.2807674580054227,0.3118658887111414
2014-01-29T09:00:00+09:30,lstm,2.2263943652312,2.179553673219621,0.046840692011579144
2014-01-29T10:00:00+09:30,lstm,3.3036832809448167,2.7476797468781866,0.5560035340666301
2014-01-29T11:00:00+09:30,lstm,3.688011070092525,3.130355958405332,0.5576551116871928
2014-01-29T12:00:00+09:30,lstm,3.74991673231125,3.3221967594516966,0.42771997285955354
2014-01-29T13:00:00+09:30,lstm,3.3915499250094086,3.2710907910040548,0.1204591340053538
2014-01-29T14:00:00+09:30,lstm,3.536527852217358,2.9833031273241275,0.5532247248932305
2014-01-29T15:00:00+09:30,lstm,2.6213728686173794,2.318944705571921,0.3024281630454584
2014-01-29T16:00:00+09:30,lstm,1.9744528134663917,1.7228071734505228,0.25164564001586887
2014-01-29T17:00:00+09:30,lstm,1.2392138540744866,0.921191937316592,0.3180219167578946
2014-01-29T18:00:00+09:30,lstm,0.3205916726340851,0.2537543373283778,0.06683733530570729
2014-01-30T07:00:00+09:30,lstm,0.4519083214302853,0.45421305047008886,-0.0023047290398035547
2014-01-30T08:00:00+09:30,lstm,1.5812277595202,1.4332156335056985,0.14801212601450153
2014-01-30T09:00:00+09:30,lstm,2.5929305950800416,2.3497287910200892,0.2432018040599524
2014-01-30T10:00:00+09:30,lstm,3.2957444389661332,2.980277117150444,0.31546732181568915
2014-01-30T11:00:00+09:30,lstm,3.715894520282742,3.4122676765492774,0.3036268437334644
2014-01-30T12:00:00+09:30,lstm,3.90482529004415,3.5434183059514486,0.3614069840927012
2014-01-30T13:00:00+09:30,lstm,3.9065307378768996,3.3124895752934362,0.5940411625834634
2014-01-30T14:00:00+09:30,lstm,3.6488556265831082,3.0406388872196466,0.6082167393634617
2014-01-30T15:00:00+09:30,lstm,3.0292862256368003,2.502988513645958,0.5262977119908423
2014-01-30T16:00:00+09:30,lstm,2.348494470119492,1.7731634245112515,0.5753310456082403
2014-01-30T17:00:00+09:30,lstm,1.2817861189444824,0.9217732131931922,0.3600129057512902
2014-01-30T18:00:00+09:30,lstm,0.2530638842533035,0.24237452727642395,0.01068935697687956
2014-01-31T07:00:00+09:30,lstm,0.4615388792008151,0.45191780165232387,0.00962107754849123
2014-01-31T08:00:00+09:30,lstm,1.6336777508258917,1.5583530451742833,0.07532470565160843
2014-01-31T09:00:00+09:30,lstm,2.669091602166491,2.538821603680688,0.13026999848580312
2014-01-31T10:00:00+09:30,lstm,3.4076916575431837,3.2106762663430017,0.19701539120018197
2014-01-31T11:00:00+09:30,lstm,3.8312609990437747,3.6861501797394065,0.1451108193043682
2014-01-31T12:00:00+09:30,lstm,4.061841726303109,3.977829978821272,0.08401174748183671
2014-01-31T13:00:00+09:30,lstm,4.040794432163233,3.741198833004971,0.29959559915826217
2014-01-31T14:00:00+09:30,lstm,3.7449805736541664,3.5025114455089015,0.2424691281452649
2014-01-31T15:00:00+09:30,lstm,3.195341746012367,2.9610079511831966,0.23433379482917038
2014-01-31T16:00:00+09:30,lstm,2.391613841056842,2.1431470678310465,0.24846677322579547
2014-01-31T17:00:00+09:30,lstm,1.2917111267646166,1.095462724010626,0.19624840275399058
2014-01-31T18:00:00+09:30,lstm,0.27261388643334283,0.21904469958246997,0.05356918685087286
2014-02-01T07:00:00+09:30,lstm,0.4589888757715628,0.49716351523840807,-0.038174639466845295
2014-02-01T08:00:00+09:30,lstm,1.6290721793969334,1.6633823062733988,-0.0343101268764654
2014-02-01T09:00:00+09:30,lstm,2.640033364295958,2.675032942064398,-0.03499957776843976
2014-02-01T10:00:00+09:30,lstm,3.3583166996637916,3.365772900464515,-0.0074562008007235114
2014-02-01T11:00:00+09:30,lstm,3.7674000263214,3.8468413450307306,-0.07944131870933058
2014-02-01T12:00:00+09:30,lstm,3.9377056757609004,4.122013197586305,-0.18430752182540422
2014-02-01T13:00:00+09:30,lstm,3.9381111661593167,3.848813450769799,0.08929771538951758
2014-02-01T14:00:00+09:30,lstm,3.6280722419421,3.5260153972817436,0.10205684466035647
2014-02-01T15:00:00+09:30,lstm,3.201649943987517,2.9344698470488613,0.2671800969386555
2014-02-01T16:00:00+09:30,lstm,1.356200019518539,2.1005836114270555,-0.7443835919085164
2014-02-01T17:00:00+09:30,lstm,0.7774888748924008,1.0566721326793298,-0.279183257786929
2014-02-01T18:00:00+09:30,lstm,0.219416674226523,0.21456776850399373,0.004848905722529273
2014-02-02T07:00:00+09:30,lstm,0.4326555530230199,0.38985024323699413,0.04280530978602576
2014-02-02T08:00:00+09:30,lstm,1.57725006341935,1.1902284817286626,0.38702158169068746
2014-02-02T09:00:00+09:30,lstm,2.590683321158075,2.0511015853751626,0.5395817357829125
2014-02-02T10:00:00+09:30,lstm,3.2824833989143336,2.613859667276831,0.6686237316375028
2014-02-02T11:00:00+09:30,lstm,3.690377891063683,2.9915572702161857,0.6988206208474974
2014-02-02T12:00:00+09:30,lstm,3.91593861579895,3.2165895302397787,0.6993490855591715
2014-02-02T13:00:00+09:30,lstm,3.1709112028280835,3.0912564940276206,0.07965470880046288
2014-02-02T14:00:00+09:30,lstm,1.7416777958472534,2.9858155011501504,-1.244137705302897
2014-02-02T15:00:00+09:30,lstm,2.3003944158554024,2.5241900921867018,-0.22379567633129938
2014-02-02T16:00:00+09:30,lstm,1.7117723276217784,1.8095311848788174,-0.09775885725703892
2014-02-02T17:00:00+09:30,lstm,1.089216619729989,0.9224939028324188,0.16672271689757023
2014-02-02T18:00:00+09:30,lstm,0.316633339039983,0.2328195850673136,0.08381375397266938
2014-02-03T07:00:00+09:30,lstm,0.41364998618761634,0.4033658509287734,0.010284135258842919
2014-02-03T08:00:00+09:30,lstm,1.5375278095404417,1.4195336198505588,0.11799418968988284
2014-02-03T09:00:00+09:30,lstm,2.5467111468315164,2.3614062998138348,0.18530484701768168
2014-02-03T10:00:00+09:30,lstm,2.5323778515060726,2.9886028434436627,-0.45622499193759003
2014-02-03T11:00:00+09:30,lstm,3.524155577023833,3.4065148816039166,0.11764069541991651
2014-02-03T12:00:00+09:30,lstm,3.819300015767421,3.6472607159556194,0.17203929981180144
2014-02-03T13:00:00+09:30,lstm,1.5825722391406634,3.310733916046975,-1.7281616769063117
2014-02-03T14:00:00+09:30,lstm,1.5896055152018869,3.075698978299196,-1.486093463097309
2014-02-03T15:00:00+09:30,lstm,2.088577826817833,2.576223761157908,-0.48764593434007475
2014-02-03T16:00:00+09:30,lstm,2.5655000706513835,1.636876389225249,0.9286236814261346
2014-02-03T17:00:00+09:30,lstm,0.49986667154977743,0.9099576688717361,-0.4100909973219587
2014-02-03T18:00:00+09:30,lstm,0.006833332382787758,0.2508015220305253,-0.24396818964773753
2014-02-04T07:00:00+09:30,lstm,0.2928111044069125,0.30179358466328776,-0.00898248025637527
2014-02-04T08:00:00+09:30,lstm,0.4043888909121367,0.9605643293139371,-0.5561754384018004
2014-02-04T09:00:00+09:30,lstm,1.1148222014308082,1.7329344860183165,-0.6181122845875082
2014-02-04T10:00:00+09:30,lstm,2.2611611386140167,2.3353932819787673,-0.07423214336475059
2014-02-04T11:00:00+09:30,lstm,0.7700721919536551,2.7419579940238497,-1.9718858020701946
2014-02-04T12:00:00+09:30,lstm,0.42801669985056084,2.924489221083326,-2.496472521232765
2014-02-04T13:00:00+09:30,lstm,0.5942555467287691,2.768646050117013,-2.174390503388244
2014-02-04T14:00:00+09:30,lstm,1.127466678619374,2.1462131952425834,-1.0187465166232093
2014-02-04T15:00:00+09:30,lstm,0.5576500246922184,1.6160272147506425,-1.0583771900584242
2014-02-04T16:00:00+09:30,lstm,1.0661388337612066,1.2574556533834431,-0.19131681962223657
2014-02-04T17:00:00+09:30,lstm,0.4688833331068342,0.4950850521710757,-0.026201719064241458
2014-02-04T18:00:00+09:30,lstm,0.19917223179557608,0.1279101243877936,0.0712621074077825
2014-02-05T07:00:00+09:30,lstm,0.15305001412828667,0.3725258303466419,-0.2194758162183552
2014-02-05T08:00:00+09:30,lstm,0.418016659716765,0.9888566084417474,-0.5708399487249824
2014-02-05T09:00:00+09:30,lstm,1.263475005825365,1.7629439610366329,-0.4994689552112679
2014-02-05T10:00:00+09:30,lstm,2.0900638600190584,2.4025437707631996,-0.31247991074414116
2014-02-05T11:00:00+09:30,lstm,3.1178723176320333,2.836546468324499,0.28132584930753435
2014-02-05T12:00:00+09:30,lstm,3.717877884705867,3.1023251198392234,0.6155527648666435
2014-02-05T13:00:00+09:30,lstm,4.276177823543558,2.725722132273532,1.5504556912700265
2014-02-05T14:00:00+09:30,lstm,2.14209724466005,2.2685689047790034,-0.12647166011895328
2014-02-05T15:00:00+09:30,lstm,2.374891678492225,1.868291064310923,0.506600614181302
2014-02-05T16:00:00+09:30,lstm,2.046063870191575,1.3901717032064806,0.6558921669850943
2014-02-05T17:00:00+09:30,lstm,0.987122257550555,0.8973842331701365,0.08973802438041856
2014-02-05T18:00:00+09:30,lstm,0.2462999979034081,0.23727870510995608,0.009021292793452013
2014-02-07T07:00:00+09:30,lstm,0.4003894720226537,0.41730078129275106,-0.016911309270097374
2014-02-07T08:00:00+09:30,lstm,1.55073885122935,1.4919456582491684,0.05879319298018171
2014-02-07T09:00:00+09:30,lstm,2.59209444125495,2.463583717225383,0.12851072402956687
2014-02-07T10:00:00+09:30,lstm,3.380955457687367,3.1109024058099783,0.2700530518773885
2014-02-07T11:00:00+09:30,lstm,3.6107501387596166,3.5274591089577467,0.08329102980186986
2014-02-07T12:00:00+09:30,lstm,3.734016597270975,3.7590293761635962,-0.025012778892621323
2014-02-07T13:00:00+09:30,lstm,4.022244215011608,3.499695435929143,0.5225487790824652
2014-02-07T14:00:00+09:30,lstm,3.7556167642275415,3.264008953527677,0.4916078106998647
2014-02-07T15:00:00+09:30,lstm,3.187088827292133,2.7451281887733296,0.4419606385188035
2014-02-07T16:00:00+09:30,lstm,2.3948111236095415,2.0050727799135917,0.38973834369594984
2014-02-07T17:00:00+09:30,lstm,1.3101444443067016,0.9919511911033904,0.31819325320331127
2014-02-07T18:00:00+09:30,lstm,0.2781222363313029,0.2146140771971613,0.0635081591341416
2014-02-08T07:00:00+09:30,lstm,0.3882166687399146,0.4144945677827008,-0.026277899042786157
2014-02-08T08:00:00+09:30,lstm,1.551094442605975,1.508413996424344,0.04268044618163103
2014-02-08T09:00:00+09:30,lstm,2.5431667566299416,2.50851095252787,0.034655804102071475
2014-02-08T10:00:00+09:30,lstm,3.1297499338785832,3.1715771412231155,-0.04182720734453227
2014-02-08T11:00:00+09:30,lstm,3.878733197848016,3.6021692798656373,0.2765639179823789
2014-02-08T12:00:00+09:30,lstm,3.3448723455270084,3.8517034185554957,-0.5068310730284873
2014-02-08T13:00:00+09:30,lstm,2.9609832763671915,3.5660393392336793,-0.6050560628664878
2014-02-08T14:00:00+09:30,lstm,2.903183331092208,3.3225054840728134,-0.41932215298060527
2014-02-08T15:00:00+09:30,lstm,2.378511180480317,2.770777607034021,-0.39226642655370414
2014-02-08T16:00:00+09:30,lstm,2.105166683594375,1.959366863087348,0.145799820507027
2014-02-08T17:00:00+09:30,lstm,0.9993499517440759,1.0041820015806244,-0.004832049836548502
2014-02-08T18:00:00+09:30,lstm,0.23600555552790484,0.19706579654927114,0.03893975897863369
2014-02-09T07:00:00+09:30,lstm,0.37578332486252136,0.3944251350125555,-0.018641810150034133
2014-02-09T08:00:00+09:30,lstm,1.5028555442889415,1.4569627907321265,0.04589275355681499
2014-02-09T09:00:00+09:30,lstm,2.535161157449083,2.4659995722000785,0.06916158524900462
2014-02-09T10:00:00+09:30,lstm,2.957261085510259,3.116838230352144,-0.15957714484188523
2014-02-09T11:00:00+09:30,lstm,3.3890667160352166,3.539408108826271,-0.1503413927910544
2014-02-09T12:00:00+09:30,lstm,2.911188880602517,3.7696401735398175,-0.8584512929373007
2014-02-09T13:00:00+09:30,lstm,3.833494504292817,3.476552793740355,0.3569417105524617
2014-02-09T14:00:00+09:30,lstm,3.410938918590558,3.2149183461918427,0.1960205723987154
2014-02-09T15:00:00+09:30,lstm,3.1531388163566585,2.6940191670052593,0.45911964935139915
2014-02-09T16:00:00+09:30,lstm,2.325600018103925,1.835973194234107,0.48962682386981804
2014-02-09T17:00:00+09:30,lstm,1.3287388980388732,0.9062640841121158,0.42247481392675745
2014-02-09T18:00:00+09:30,lstm,0.31430000159889293,0.2043991937031855,0.10990080789570744
2014-02-10T07:00:00+09:30,lstm,0.3952250089496376,0.4142333816643685,-0.019008372714730937
2014-02-10T08:00:00+09:30,lstm,1.5568694571653834,1.5144444738997975,0.04242498326558586
2014-02-10T09:00:00+09:30,lstm,2.5621333519617666,2.4998234077638593,0.06230994419790736
2014-02-10T10:00:00+09:30,lstm,3.3184944788614916,3.1672617816839876,0.15123269717750398
2014-02-10T11:00:00+09:30,lstm,2.94053611159325,3.6186924929940716,-0.6781563814008216
2014-02-10T12:00:00+09:30,lstm,3.0453998645146747,3.8571629251107957,-0.811763060596121
2014-02-10T13:00:00+09:30,lstm,2.30967779954275,3.5467554155510266,-1.2370776160082766
2014-02-10T14:00:00+09:30,lstm,2.1748083531856417,3.2509047807636553,-1.0760964275780136
2014-02-10T15:00:00+09:30,lstm,1.9716361264387918,2.6910153782191397,-0.7193792517803479
2014-02-10T16:00:00+09:30,lstm,1.7659944345553675,1.9361532311985945,-0.17015879664322697
2014-02-10T17:00:00+09:30,lstm,0.43568055952588586,0.8301941784418165,-0.3945136189159307
2014-02-11T07:00:00+09:30,lstm,0.3877000076075383,0.31537831613699296,0.07232169147054535
2014-02-11T08:00:00+09:30,lstm,1.6037554840246893,1.146438396249699,0.45731708777499036
2014-02-11T09:00:00+09:30,lstm,2.4684806565443664,2.0310377927663645,0.4374428637780019
2014-02-11T10:00:00+09:30,lstm,3.2902500033378748,2.644732807904167,0.6455171954337078
2014-02-11T11:00:00+09:30,lstm,2.7986444334189087,3.045580347075556,-0.24693591365664735
2014-02-11T12:00:00+09:30,lstm,3.0799000362555087,3.264198259394252,-0.1842982231387431
2014-02-11T13:00:00+09:30,lstm,3.2776472171147666,3.0705142705824726,0.20713294653229397
2014-02-11T14:00:00+09:30,lstm,2.3403554906447614,2.9142901130782315,-0.57393462243347
2014-02-11T15:00:00+09:30,lstm,2.74186951915423,2.415210809819189,0.32665870933504104
2014-02-11T16:00:00+09:30,lstm,2.23773054281871,1.7646368575853946,0.4730936852333154
2014-02-11T17:00:00+09:30,lstm,1.1408944328625983,0.7960844333456778,0.3448099995169205
2014-02-12T07:00:00+09:30,lstm,0.41947222252686917,0.29413712924513336,0.1253350932817358
2014-02-12T08:00:00+09:30,lstm,1.5523916482925417,1.1566719813313,0.3957196669612417
2014-02-12T09:00:00+09:30,lstm,2.4340139031410333,2.0205264827474427,0.41348742039359054
2014-02-12T10:00:00+09:30,lstm,3.0521722733974497,2.5992498682836698,0.4529224051137799
2014-02-12T11:00:00+09:30,lstm,3.7518362998962416,2.978494995793601,0.7733413041026407
2014-02-12T12:00:00+09:30,lstm,3.9451389908790584,3.170234698007995,0.7749042928710632
2014-02-12T13:00:00+09:30,lstm,3.3135500152905752,2.9264416498685213,0.38710836542205396
2014-02-12T14:00:00+09:30,lstm,2.986916740735383,2.68133397765561,0.30558276307977295
2014-02-12T15:00:00+09:30,lstm,3.0613611141840837,2.196963197416921,0.8643979167671629
2014-02-12T16:00:00+09:30,lstm,2.7638832430045,1.5677133382060688,1.196169904798431
2014-02-12T17:00:00+09:30,lstm,0.7566972225904466,0.882077916657809,-0.1253806940673624
2014-02-13T07:00:00+09:30,lstm,0.43233054193357773,0.2967020880340938,0.13562845389948391
2014-02-13T08:00:00+09:30,lstm,1.5988221665223417,1.0395994663233632,0.5592227001989785
2014-02-13T09:00:00+09:30,lstm,2.5204278230667003,1.8714032459722585,0.6490245770944418
2014-02-13T10:00:00+09:30,lstm,3.3053540984789667,2.4717879892171073,0.8335661092618594
2014-02-13T11:00:00+09:30,lstm,3.7259777983029747,2.802044965254476,0.9239328330484988
2014-02-13T12:00:00+09:30,lstm,3.9252724647522004,2.945872641818486,0.9793998229337144
2014-02-13T13:00:00+09:30,lstm,3.849049965540567,2.8620269361881396,0.9870230293524274
2014-02-13T14:00:00+09:30,lstm,3.1701277295748334,2.7050453855886865,0.4650823439861469
2014-02-13T15:00:00+09:30,lstm,1.4142722189426393,2.2167431160403126,-0.8024708970976733
2014-02-13T16:00:00+09:30,lstm,1.447027737895646,1.578518487909018,-0.13149075001337196
2014-02-13T17:00:00+09:30,lstm,0.6128777613242474,0.8110559871987888,-0.19817822587454137
2014-02-14T07:00:00+09:30,lstm,0.2655166654537124,0.316445790884624,-0.050929125430911604
2014-02-14T08:00:00+09:30,lstm,0.7975222220023467,1.090539356138437,-0.29301713413609043
2014-02-14T09:00:00+09:30,lstm,1.6672110458215041,1.9333042287953153,-0.2660931829738111
2014-02-14T10:00:00+09:30,lstm,2.53869993487995,2.4960483163116853,0.042651618568264826
2014-02-14T11:00:00+09:30,lstm,3.014233370621992,2.8398908719673233,0.1743424986546689
2014-02-14T12:00:00+09:30,lstm,3.378716657559067,3.0168482625843387,0.36186839497472834
2014-02-14T13:00:00+09:30,lstm,3.2647556066513004,2.663149758214002,0.6016058484372984
2014-02-14T14:00:00+09:30,lstm,2.175811151663475,2.2230185376657072,-0.04720738600223218
2014-02-14T15:00:00+09:30,lstm,1.867705563704175,1.798882899512889,0.06882266419128613
2014-02-14T16:00:00+09:30,lstm,1.8107777436574402,1.3176495332362994,0.49312821042114074
2014-02-14T17:00:00+09:30,lstm,1.1367833216985017,0.7487911927652152,0.3879921289332865
2014-02-15T07:00:00+09:30,lstm,0.3553222256402184,0.28798630005611814,0.06733592558410029
2014-02-15T08:00:00+09:30,lstm,1.3758166780074468,1.0932914050163003,0.2825252729911465
2014-02-15T09:00:00+09:30,lstm,2.0375054677327418,1.9535699646246845,0.08393550310805731
2014-02-15T10:00:00+09:30,lstm,2.7296000023683002,2.561996136105064,0.16760386626323642
2014-02-15T11:00:00+09:30,lstm,3.31686105330785,2.9778066416658584,0.33905441164199157
2014-02-15T12:00:00+09:30,lstm,2.6295499602953583,3.233356669744678,-0.6038067094493198
2014-02-15T13:00:00+09:30,lstm,3.9678053458531832,2.926504751824046,1.041300594029137
2014-02-15T14:00:00+09:30,lstm,3.158016721407583,2.6844451415434696,0.47357157986411336
2014-02-15T15:00:00+09:30,lstm,1.3736222187677916,2.1882705637855286,-0.8146483450177371
2014-02-15T16:00:00+09:30,lstm,1.00007229546706,1.5816589975987747,-0.5815867021317147
2014-02-15T17:00:00+09:30,lstm,0.4608000094691917,0.8796180429802671,-0.41881803351107544
2014-02-16T07:00:00+09:30,lstm,0.4599444456398483,0.28659076299132236,0.17335368264852596
2014-02-16T08:00:00+09:30,lstm,1.1605860739946374,1.159649774486548,0.0009362995080894887
2014-02-16T09:00:00+09:30,lstm,1.8719694713751498,2.0524659955344777,-0.18049652415932793
2014-02-16T10:00:00+09:30,lstm,3.502363801002508,2.6526202130869647,0.8497435879155435
2014-02-16T11:00:00+09:30,lstm,3.9151667555173333,3.0164294487988785,0.8987373067184548
2014-02-16T12:00:00+09:30,lstm,4.092611074447617,3.138886766054007,0.9537243083936096
2014-02-16T13:00:00+09:30,lstm,4.151930332183841,3.2093775873873587,0.9425527447964828
2014-02-16T14:00:00+09:30,lstm,3.8809444506963,2.8623785769241703,1.0185658737721295
2014-02-16T15:00:00+09:30,lstm,3.3283639152844664,2.2396067186677064,1.08875719661676
2014-02-16T16:00:00+09:30,lstm,2.5020194649696332,1.838555200728794,0.6634642642408393
2014-02-16T17:00:00+09:30,lstm,1.2592110981543982,0.9102138509371437,0.34899724721725456
2014-02-17T07:00:00+09:30,lstm,0.4114277691890798,0.36926081303496217,0.04216695615411764
2014-02-17T08:00:00+09:30,lstm,1.7144944171110668,1.5249665129474477,0.1895279041636191
2014-02-17T09:00:00+09:30,lstm,2.8561389048894252,2.5830402990148205,0.27309860587460477
2014-02-17T10:00:00+09:30,lstm,3.634977738062542,3.312204429091185,0.3227733089713567
2014-02-17T11:00:00+09:30,lstm,4.0717777808507245,3.8008856496305343,0.2708921312201902
2014-02-17T12:00:00+09:30,lstm,4.2727222839991255,4.0876009193243625,0.18512136467476292
2014-02-17T13:00:00+09:30,lstm,4.182055672009783,3.9044827762269385,0.2775728957828445
2014-02-17T14:00:00+09:30,lstm,3.6446332732836417,3.772919439680164,-0.12828616639652246
2014-02-17T15:00:00+09:30,lstm,3.360922237237308,3.269131916320177,0.09179032091713113
2014-02-17T16:00:00+09:30,lstm,2.5017443895340166,2.3890031428067964,0.11274124672722019
2014-02-17T17:00:00+09:30,lstm,1.2604333360989874,1.1630092114917603,0.09742412460722716
2014-02-18T07:00:00+09:30,lstm,0.3851472285265735,0.4393672976593601,-0.0542200691327866
2014-02-18T08:00:00+09:30,lstm,1.6711443960666668,1.6741547175961964,-0.003010321529529625
2014-02-18T09:00:00+09:30,lstm,2.8083306153615415,2.7776289188180376,0.030701696543503854
2014-02-18T10:00:00+09:30,lstm,3.619319558143625,3.5425806783805283,0.07673887976309679
2014-02-18T11:00:00+09:30,lstm,4.099441746870666,4.064169399097244,0.035272347773422474
2014-02-18T12:00:00+09:30,lstm,4.31929155190785,4.33236051300841,-0.01306896110056055
2014-02-18T13:00:00+09:30,lstm,4.260911027590425,4.081999772626956,0.17891125496346927
2014-02-18T14:00:00+09:30,lstm,3.978194276491808,3.8337694017601223,0.14442487473168564
2014-02-18T15:00:00+09:30,lstm,3.398083508014684,3.2810532666759307,0.11703024133875317
2014-02-18T16:00:00+09:30,lstm,2.5344222784042167,2.3753567512233245,0.15906552718089229
2014-02-18T17:00:00+09:30,lstm,1.3192916810512518,1.1363878619685168,0.182903819082735
2014-02-19T07:00:00+09:30,lstm,0.36374168222149267,0.4405668285155293,-0.07682514629403664
2014-02-19T08:00:00+09:30,lstm,1.5639055569966667,1.6600619475289502,-0.09615639053228353
2014-02-19T09:00:00+09:30,lstm,2.750119427839925,2.7563927359791025,-0.00627330813917748
2014-02-19T10:00:00+09:30,lstm,3.5621722141901664,3.4874845290194076,0.07468768517075874
2014-02-19T11:00:00+09:30,lstm,4.049052913983666,3.9885335632127408,0.060519350770925406
2014-02-19T12:00:00+09:30,lstm,4.2576417128245,4.242264151573924,0.015377561250576655
2014-02-19T13:00:00+09:30,lstm,4.217827836672483,3.9495575886834757,0.26827024798900734
2014-02-19T14:00:00+09:30,lstm,3.7680749694506415,3.7551760857826677,0.01289888366797376
2014-02-19T15:00:00+09:30,lstm,3.358699977397908,3.223491730697605,0.13520824670030285
2014-02-19T16:00:00+09:30,lstm,2.501411219437925,2.3377341609740485,0.1636770584638767
2014-02-19T17:00:00+09:30,lstm,1.2767778163154782,1.1116108452058493,0.16516697110962886
2014-02-20T07:00:00+09:30,lstm,0.3712666699041911,0.40589412746536213,-0.03462745756117103
2014-02-20T08:00:00+09:30,lstm,1.6813999613126,1.6273816652801476,0.05401829603245245
2014-02-20T09:00:00+09:30,lstm,2.736111124356592,2.713244229455204,0.022866894901387713
2014-02-20T10:00:00+09:30,lstm,3.649983187516533,3.483269589796599,0.1667135977199341
2014-02-20T11:00:00+09:30,lstm,4.150172412395475,4.016769992021044,0.13340242037443062
2014-02-20T12:00:00+09:30,lstm,4.364222049713125,4.298629125202051,0.06559292451107357
2014-02-20T13:00:00+09:30,lstm,4.304394483566275,4.080515180382992,0.22387930318328308
2014-02-20T14:00:00+09:30,lstm,4.032977859179167,3.9274132126459365,0.10556464653323028
2014-02-20T15:00:00+09:30,lstm,3.4450333913167417,3.361945902565055,0.08308748875168659
2014-02-20T16:00:00+09:30,lstm,2.559405465920767,2.438657935906276,0.12074753001449068
2014-02-20T17:00:00+09:30,lstm,1.2971721986929465,1.1771890648020649,0.11998313389088167
2014-02-21T07:00:00+09:30,lstm,0.37202222614238756,0.42265893457271186,-0.050636708430324306
2014-02-21T08:00:00+09:30,lstm,1.6930722296238085,1.6570706264679143,0.03600160315589429
2014-02-21T09:00:00+09:30,lstm,2.8645276824633417,2.782078624456025,0.08244905800731672
2014-02-21T10:00:00+09:30,lstm,3.682311157385508,3.555062482663848,0.12724867472166013
2014-02-21T11:00:00+09:30,lstm,4.168961127599075,4.0810206745428435,0.08794045305623133
2014-02-21T12:00:00+09:30,lstm,4.390966693560292,4.367316282306648,0.023650411253643533
2014-02-21T13:00:00+09:30,lstm,4.370549996693925,4.136248795198045,0.23430120149587985
2014-02-21T14:00:00+09:30,lstm,4.038105626900983,3.998835805596758,0.039269821304225516
2014-02-21T15:00:00+09:30,lstm,3.463472386201225,3.4268238728060245,0.03664851339520059
2014-02-21T16:00:00+09:30,lstm,2.562838832537342,2.4755929353579162,0.08724589717942566
2014-02-21T17:00:00+09:30,lstm,1.281488897899784,1.1919134693293696,0.08957542857041445
2014-02-22T07:00:00+09:30,lstm,0.3767000064253805,0.4157626711268295,-0.039062664701449035
2014-02-22T08:00:00+09:30,lstm,1.7108778357505834,1.6262437521265172,0.08463408362406621
2014-02-22T09:00:00+09:30,lstm,2.876111129919708,2.7364932289722557,0.13961790094745252
2014-02-22T10:00:00+09:30,lstm,3.683127820491775,3.5254135538994786,0.15771426659229615
2014-02-22T11:00:00+09:30,lstm,4.1912389198939,4.069664358095299,0.12157456179860127
2014-02-22T12:00:00+09:30,lstm,4.426430026690174,4.364043122807159,0.0623869038830156
2014-02-22T13:00:00+09:30,lstm,4.397744615872708,4.1249477777760415,0.2727968380966663
2014-02-22T14:00:00+09:30,lstm,4.068844437599183,4.017548249472519,0.051296188126664255
2014-02-22T15:00:00+09:30,lstm,3.4033499956131,3.451250266606138,-0.04790027099303806
2014-02-22T16:00:00+09:30,lstm,2.543683330218008,2.4974643784749184,0.046218951743089765
2014-02-22T17:00:00+09:30,lstm,1.2690055395166033,1.2109677260660312,0.05803781345057213
2014-02-23T07:00:00+09:30,lstm,0.307038892060517,0.4382975329214077,-0.13125864086089073
2014-02-23T08:00:00+09:30,lstm,1.5155471960703633,1.687176874780927,-0.17162967871056378
2014-02-23T09:00:00+09:30,lstm,2.656061053276067,2.814366809473118,-0.15830575619705112
2014-02-23T10:00:00+09:30,lstm,3.004822115103417,3.5982790103817397,-0.5934568952783228
2014-02-23T11:00:00+09:30,lstm,2.7205444574356084,4.151100145762893,-1.4305556883272845
2014-02-23T12:00:00+09:30,lstm,1.8939305146535332,4.43132541325676,-2.5373948986032264
2014-02-23T13:00:00+09:30,lstm,2.46770002444585,4.03489382356973,-1.56719379912388
2014-02-23T14:00:00+09:30,lstm,2.3883722027142835,3.8329594237019724,-1.4445872209876889
2014-02-23T15:00:00+09:30,lstm,1.9709555308024251,3.277076995333293,-1.306121464530868
2014-02-23T16:00:00+09:30,lstm,0.9724888155857766,2.2449663986078816,-1.2724775830221051
2014-02-23T17:00:00+09:30,lstm,0.7932610933979326,0.8236335257997143,-0.030372432401781668
2014-02-24T07:00:00+09:30,lstm,0.050216665801902004,0.33792042956758916,-0.2877037637656872
2014-02-24T08:00:00+09:30,lstm,0.4441833409170292,1.0631046253769825,-0.6189212844599532
2014-02-24T09:00:00+09:30,lstm,2.1329166392485335,2.0870569778559505,0.04585966139258302
2014-02-24T10:00:00+09:30,lstm,2.360716725389157,2.767435408567062,-0.40671868317790505
2014-02-24T11:00:00+09:30,lstm,2.1858556121587758,3.216967463457278,-1.031111851298502
2014-02-24T12:00:00+09:30,lstm,3.7680943608284,3.445127341373262,0.32296701945513817
2014-02-24T13:00:00+09:30,lstm,3.7929278214772584,2.8569928589458957,0.9359349625313627
2014-02-24T14:00:00+09:30,lstm,3.060677717129392,2.386259225514936,0.674418491614456
2014-02-24T15:00:00+09:30,lstm,2.3663610021273165,2.252060958252712,0.11430004387460446
2014-02-24T16:00:00+09:30,lstm,2.0075332572062803,1.5710239856952652,0.43650927151101504
2014-02-24T17:00:00+09:30,lstm,0.6670277689894007,0.678661214536408,-0.011633445547007293
2014-02-25T07:00:00+09:30,lstm,0.12330000785489985,0.30613761148866225,-0.1828376036337624
2014-02-25T08:00:00+09:30,lstm,0.3847833822170892,1.1730929718362177,-0.7883095896191286
2014-02-25T09:00:00+09:30,lstm,0.5870777716239283,2.2199762431164047,-1.6328984714924766
2014-02-25T10:00:00+09:30,lstm,0.9774610946575774,2.865247001837954,-1.8877859071803766
2014-02-25T11:00:00+09:30,lstm,1.0428555707136817,3.2515600572534216,-2.20870448653974
2014-02-25T12:00:00+09:30,lstm,1.0654333581527158,3.4131078485538886,-2.3476744904011726
2014-02-25T13:00:00+09:30,lstm,1.0265777657429325,2.9016045844707574,-1.875026818727825
2014-02-25T14:00:00+09:30,lstm,1.0137388755877859,2.309682288422765,-1.295943412834979
2014-02-25T15:00:00+09:30,lstm,0.7263999829689659,1.604881280562076,-0.8784812975931101
2014-02-25T16:00:00+09:30,lstm,0.7003722041845317,1.0087642483598225,-0.30839204417529076
2014-02-25T17:00:00+09:30,lstm,0.39194443821907,0.4942710878334773,-0.1023266496144073
2014-02-26T07:00:00+09:30,lstm,0.011927774796883242,0.26085033881896624,-0.24892256402208301
2014-02-26T08:00:00+09:30,lstm,0.1989944453040753,0.6787833897607813,-0.47978894445670606
2014-02-26T09:00:00+09:30,lstm,0.8389444276690425,1.2996549589190916,-0.460710531250049
2014-02-26T10:00:00+09:30,lstm,1.0360333422819743,1.9212532819502577,-0.8852199396682834
2014-02-26T11:00:00+09:30,lstm,1.2953500375151543,2.395689236029842,-1.1003391985146875
2014-02-26T12:00:00+09:30,lstm,1.6646055380503333,2.7034549449031964,-1.038849406852863
2014-02-26T13:00:00+09:30,lstm,2.03693333268165,2.3208509952928615,-0.28391766261121143
2014-02-26T14:00:00+09:30,lstm,2.1656277875105414,1.9416422531847046,0.2239855343258368
2014-02-26T15:00:00+09:30,lstm,1.9699778159459418,1.5544155764454264,0.4155622395005154
2014-02-26T16:00:00+09:30,lstm,1.1257055600484325,1.0589434214131757,0.06676213863525682
2014-02-26T17:00:00+09:30,lstm,0.457422201832135,0.5362803665796718,-0.07885816474753682
2014-02-27T07:00:00+09:30,lstm,0.38049166835844583,0.2868679366346767,0.09362373172376914
2014-02-27T08:00:00+09:30,lstm,1.613699952761345,0.9639114682229786,0.6497884845383664
2014-02-27T09:00:00+09:30,lstm,2.748244404792775,1.9047477950432006,0.8434966097495744
2014-02-27T10:00:00+09:30,lstm,3.5744889974593996,2.605521388444072,0.9689676090153276
2014-02-27T11:00:00+09:30,lstm,4.056941787401834,3.0632281998952022,0.9937135875066314
2014-02-27T12:00:00+09:30,lstm,4.20441377162935,3.307733350210197,0.8966804214191533
2014-02-27T13:00:00+09:30,lstm,4.1263835430145335,3.3347940810245658,0.7915894619899677
2014-02-27T14:00:00+09:30,lstm,3.8326194485028586,3.2878340128322634,0.5447854356705952
2014-02-27T15:00:00+09:30,lstm,3.2045693993568416,2.8015847620143166,0.402984637342525
2014-02-27T16:00:00+09:30,lstm,2.2297138373056917,1.9748164948272944,0.25489734247839735
2014-02-27T17:00:00+09:30,lstm,1.0911333262920409,0.9077077851863118,0.18342554110572906
2014-02-28T07:00:00+09:30,lstm,0.31421666840712253,0.3808766617189402,-0.06665999331181766
2014-02-28T08:00:00+09:30,lstm,1.5998333891232859,1.602063023399224,-0.0022296342759380305
2014-02-28T09:00:00+09:30,lstm,2.7341028253237254,2.6901148183216073,0.043988007002118135
2014-02-28T10:00:00+09:30,lstm,3.508794486522675,3.4383023220707143,0.07049216445196071
2014-02-28T11:00:00+09:30,lstm,3.9513527750969,3.9360843034054156,0.015268471691484375
2014-02-28T12:00:00+09:30,lstm,4.086938937505091,4.177677603804975,-0.0907386662998837
2014-02-28T13:00:00+09:30,lstm,3.0294415950775075,3.806585689984045,-0.7771440949065376
2014-02-28T14:00:00+09:30,lstm,2.8876944283644264,3.6643833976615414,-0.7766889692971151
2014-02-28T15:00:00+09:30,lstm,2.6074805756409916,3.135213112691629,-0.5277325370506376
2014-02-28T16:00:00+09:30,lstm,1.5116360684235908,2.2020016850108957,-0.6903656165873049
2014-02-28T17:00:00+09:30,lstm,0.4888333491981,0.9453178706041792,-0.45648452140607915
2014-03-01T07:00:00+09:30,lstm,0.2968694446608414,0.25906490969832585,0.03780453496251557
2014-03-01T08:00:00+09:30,lstm,1.5818860729535391,1.1468555985604885,0.43503047439305065
2014-03-01T09:00:00+09:30,lstm,2.68981953461965,2.1676636193982604,0.5221559152213895
2014-03-01T10:00:00+09:30,lstm,3.390075008074442,2.850853140450662,0.5392218676237799
2014-03-01T11:00:00+09:30,lstm,3.658022224903091,3.2471883809152766,0.41083384398781453
2014-03-01T12:00:00+09:30,lstm,2.9128555059432966,3.3882528024913783,-0.4753972965480817
2014-03-01T13:00:00+09:30,lstm,3.4783831536769916,3.12728228250718,0.3511008711698116
2014-03-01T14:00:00+09:30,lstm,2.109844421346985,3.175044695456561,-1.0652002741095759
2014-03-01T15:00:00+09:30,lstm,2.321594397226974,2.682272364800675,-0.3606779675737011
2014-03-01T16:00:00+09:30,lstm,1.8673500418663043,1.79270798301827,0.07464205884803432
2014-03-01T17:00:00+09:30,lstm,1.210294435421615,0.676963165509423,0.5333312699121919
2014-03-02T07:00:00+09:30,lstm,0.3350305621279405,0.2780386669141036,0.05699189521383691
2014-03-02T08:00:00+09:30,lstm,1.6585444509983,1.4602537188602214,0.19829073213807868
2014-03-02T09:00:00+09:30,lstm,2.75992224613825,2.585663440520838,0.17425880561741236
2014-03-02T10:00:00+09:30,lstm,3.5190693736076413,3.3484671891617883,0.17060218444585296
2014-03-02T11:00:00+09:30,lstm,3.98058889309565,3.8341778681819076,0.14641102491374225
2014-03-02T12:00:00+09:30,lstm,4.260880351066592,4.066528937272922,0.19435141379366971
2014-03-02T13:00:00+09:30,lstm,4.236969391504917,3.7362146266630605,0.5007547648418562
2014-03-02T14:00:00+09:30,lstm,3.9223833878835084,3.60409015767307,0.3182932302104384
2014-03-02T15:00:00+09:30,lstm,3.1959249774614835,3.0691433297100184,0.12678164775146517
2014-03-02T16:00:00+09:30,lstm,2.435266663630817,2.1189936069514697,0.31627305667934724
2014-03-02T17:00:00+09:30,lstm,1.0163222352663575,0.880920962658728,0.13540127260762946
2014-03-03T07:00:00+09:30,lstm,0.3251027725636964,0.43153328317683537,-0.10643051061313896
2014-03-03T08:00:00+09:30,lstm,1.6434055765469833,1.6565467699782637,-0.013141193431280396
2014-03-03T09:00:00+09:30,lstm,2.7284500400225418,2.7666824258235794,-0.038232385801037605
2014-03-03T10:00:00+09:30,lstm,3.5995193322499497,3.5222526887401977,0.07726664350975199
2014-03-03T11:00:00+09:30,lstm,4.005174914995825,4.02808559752954,-0.02291068253371531
2014-03-03T12:00:00+09:30,lstm,4.0323473612467415,4.274865132306038,-0.24251777105929673
2014-03-03T13:00:00+09:30,lstm,3.797008325656259,3.94573652779596,-0.14872820213970117
2014-03-03T14:00:00+09:30,lstm,3.637863894303633,3.7501303041454466,-0.11226640984181335
2014-03-03T15:00:00+09:30,lstm,3.0471999148527833,3.1456415589866964,-0.0984416441339131
2014-03-03T16:00:00+09:30,lstm,2.188505552709096,2.2119351541386996,-0.023429601429603597
2014-03-03T17:00:00+09:30,lstm,0.9694833060105666,0.924496881033599,0.0449864249769677
2014-03-04T07:00:00+09:30,lstm,0.2796250047783036,0.3126052650793759,-0.03298026030107232
2014-03-04T08:00:00+09:30,lstm,1.5834666738907341,1.4822712124710598,0.10119546141967439
2014-03-04T09:00:00+09:30,lstm,2.6069054802258833,2.538972234155167,0.06793324607071627
2014-03-04T10:00:00+09:30,lstm,3.5073194503784335,3.3021286413056243,0.20519080907280918
2014-03-04T11:00:00+09:30,lstm,3.450083315372456,3.8108647489358547,-0.36078143356339876
2014-03-04T12:00:00+09:30,lstm,4.2947330872217915,4.062688877947185,0.23204420927460667
2014-03-04T13:00:00+09:30,lstm,2.5145193437735216,3.6771274482438976,-1.162608104470376
2014-03-04T14:00:00+09:30,lstm,3.0402277857065236,3.5415456027552232,-0.5013178170486996
2014-03-04T15:00:00+09:30,lstm,2.7926611403624335,3.0060664792641143,-0.21340533890168079
2014-03-04T16:00:00+09:30,lstm,2.02645278722047,2.1463005541326248,-0.11984776691215471
2014-03-04T17:00:00+09:30,lstm,0.9080583794663442,0.8113503993803964,0.09670798008594772
2014-03-05T07:00:00+09:30,lstm,0.2769666736324629,0.27193465530499394,0.005032018327468968
2014-03-05T08:00:00+09:30,lstm,1.5563444544871785,1.2883127640785292,0.26803169040864927
2014-03-05T09:00:00+09:30,lstm,2.5335583289464334,2.32940936763985,0.20414896130658322
2014-03-05T10:00:00+09:30,lstm,2.3053694268067666,3.069827952001682,-0.7644585251949154
2014-03-05T11:00:00+09:30,lstm,1.9460805952548916,3.5298998993826096,-1.583819304127718
2014-03-05T12:00:00+09:30,lstm,1.5920972128709083,3.751070217950726,-2.1589730050798175
2014-03-05T13:00:00+09:30,lstm,1.6250555266936682,3.4561262497017444,-1.8310707230080763
2014-03-05T14:00:00+09:30,lstm,1.8807361523310335,3.3214300367662855,-1.440693884435252
2014-03-05T15:00:00+09:30,lstm,1.5559833546479502,2.7312352415652454,-1.1752518869172952
2014-03-05T16:00:00+09:30,lstm,0.9278583029905983,1.5588747813025252,-0.6310164783119269
2014-03-05T17:00:00+09:30,lstm,0.5440889025727916,0.5427424648234944,0.0013464377492972135
2014-03-06T07:00:00+09:30,lstm,0.16891475766897301,0.2598059336034627,-0.0908911759344897
2014-03-06T08:00:00+09:30,lstm,0.7167888805270176,0.9833468917282877,-0.2665580112012701
2014-03-06T09:00:00+09:30,lstm,2.0791222155094085,1.9410208176630226,0.13810139784638586
2014-03-06T10:00:00+09:30,lstm,2.7925833761692,2.5985146965760215,0.1940686795931783
2014-03-06T11:00:00+09:30,lstm,2.7055944601694666,3.03232520457923,-0.3267307444097636
2014-03-06T12:00:00+09:30,lstm,2.684450060129167,3.2597534729947326,-0.5753034128655656
2014-03-06T13:00:00+09:30,lstm,4.2708000143369,2.864834125064438,1.405965889272462
2014-03-06T14:00:00+09:30,lstm,3.609711031119025,2.40808902473387,1.201622006385155
2014-03-06T15:00:00+09:30,lstm,1.7941333552201748,2.1520554694393947,-0.35792211421921993
2014-03-06T16:00:00+09:30,lstm,1.4163388361533473,1.5302767884667985,-0.11393795231345116
2014-03-06T17:00:00+09:30,lstm,0.8729666297634434,0.6073294790719524,0.26563715069149096
2014-03-07T07:00:00+09:30,lstm,0.28249998763203615,0.2347906730329059,0.04770931459913025
2014-03-07T08:00:00+09:30,lstm,1.4929888596137542,1.2914601861464787,0.20152867346727543
2014-03-07T09:00:00+09:30,lstm,2.612294395764683,2.3488217852238744,0.2634726105408087
2014-03-07T10:00:00+09:30,lstm,3.1813833018144,3.0545250492712226,0.1268582525431774
2014-03-07T11:00:00+09:30,lstm,3.620166738828033,3.4800622463152378,0.14010449251279544
2014-03-07T12:00:00+09:30,lstm,3.9753498037656083,3.6743781028268305,0.3009717009387778
2014-03-07T13:00:00+09:30,lstm,2.247411111990617,3.369855359506504,-1.1224442475158871
2014-03-07T14:00:00+09:30,lstm,3.1446998715400674,3.1886714949006163,-0.04397162336054894
2014-03-07T15:00:00+09:30,lstm,1.8005500435829251,2.692966619601946,-0.8924165760190208
2014-03-07T16:00:00+09:30,lstm,1.3775444179773324,1.8090005856398867,-0.43145616766255435
2014-03-07T17:00:00+09:30,lstm,0.9636777987082751,0.6890856321447985,0.2745921665634766
2014-03-08T07:00:00+09:30,lstm,0.30624999074886355,0.21292465804111005,0.0933253327077535
2014-03-08T08:00:00+09:30,lstm,0.2867166772484783,1.1306857860680535,-0.8439691088195751
2014-03-08T09:00:00+09:30,lstm,0.3629388896127533,2.14559388008231,-1.7826549904695568
2014-03-08T10:00:00+09:30,lstm,0.7468333293994266,2.803654743636014,-2.0568214142365875
2014-03-08T11:00:00+09:30,lstm,0.9962832679351167,3.1833436203815726,-2.187060352446456
2014-03-08T12:00:00+09:30,lstm,1.8075389166672833,3.337688968048731,-1.5301500513814477
2014-03-08T13:00:00+09:30,lstm,1.3531221747398166,3.158319963179837,-1.8051977884400203
2014-03-08T14:00:00+09:30,lstm,1.8342777192592667,2.331802237896875,-0.49752451863760805
2014-03-08T15:00:00+09:30,lstm,1.8954444825649333,1.5023197384777147,0.39312474408721854
2014-03-08T16:00:00+09:30,lstm,2.0736388862133,0.9127404735918335,1.1608984126214663
2014-03-08T17:00:00+09:30,lstm,0.864155558248365,0.4221766371666732,0.4419789210816918
2014-03-09T07:00:00+09:30,lstm,0.22042222150290958,0.2699577999563699,-0.04953557845346035
2014-03-09T08:00:00+09:30,lstm,1.576277757684391,1.028707296988198,0.5475704606961929
2014-03-09T09:00:00+09:30,lstm,2.6583805084228413,2.0290278597797635,0.6293526486430778
2014-03-09T10:00:00+09:30,lstm,3.381233195463825,2.734961819148386,0.6462713763154389
2014-03-09T11:00:00+09:30,lstm,3.8152805169423414,3.1945091043023277,0.6207714126400137
2014-03-09T12:00:00+09:30,lstm,3.9429083863894085,3.4457904207930126,0.497117965596396
2014-03-09T13:00:00+09:30,lstm,3.3786085446675647,3.1892185481440785,0.1893899965234862
2014-03-09T14:00:00+09:30,lstm,3.1058527032534236,3.206697450566674,-0.10084474731325033
2014-03-09T15:00:00+09:30,lstm,3.036663800477975,2.7088150489156533,0.3278487515623216
2014-03-09T16:00:00+09:30,lstm,2.4059195220470415,1.8284886577189756,0.5774308643280659
2014-03-09T17:00:00+09:30,lstm,0.6069833294798975,0.7018791083515932,-0.09489577887169565
2014-03-10T07:00:00+09:30,lstm,0.29121109439680953,0.30748175099290953,-0.016270656596099997
2014-03-10T08:00:00+09:30,lstm,1.5861221551895193,1.5025206215175815,0.08360153367193779
2014-03-10T09:00:00+09:30,lstm,2.6364111900329585,2.630537242715824,0.005873947317134753
2014-03-10T10:00:00+09:30,lstm,3.0356500744819748,3.364996169673255,-0.32934609519128033
2014-03-10T11:00:00+09:30,lstm,3.6621278723080835,3.834473361747834,-0.17234548943975048
2014-03-10T12:00:00+09:30,lstm,3.6490500271320414,4.014507142325606,-0.36545711519356416
2014-03-10T13:00:00+09:30,lstm,3.8370445619026725,3.7463209476529076,0.09072361424976494
2014-03-10T14:00:00+09:30,lstm,2.9971444805463108,3.547136062831129,-0.549991582284818
2014-03-10T15:00:00+09:30,lstm,2.61748889088631,2.8763247876108426,-0.2588358967245328
2014-03-10T16:00:00+09:30,lstm,1.7060500284035969,1.778364077345769,-0.07231404894217208
2014-03-10T17:00:00+09:30,lstm,0.5069555814067483,0.644253537458723,-0.1372979560519747
2014-03-11T07:00:00+09:30,lstm,0.2645499883219586,0.25146756995624797,0.013082418365710613
2014-03-11T08:00:00+09:30,lstm,1.5713277459144617,1.4016269557173584,0.16970079019710327
2014-03-11T09:00:00+09:30,lstm,2.6484167377154084,2.4835183374171588,0.16489840029824965
2014-03-11T10:00:00+09:30,lstm,3.412977794806167,3.2372764546593857,0.17570134014678107
2014-03-11T11:00:00+09:30,lstm,3.878938913345325,3.7240878556940253,0.15485105765129958
2014-03-11T12:00:00+09:30,lstm,4.070488890012109,3.945019676010883,0.12546921400122546
2014-03-11T13:00:00+09:30,lstm,4.047605693340292,3.616356363608346,0.43124932973194596
2014-03-11T14:00:00+09:30,lstm,3.775305688381175,3.4568760094958857,0.3184296788852894
2014-03-11T15:00:00+09:30,lstm,3.237494488557175,2.9027631499445095,0.3347313386126656
2014-03-11T16:00:00+09:30,lstm,2.3697388668854997,1.9741323814223688,0.39560648546313093
2014-03-11T17:00:00+09:30,lstm,0.7589278059701176,0.7606913607104953,-0.001763554740377704
2014-03-12T07:00:00+09:30,lstm,0.261483327175181,0.3652054098045493,-0.10372208262936827
2014-03-12T08:00:00+09:30,lstm,1.5787221888701073,1.5724750762289708,0.006247112641136532
2014-03-12T09:00:00+09:30,lstm,2.66481109460195,2.663742950521719,0.001068144080230926
2014-03-12T10:00:00+09:30,lstm,3.4256056149800664,3.415424979501392,0.010180635478674649
2014-03-12T11:00:00+09:30,lstm,3.8712721268336083,3.936306178023229,-0.0650340511896208
2014-03-12T12:00:00+09:30,lstm,3.986410836378733,4.166702273895359,-0.18029143751662557
2014-03-12T13:00:00+09:30,lstm,4.084416707356767,3.8556835913631256,0.22873311599364143
2014-03-12T14:00:00+09:30,lstm,3.7882887522379582,3.6266446964215215,0.1616440558164367
2014-03-12T15:00:00+09:30,lstm,3.211961209774025,3.051645937735939,0.16031527203808604
2014-03-12T16:00:00+09:30,lstm,2.312855571508408,2.112134831495294,0.2007207400131139
2014-03-12T17:00:00+09:30,lstm,0.7165833401183234,0.8228105711297427,-0.10622723101141929
2014-03-13T07:00:00+09:30,lstm,0.257749992888421,0.3452879645401846,-0.08753797165176364
2014-03-13T08:00:00+09:30,lstm,1.5666210850079876,1.562306374206478,0.00431471080150958
2014-03-13T09:00:00+09:30,lstm,2.626188913981108,2.658420504127882,-0.032231590146774014
2014-03-13T10:00:00+09:30,lstm,3.384730597337075,3.4078500307757906,-0.023119433438715475
2014-03-13T11:00:00+09:30,lstm,3.8363278309504167,3.9226340876594827,-0.086306256709066
2014-03-13T12:00:00+09:30,lstm,4.025914231936125,4.1561116623597485,-0.13019743042362375
2014-03-13T13:00:00+09:30,lstm,3.9713083306948334,3.831949453155747,0.13935887753908638
2014-03-13T14:00:00+09:30,lstm,3.716130614280692,3.5946075621952267,0.1215230520854651
2014-03-13T15:00:00+09:30,lstm,3.2169166405995835,2.985822286306658,0.23109435429292535
2014-03-13T16:00:00+09:30,lstm,1.6937139108777084,2.047812735201248,-0.35409882432353945
2014-03-13T17:00:00+09:30,lstm,0.6958527838190475,0.7949760356228576,-0.0991232518038101
2014-03-14T07:00:00+09:30,lstm,0.2467777874941631,0.3391499847413064,-0.09237219724714332
2014-03-14T08:00:00+09:30,lstm,1.5545472304026315,1.5367072933256305,0.017839937077001045
2014-03-14T09:00:00+09:30,lstm,2.6121138532956665,2.610596855141016,0.0015169981546505618
2014-03-14T10:00:00+09:30,lstm,3.3432083725929167,3.3525180972260147,-0.009309724633097982
2014-03-14T11:00:00+09:30,lstm,3.7503832777341084,3.8674571949359158,-0.11707391720180738
2014-03-14T12:00:00+09:30,lstm,3.9424750208854835,4.109390770934356,-0.16691575004887227
2014-03-14T13:00:00+09:30,lstm,3.9042139252026917,3.7378408590491308,0.16637306615356096
2014-03-14T14:00:00+09:30,lstm,3.5221583445866833,3.490407065556343,0.031751279030340473
2014-03-14T15:00:00+09:30,lstm,3.0961555639902834,2.8774087163630053,0.21874684762727803
2014-03-14T16:00:00+09:30,lstm,2.1056444247563664,1.9556497847233185,0.14999464003304785
2014-03-14T17:00:00+09:30,lstm,0.6343083418905758,0.7658818570138646,-0.13157351512328874
2014-03-15T07:00:00+09:30,lstm,0.23696944034114983,0.3179401367910685,-0.08097069644991864
2014-03-15T08:00:00+09:30,lstm,1.5246777534484799,1.4505967872673493,0.07408096618113058
2014-03-15T09:00:00+09:30,lstm,2.6243443687756915,2.531505847933695,0.09283852084199662
2014-03-15T10:00:00+09:30,lstm,3.3598361412684166,3.274478789277443,0.08535735199097338
2014-03-15T11:00:00+09:30,lstm,3.7625191013018333,3.7690468116031877,-0.00652771030135435
2014-03-15T12:00:00+09:30,lstm,3.9136639038721834,4.014270001105649,-0.10060609723346525
2014-03-15T13:00:00+09:30,lstm,3.8882470925649084,3.7321910288537796,0.1560560637111288
2014-03-15T14:00:00+09:30,lstm,3.3183165788650584,3.4814681307437083,-0.16315155187864994
2014-03-15T15:00:00+09:30,lstm,2.099900022149088,2.8848801914518587,-0.7849801693027705
2014-03-15T16:00:00+09:30,lstm,2.018252730369571,1.9459726248826068,0.07228010548696417
2014-03-15T17:00:00+09:30,lstm,0.7199805850784008,0.7234456434980143,-0.0034650584196135314
2014-03-16T07:00:00+09:30,lstm,0.3163611047590764,0.22538415612240936,0.09097694863666705
2014-03-16T08:00:00+09:30,lstm,1.4881888777017533,1.2843027577858783,0.20388611991587502
2014-03-16T09:00:00+09:30,lstm,2.6250499288241,2.3653763797011584,0.2596735491229416
2014-03-16T10:00:00+09:30,lstm,3.3783886830011913,3.0996181816503316,0.2787705013508597
2014-03-16T11:00:00+09:30,lstm,3.8190445502598998,3.567483050909682,0.25156149935021777
2014-03-16T12:00:00+09:30,lstm,4.041094303131125,3.787027476349554,0.25406682678157066
2014-03-16T13:00:00+09:30,lstm,3.9581779638926164,3.5575955512172204,0.40058241267539607
2014-03-16T14:00:00+09:30,lstm,3.6314055720965084,3.363454073227885,0.26795149886862335
2014-03-16T15:00:00+09:30,lstm,3.0485221743583835,2.789799114788724,0.25872305956965924
2014-03-16T16:00:00+09:30,lstm,2.206455548604333,1.8519889624701946,0.3544665861341385
2014-03-16T17:00:00+09:30,lstm,0.5432166494429058,0.6491340581277444,-0.10591740868483857
2014-03-17T07:00:00+09:30,lstm,0.26150000281631924,0.28534611084437456,-0.023846108028055313
2014-03-17T08:00:00+09:30,lstm,1.5422111004590917,1.460940037441012,0.08127106301807974
2014-03-17T09:00:00+09:30,lstm,2.6577388644218503,2.5225496109719643,0.13518925344988597
2014-03-17T10:00:00+09:30,lstm,3.397516787052158,3.2508216625964317,0.1466951244557264
2014-03-17T11:00:00+09:30,lstm,3.6874111890792833,3.7475896022910025,-0.06017841321171913
2014-03-17T12:00:00+09:30,lstm,4.014805793762217,3.985401534968619,0.02940425879359765
2014-03-17T13:00:00+09:30,lstm,3.909983555475883,3.726876215761014,0.18310733971486925
2014-03-17T14:00:00+09:30,lstm,3.6162944038708917,3.553007258757556,0.06328714511333589
2014-03-17T15:00:00+09:30,lstm,3.05396113793055,3.019191177126573,0.03476996080397665
2014-03-17T16:00:00+09:30,lstm,2.1464611291885416,2.0758545996466826,0.07060652954185898
2014-03-17T17:00:00+09:30,lstm,0.48292779798309243,0.7832591941249798,-0.30033139614188736
2014-03-18T07:00:00+09:30,lstm,0.22803888532022598,0.24332275289842575,-0.015283867578199772
2014-03-18T08:00:00+09:30,lstm,1.4983166803916335,1.3793904287729943,0.11892625161863912
2014-03-18T09:00:00+09:30,lstm,2.617866714795425,2.4565831319981895,0.16128358279723543
2014-03-18T10:00:00+09:30,lstm,3.3682888746261583,3.2069569828031073,0.16133189182305108
2014-03-18T11:00:00+09:30,lstm,3.792794386545825,3.710622712603775,0.08217167394204994
2014-03-18T12:00:00+09:30,lstm,3.984822312990833,3.939594943382687,0.045227369608145995
2014-03-18T13:00:00+09:30,lstm,3.9112498958905504,3.645368675063346,0.26588122082720433
2014-03-18T14:00:00+09:30,lstm,3.614277819792433,3.4841340187357264,0.13014380105670664
2014-03-18T15:00:00+09:30,lstm,3.064461092154183,2.9432766409385014,0.12118445121568167
2014-03-18T16:00:00+09:30,lstm,2.186411112546917,1.992346116294787,0.1940649962521297
2014-03-18T17:00:00+09:30,lstm,0.48828891913096584,0.7149811395505918,-0.226692220419626
2014-03-19T07:00:00+09:30,lstm,0.20808888864121364,0.31168663970264054,-0.10359775106142691
2014-03-19T08:00:00+09:30,lstm,1.5406555533409134,1.5154596181278601,0.0251959352130533
2014-03-19T09:00:00+09:30,lstm,2.6790055235226915,2.6117174237383223,0.06728809978436923
2014-03-19T10:00:00+09:30,lstm,3.4463834762573082,3.3531815159035907,0.09320196035371753
2014-03-19T11:00:00+09:30,lstm,3.8911389311154747,3.861842986812232,0.02929594430324256
2014-03-19T12:00:00+09:30,lstm,4.149766484896342,4.090730233505881,0.0590362513904612
2014-03-19T13:00:00+09:30,lstm,4.112205545107517,3.721292201583791,0.39091334352372575
2014-03-19T14:00:00+09:30,lstm,3.7871278325716666,3.5718628694356367,0.21526496313602994
2014-03-19T15:00:00+09:30,lstm,3.204333345095325,3.0255568413335245,0.17877650376180032
2014-03-19T16:00:00+09:30,lstm,2.2722610831260748,2.079683378649726,0.1925777044763488
2014-03-19T17:00:00+09:30,lstm,0.5148500191668617,0.7826788300037855,-0.2678288108369238
2014-03-20T07:00:00+09:30,lstm,0.20484999287873532,0.31363020537714703,-0.10878021249841172
2014-03-20T08:00:00+09:30,lstm,1.5471023072799117,1.5208824424307883,0.02621986484912342
2014-03-20T09:00:00+09:30,lstm,2.6796694000562002,2.601637564858857,0.07803183519734302
2014-03-20T10:00:00+09:30,lstm,3.3898305098215666,3.355577015408762,0.034253494412804564
2014-03-20T11:00:00+09:30,lstm,3.826861143112183,3.87073442552931,-0.04387328241712707
2014-03-20T12:00:00+09:30,lstm,4.011864066123958,4.098079575777589,-0.08621550965363145
2014-03-20T13:00:00+09:30,lstm,3.7906834483146503,3.69591910882189,0.0947643394927602
2014-03-20T14:00:00+09:30,lstm,3.6509194374084495,3.5317071258185324,0.11921231158991707
2014-03-20T15:00:00+09:30,lstm,3.0834443370501248,3.004251280269295,0.07919305678082988
2014-03-20T16:00:00+09:30,lstm,2.198861082394925,2.0140630274723184,0.1847980549226067
2014-03-20T17:00:00+09:30,lstm,0.5060166896631259,0.7187240227129661,-0.21270733304984024
2014-03-21T07:00:00+09:30,lstm,0.20396944601088673,0.23459882273264043,-0.0306293767217537
2014-03-21T08:00:00+09:30,lstm,1.493013898531589,1.3693909739981494,0.1236229245334397
2014-03-21T09:00:00+09:30,lstm,2.608738879362733,2.452907273459946,0.1558316059027871
2014-03-21T10:00:00+09:30,lstm,3.3583388527234503,3.204803034869623,0.15353581785382753
2014-03-21T11:00:00+09:30,lstm,3.7904527982075913,3.7166184161521243,0.073834382055467
2014-03-21T12:00:00+09:30,lstm,3.9426972667376248,3.9382318054402172,0.004465461297407547
2014-03-21T13:00:00+09:30,lstm,2.8204610347747767,3.5570435787352896,-0.7365825439605129
2014-03-21T14:00:00+09:30,lstm,1.9105416635672166,3.3895845590849984,-1.479042895517782
2014-03-21T15:00:00+09:30,lstm,2.0079444746176334,2.8808718602447208,-0.8729273856270874
2014-03-21T16:00:00+09:30,lstm,1.5053889105717468,1.9326533626572795,-0.42726445208553265
2014-03-21T17:00:00+09:30,lstm,0.37324167042970663,0.6456508980343303,-0.27240922760462366
2014-03-22T07:00:00+09:30,lstm,0.1952694384381175,0.19024696870203717,0.005022469736080337
2014-03-22T08:00:00+09:30,lstm,1.524644444386164,1.2892793096231028,0.2353651347630612
2014-03-22T09:00:00+09:30,lstm,2.66297511259715,2.3866186691809506,0.2763564434161996
2014-03-22T10:00:00+09:30,lstm,3.3908555905024165,3.118075334012477,0.27278025648993953
2014-03-22T11:00:00+09:30,lstm,3.82989728450775,3.5961488104960333,0.23374847401171683
2014-03-22T12:00:00+09:30,lstm,3.986947377522792,3.792733623343922,0.19421375417887
2014-03-22T13:00:00+09:30,lstm,3.9570835431416835,3.3678379628477444,0.5892455802939391
2014-03-22T14:00:00+09:30,lstm,3.703002691268925,3.2800239584336577,0.4229787328352672
2014-03-22T15:00:00+09:30,lstm,3.1858556071917086,2.7365990774137816,0.44925652977792696
2014-03-22T16:00:00+09:30,lstm,2.0279138783613724,1.7647877425032426,0.26312613585812983
2014-03-22T17:00:00+09:30,lstm,0.35656666010618193,0.5385639958169166,-0.18199733571073468
2014-03-23T07:00:00+09:30,lstm,0.19579444204767468,0.21630934855070083,-0.020514906503026148
2014-03-23T08:00:00+09:30,lstm,1.4489944875240148,1.3626831682742786,0.08631131924973623
2014-03-23T09:00:00+09:30,lstm,2.6165388226509165,2.506237416210931,0.11030140643998543
2014-03-23T10:00:00+09:30,lstm,3.373333354790992,3.247206361580023,0.12612699321096876
2014-03-23T11:00:00+09:30,lstm,3.788777907689408,3.7281603066301647,0.06061760105924341
2014-03-23T12:00:00+09:30,lstm,3.9814334909121247,3.921520982734335,0.059912508177789814
2014-03-23T13:00:00+09:30,lstm,3.9694168766339417,3.5372529734903972,0.43216390314354447
2014-03-23T14:00:00+09:30,lstm,3.6452220082283002,3.382633675129226,0.26258833309907414
2014-03-23T15:00:00+09:30,lstm,2.9598332643509,2.7917690153519272,0.16806424899897277
2014-03-23T16:00:00+09:30,lstm,1.9363611042499482,1.7795035595668418,0.15685754468310642
2014-03-23T17:00:00+09:30,lstm,0.33458333835005755,0.5196518563036778,-0.18506851795362028
2014-03-24T07:00:00+09:30,lstm,0.1869055569016692,0.21514586383848067,-0.028240306936811455
2014-03-24T08:00:00+09:30,lstm,1.5737944145997282,1.3486302185942889,0.22516419600543935
2014-03-24T09:00:00+09:30,lstm,2.75081104040145,2.411811785666475,0.3389992547349747
2014-03-24T10:00:00+09:30,lstm,3.5380666851997415,3.1463502685839635,0.39171641661577805
2014-03-24T11:00:00+09:30,lstm,4.004133502642292,3.631038085260492,0.3730954173817995
2014-03-24T12:00:00+09:30,lstm,4.197233239809667,3.8625669630116426,0.3346662767980244
2014-03-24T13:00:00+09:30,lstm,4.131755669911708,3.542577455431187,0.5891782144805213
2014-03-24T14:00:00+09:30,lstm,3.7826999624570163,3.5120423852268647,0.2706575772301516
2014-03-24T15:00:00+09:30,lstm,3.178544402122492,2.999012291300507,0.17953211082198495
2014-03-24T16:00:00+09:30,lstm,2.188249985376992,2.0304301820010675,0.15781980337592438
2014-03-24T17:00:00+09:30,lstm,0.34332221622267894,0.7167319643730412,-0.37340974815036226
2014-03-25T07:00:00+09:30,lstm,0.20631962964762315,0.3863837915914812,-0.18006416194385802
2014-03-25T08:00:00+09:30,lstm,1.6357500205437292,1.6269609431694194,0.008789077374309784
2014-03-25T09:00:00+09:30,lstm,2.8648694952329,2.727853010674889,0.13701648455801108
2014-03-25T10:00:00+09:30,lstm,3.661222219467158,3.490926978173773,0.17029524129338514
2014-03-25T11:00:00+09:30,lstm,4.127597312132534,4.013487333302443,0.11410997883009077
2014-03-25T12:00:00+09:30,lstm,4.3548888762792,4.241459771269893,0.11342910500930703
2014-03-25T13:00:00+09:30,lstm,4.25144175688425,3.9390657011750583,0.3123760557091919
2014-03-25T14:00:00+09:30,lstm,3.8946557641029336,3.8102673159053198,0.08438844819761382
2014-03-25T15:00:00+09:30,lstm,3.2698332866032835,3.2249354423736083,0.04489784422967524
2014-03-25T16:00:00+09:30,lstm,2.261688898007075,2.2245830251275542,0.03710587287952061
2014-03-25T17:00:00+09:30,lstm,0.33124165547390333,0.8763836648909441,-0.5451420094170407
2014-03-26T07:00:00+09:30,lstm,0.20151667110621932,0.29182016792654264,-0.09030349682032332
2014-03-26T08:00:00+09:30,lstm,1.615338861942285,1.5287144637735888,0.08662439816869627
2014-03-26T09:00:00+09:30,lstm,2.7744888464609754,2.711646833984293,0.0628420124766822
2014-03-26T10:00:00+09:30,lstm,3.5984750787417084,3.500442990547419,0.09803208819428955
2014-03-26T11:00:00+09:30,lstm,4.108622113863617,3.9921754959684437,0.11644661789517308
2014-03-26T12:00:00+09:30,lstm,4.257769465446475,4.197221229352974,0.06054823609350102
2014-03-26T13:00:00+09:30,lstm,4.156222303708392,3.9335819376852417,0.22264036602315063
2014-03-26T14:00:00+09:30,lstm,3.792338748772933,3.710033930647788,0.08230481812514512
2014-03-26T15:00:00+09:30,lstm,3.1984667181968747,3.0155884286497043,0.18287828954717034
2014-03-26T16:00:00+09:30,lstm,2.17732776204745,1.9632733321324087,0.2140544299150413
2014-03-26T17:00:00+09:30,lstm,0.2997749956945585,0.653919374569512,-0.3541443788749535
2014-03-27T07:00:00+09:30,lstm,0.20005553867667977,0.2870245889355566,-0.08696905025887683
2014-03-27T08:00:00+09:30,lstm,1.6143638789653734,1.5370109714865945,0.07735290747877888
2014-03-27T09:00:00+09:30,lstm,2.7491748929023667,2.7280982940826553,0.021076598819711467
2014-03-27T10:00:00+09:30,lstm,3.538261234760283,3.5123969096544108,0.025864325105872332
2014-03-27T11:00:00+09:30,lstm,4.040508290131892,4.015707436511882,0.024800853620010166
2014-03-27T12:00:00+09:30,lstm,4.146013935406992,4.204338519272106,-0.0583245838651143
2014-03-27T13:00:00+09:30,lstm,3.9312776128451,3.9266468292183507,0.004630783626749402
2014-03-27T14:00:00+09:30,lstm,3.7239444454511084,3.6566223660187065,0.06732207943240187
2014-03-27T15:00:00+09:30,lstm,3.1461222966512086,2.957035750934464,0.18908654571674477
2014-03-27T16:00:00+09:30,lstm,2.1395443876584332,1.9014029673280946,0.2381414203303387
2014-03-27T17:00:00+09:30,lstm,0.26794444086650954,0.6087975749041563,-0.3408531340376468
2014-03-28T07:00:00+09:30,lstm,0.22306110655578457,0.3080681581441188,-0.08500705158833424
2014-03-28T08:00:00+09:30,lstm,1.567088862260179,1.5402331574978172,0.026855704762361876
2014-03-28T09:00:00+09:30,lstm,2.72823321819305,2.7104689308144936,0.01776428737855662
2014-03-28T10:00:00+09:30,lstm,3.4098498423894252,3.4927258927929734,-0.08287605040354817
2014-03-28T11:00:00+09:30,lstm,3.78625573714575,4.002675864922496,-0.21642012777674635
2014-03-28T12:00:00+09:30,lstm,3.9673999150594166,4.195024195675663,-0.22762428061624673
2014-03-28T13:00:00+09:30,lstm,3.9188333948453167,3.936926341328066,-0.018092946482749284
2014-03-28T14:00:00+09:30,lstm,3.6518332362175,3.616210143485597,0.03562309273190323
2014-03-28T15:00:00+09:30,lstm,3.0155722896258,2.9235016415535777,0.0920706480722222
2014-03-28T16:00:00+09:30,lstm,2.0493832826614375,1.8486024060425643,0.20078087661887323
2014-03-28T17:00:00+09:30,lstm,0.27432778539756847,0.5208543980730473,-0.24652661267547887
2014-03-29T07:00:00+09:30,lstm,0.19563333410769768,0.28239940218737924,-0.08676606807968157
2014-03-29T08:00:00+09:30,lstm,1.563544447223336,1.4938155625683343,0.06972888465500171
2014-03-29T09:00:00+09:30,lstm,2.653322160244,2.6582498574417044,-0.0049276971977043615
2014-03-29T10:00:00+09:30,lstm,3.2681332826614415,3.4374557041674207,-0.1693224215059792
2014-03-29T11:00:00+09:30,lstm,3.7461277445157335,3.92930525353821,-0.18317750902247631
2014-03-29T12:00:00+09:30,lstm,3.676405529181167,4.125573369206085,-0.4491678400249186
2014-03-29T13:00:00+09:30,lstm,3.6343833605448252,3.835152047027553,-0.2007686864827276
2014-03-29T14:00:00+09:30,lstm,3.4495555957158337,3.5710530610063995,-0.12149746529056582
2014-03-29T15:00:00+09:30,lstm,2.9851222236951167,2.828689257088162,0.1564329666069546
2014-03-29T16:00:00+09:30,lstm,1.615744436780605,1.7203708781918463,-0.10462644141124122
2014-03-29T17:00:00+09:30,lstm,0.4840000160038475,0.4539424923543298,0.030057523649517692
2014-03-30T07:00:00+09:30,lstm,0.23424721850703148,0.24458589459685798,-0.010338676089826498
2014-03-30T08:00:00+09:30,lstm,1.3420305624604234,1.3917765623495502,-0.04974599988912676
2014-03-30T09:00:00+09:30,lstm,2.500730574131,2.520335444774471,-0.01960487064347083
2014-03-30T10:00:00+09:30,lstm,3.247399946053825,3.273831485346574,-0.026431539292748774
2014-03-30T11:00:00+09:30,lstm,3.8034166495005084,3.762551381278019,0.04086526822248926
2014-03-30T12:00:00+09:30,lstm,3.9084556897481164,3.973377559120681,-0.06492186937256461
2014-03-30T13:00:00+09:30,lstm,3.41275268793105,3.6877730195472225,-0.27502033161617234
2014-03-30T14:00:00+09:30,lstm,2.4173305829366165,3.295327539679768,-0.8779969567431514
2014-03-30T15:00:00+09:30,lstm,1.795805623133975,2.6614287032657318,-0.8656230801317568
2014-03-30T16:00:00+09:30,lstm,1.6121305276950173,1.665226172554465,-0.05309564485944773
2014-03-30T17:00:00+09:30,lstm,0.48564999798933833,0.48528618358550046,0.0003638144038378699
2014-03-31T07:00:00+09:30,lstm,0.33313888280342124,0.18804747540549227,0.14509140739792897
2014-03-31T08:00:00+09:30,lstm,1.3968445062637282,1.2577889317896735,0.1390555744740547
2014-03-31T09:00:00+09:30,lstm,2.305722216765092,2.3281202727177748,-0.02239805595268285
2014-03-31T10:00:00+09:30,lstm,2.7685055732727086,3.032288225476261,-0.26378265220355246
2014-03-31T11:00:00+09:30,lstm,3.1716944972673997,3.460893331035397,-0.28919883376799715
2014-03-31T12:00:00+09:30,lstm,2.805805464585617,3.61682504829414,-0.8110195837085232
2014-03-31T13:00:00+09:30,lstm,3.1818667848904916,3.527899295986207,-0.34603251109571564
2014-03-31T14:00:00+09:30,lstm,2.7604388594627416,3.11003916427324,-0.3496003048104983
2014-03-31T15:00:00+09:30,lstm,1.7976166208585083,2.359444286995072,-0.5618276661365638
2014-03-31T16:00:00+09:30,lstm,1.6812389045953742,1.2947522592697345,0.3864866453256397
2014-03-31T17:00:00+09:30,lstm,0.5259499798218417,0.3592648780600558,0.16668510176178586
2014-04-01T08:00:00+09:30,lstm,1.4987666904926475,1.2589264844818644,0.23984020601078315
2014-04-01T09:00:00+09:30,lstm,2.5735222498575916,2.3579335718985517,0.2155886779590399
2014-04-01T10:00:00+09:30,lstm,3.261161088943467,3.0819654095922173,0.17919567935124947
2014-04-01T11:00:00+09:30,lstm,3.6404333511988334,3.519084359908758,0.12134899129007559
2014-04-01T12:00:00+09:30,lstm,3.808388789494842,3.667511354811758,0.1408774346830839
2014-04-01T13:00:00+09:30,lstm,3.7587113380432164,3.3837815539814775,0.37492978406173894
2014-04-01T14:00:00+09:30,lstm,3.530149857203167,3.12176374509026,0.4083861121129071
2014-04-01T15:00:00+09:30,lstm,3.0086389780044587,2.4313544782554537,0.577284499749005
2014-04-01T16:00:00+09:30,lstm,1.6343333025773383,1.4390129560406435,0.19532034653669483
2014-04-01T17:00:00+09:30,lstm,0.33450554683804584,0.37687829621042335,-0.042372749372377505
2014-04-02T08:00:00+09:30,lstm,1.4876500219106628,1.0923339982293985,0.3953160236812643
2014-04-02T09:00:00+09:30,lstm,2.5610666473706583,2.121339574814132,0.4397270725565261
2014-04-02T10:00:00+09:30,lstm,3.244027813275659,2.7744833202608996,0.4695444930147592
2014-04-02T11:00:00+09:30,lstm,3.6372831662496004,3.131388319968034,0.5058948462815662
2014-04-02T12:00:00+09:30,lstm,3.8595942656199083,3.2485851053824613,0.611009160237447
2014-04-02T13:00:00+09:30,lstm,3.377083390951142,2.9676475660841612,0.4094358248669807
2014-04-02T14:00:00+09:30,lstm,1.9796333660681984,2.7850902161721285,-0.8054568501039301
2014-04-02T15:00:00+09:30,lstm,2.32794445753097,2.1748926947708633,0.15305176276010668
2014-04-02T16:00:00+09:30,lstm,0.9718277553717258,1.2723191324155492,-0.30049137704382334
2014-04-02T17:00:00+09:30,lstm,0.41436110561092665,0.32295131413009825,0.0914097914808284
2014-04-03T08:00:00+09:30,lstm,1.47306043903033,1.0903580546361802,0.3827023843941497
2014-04-03T09:00:00+09:30,lstm,2.6243028044700667,2.063670409290698,0.5606323951793688
2014-04-03T10:00:00+09:30,lstm,3.406602799892433,2.6707445535223897,0.7358582463700434
2014-04-03T11:00:00+09:30,lstm,3.8256278634071417,3.01450568729993,0.8111221761072116
2014-04-03T12:00:00+09:30,lstm,3.980172197024025,3.1274444477477226,0.8527277492763026
2014-04-03T13:00:00+09:30,lstm,3.393919607003525,2.833918237951101,0.5600013690524239
2014-04-03T14:00:00+09:30,lstm,3.494930525620783,2.8010538235175604,0.6938767021032226
2014-04-03T15:00:00+09:30,lstm,2.8780473122994095,2.2965407124834925,0.581506599815917
2014-04-03T16:00:00+09:30,lstm,1.651083270708729,1.3989215441886813,0.25216172652004776
2014-04-03T17:00:00+09:30,lstm,0.22369444432357918,0.3979701248446492,-0.17427568052107004
2014-04-04T08:00:00+09:30,lstm,0.5442944467067717,1.0577239750624745,-0.5134295283557028
2014-04-04T09:00:00+09:30,lstm,1.5353722522656141,2.0882363228715084,-0.5528640706058943
2014-04-04T10:00:00+09:30,lstm,2.3718305428822832,2.7901780657796995,-0.4183475228974163
2014-04-04T11:00:00+09:30,lstm,3.9714889526367165,3.235017845686764,0.7364711069499523
2014-04-04T12:00:00+09:30,lstm,3.6476860642433167,3.4153206577200805,0.23236540652323612
2014-04-04T13:00:00+09:30,lstm,3.638219436009725,2.893880362301979,0.7443390737077462
2014-04-04T14:00:00+09:30,lstm,3.1270916759967786,2.412541529248917,0.7145501467478614
2014-04-04T15:00:00+09:30,lstm,2.2462861239910117,1.9640297922686014,0.28225633172241027
2014-04-04T16:00:00+09:30,lstm,1.4364250053962124,1.265616351948217,0.17080865344799534
2014-04-04T17:00:00+09:30,lstm,0.4181249948839325,0.5350639576466889,-0.1169389627627564
2014-04-05T08:00:00+09:30,lstm,0.4707694426178934,1.0238625892233708,-0.5530931466054774
2014-04-05T09:00:00+09:30,lstm,1.7203943928082743,2.0777588538206704,-0.35736446101239605
2014-04-05T10:00:00+09:30,lstm,2.7888277669747663,2.794604023369909,-0.005776256395142898
2014-04-05T11:00:00+09:30,lstm,3.3730082511901833,3.251002826275197,0.12200542491498645
2014-04-05T12:00:00+09:30,lstm,2.275713811318092,3.459357001973059,-1.183643190654967
2014-04-05T13:00:00+09:30,lstm,2.7356444696585505,2.9732746660052105,-0.23763019634666005
2014-04-05T14:00:00+09:30,lstm,3.43459447224935,2.3657503266392093,1.0688441456101407
2014-04-05T15:00:00+09:30,lstm,2.1805777748425834,1.972109895896228,0.20846787894635543
2014-04-05T16:00:00+09:30,lstm,1.7176694422960217,1.385755372057067,0.3319140702389547
2014-04-05T17:00:00+09:30,lstm,0.24135392190267602,0.4033379893798622,-0.1619840674771862
2014-04-06T08:00:00+09:30,lstm,0.7167444278796483,0.9270135379896676,-0.21026911011001925
2014-04-06T09:00:00+09:30,lstm,1.8052500089009673,1.8774623059195021,-0.07221229701853482
2014-04-06T10:00:00+09:30,lstm,2.0057499905427414,2.55804208614999,-0.5522920956072488
2014-04-06T11:00:00+09:30,lstm,2.7301778296629498,2.968329135055396,-0.23815130539244622
2014-04-06T12:00:00+09:30,lstm,2.402211199204133,3.114695817184723,-0.7124846179805902
2014-04-06T13:00:00+09:30,lstm,2.2512722065051416,3.083080210806492,-0.8318080043013505
2014-04-06T14:00:00+09:30,lstm,0.676083321372675,2.447092733590362,-1.771009412217687
2014-04-06T15:00:00+09:30,lstm,0.5627500271584719,1.8834637768508837,-1.3207137496924117
2014-04-06T16:00:00+09:30,lstm,0.0,0.988756644003131,-0.988756644003131
2014-04-06T17:00:00+09:30,lstm,0.0,0.3142553303276805,-0.3142553303276805
2014-04-07T08:00:00+09:30,lstm,0.1916111093014495,0.3898920567639751,-0.1982809474625256
2014-04-07T09:00:00+09:30,lstm,0.4641221885879833,0.8156063463928507,-0.35148415780486736
2014-04-07T10:00:00+09:30,lstm,0.5651777361830075,1.3154538141830623,-0.7502760780000548
2014-04-07T11:00:00+09:30,lstm,1.3402777637044616,1.8112937989106994,-0.4710160352062378
2014-04-07T12:00:00+09:30,lstm,3.2616111636161587,2.1163730946935995,1.1452380689225592
2014-04-07T13:00:00+09:30,lstm,3.13368888696035,2.06353462134608,1.0701542656142697
2014-04-07T14:00:00+09:30,lstm,2.392194454868624,1.7933236511569204,0.5988708037117036
2014-04-07T15:00:00+09:30,lstm,0.8014500190814333,1.2891406591905834,-0.4876906401091501
2014-04-07T16:00:00+09:30,lstm,0.08129998948425034,0.7245552710304517,-0.6432552815462014
2014-04-07T17:00:00+09:30,lstm,0.21544442775969833,0.30540252459547,-0.08995809683577169
2014-04-08T08:00:00+09:30,lstm,0.08376944080616083,0.5913378405486964,-0.5075683997425355
2014-04-08T09:00:00+09:30,lstm,0.37126390263438164,1.1584766739353392,-0.7872127713009576
2014-04-08T10:00:00+09:30,lstm,0.31475554251422416,1.808178563928935,-1.4934230214147108
2014-04-08T11:00:00+09:30,lstm,0.16023332873980117,2.2482490573264826,-2.0880157285866816
2014-04-08T12:00:00+09:30,lstm,0.2704388940085957,2.522200005782887,-2.2517611117742913
2014-04-08T13:00:00+09:30,lstm,1.19352498153844,2.3203582233014632,-1.1268332417630231
2014-04-08T14:00:00+09:30,lstm,0.7105777511994041,1.9089339821653062,-1.198356230965902
2014-04-08T15:00:00+09:30,lstm,0.5308944384257,1.3593616857382833,-0.8284672473125833
2014-04-08T16:00:00+09:30,lstm,0.3776666770378733,0.7349857104652431,-0.35731903342736976
2014-04-08T17:00:00+09:30,lstm,0.2213833394149942,0.23396856650749764,-0.012585227092503454
2014-04-10T08:00:00+09:30,lstm,1.5249083389838543,0.47720680088075285,1.0477015381031014
2014-04-10T09:00:00+09:30,lstm,2.6225833694140084,0.968275786907035,1.6543075825069735
2014-04-10T10:00:00+09:30,lstm,3.3847916523615584,1.6208214367103269,1.7639702156512316
2014-04-11T13:00:00+09:30,lstm,0.9562000085910124,3.088026081014132,-2.1318260724231197
2014-04-11T14:00:00+09:30,lstm,1.3041055450836867,2.343317242192252,-1.0392116971085652
2014-04-11T15:00:00+09:30,lstm,0.5321055731425691,1.4786124864529997,-0.9465069133104306
2014-04-11T16:00:00+09:30,lstm,0.3600611140330641,0.7593585015289426,-0.39929738749587845
2014-04-11T17:00:00+09:30,lstm,0.17930555933465633,0.2523848383016817,-0.07307927896702535
2014-04-12T08:00:00+09:30,lstm,0.994700039426485,0.6085684910575528,0.38613154836893215
2014-04-12T09:00:00+09:30,lstm,1.7796944479147585,1.203260806046348,0.5764336418684104
2014-04-12T10:00:00+09:30,lstm,1.3560499250888916,1.9148628519220514,-0.5588129268331599
2014-04-12T11:00:00+09:30,lstm,1.7115222165981894,2.397424370177866,-0.6859021535796768
2014-04-12T12:00:00+09:30,lstm,2.1609443922837417,2.6191510715796436,-0.45820667929590186
2014-04-12T13:00:00+09:30,lstm,2.1045332948366835,2.702944531504878,-0.5984112366681944
2014-04-12T14:00:00+09:30,lstm,2.1232555210590416,2.530639383447615,-0.40738386238857327
2014-04-12T15:00:00+09:30,lstm,1.5178777774175118,1.9768763835286858,-0.45899860611117393
2014-04-12T16:00:00+09:30,lstm,1.1280888666709308,0.8742974200972415,0.25379144657368924
2014-04-12T17:00:00+09:30,lstm,0.218811099727949,0.268709500787799,-0.049898401059849995
2014-04-13T08:00:00+09:30,lstm,1.5557944625616134,0.9349887420374988,0.6208057205241145
2014-04-13T09:00:00+09:30,lstm,2.575952728589383,1.9365751831189397,0.6393775454704433
2014-04-13T10:00:00+09:30,lstm,2.986063818136858,2.661816814217993,0.32424700391886496
2014-04-13T11:00:00+09:30,lstm,3.7592833240826917,3.1560630504963427,0.603220273586349
2014-04-13T12:00:00+09:30,lstm,4.2034778992335085,3.3823105320505293,0.8211673671829791
2014-04-13T13:00:00+09:30,lstm,4.139427761236825,3.370241943798551,0.7691858174382742
2014-04-13T14:00:00+09:30,lstm,3.7798946102460333,3.275578323889575,0.5043162863564583
2014-04-13T15:00:00+09:30,lstm,3.1098443865776084,2.601981233035991,0.5078631535416176
2014-04-13T16:00:00+09:30,lstm,1.8678055405616734,1.471787721593821,0.39601781896785226
2014-04-13T17:00:00+09:30,lstm,0.17927222512662425,0.32057710305347076,-0.1413048779268465
2014-04-14T08:00:00+09:30,lstm,1.6532944242159544,1.2981316276721893,0.35516279654376515
2014-04-14T09:00:00+09:30,lstm,2.82211391131085,2.432441884400327,0.38967202691052316
2014-04-14T10:00:00+09:30,lstm,3.5724277695019997,3.1749914319779724,0.3974363375240273
2014-04-14T11:00:00+09:30,lstm,3.632155478000642,3.63565419686184,-0.0034987188611976805
2014-04-14T12:00:00+09:30,lstm,4.167555590470633,3.8197166641162736,0.34783892635435976
2014-04-14T13:00:00+09:30,lstm,4.0059583187103245,3.8328213457670333,0.17313697294329122
2014-04-14T14:00:00+09:30,lstm,3.6913305719693503,3.5473313057096485,0.14399926625970183
2014-04-14T15:00:00+09:30,lstm,3.0304444829622916,2.804021142087449,0.22642334087484262
2014-04-14T16:00:00+09:30,lstm,1.7751750101645882,1.6640459369871157,0.11112907317747256
2014-04-14T17:00:00+09:30,lstm,0.1626111033062136,0.30152650394023917,-0.13891540063402558
2014-04-15T08:00:00+09:30,lstm,1.6115832875172351,1.302937002732884,0.3086462847843512
2014-04-15T09:00:00+09:30,lstm,2.7952056129773415,2.464913268643138,0.3302923443342034
2014-04-15T10:00:00+09:30,lstm,3.485427816708875,3.206998032999981,0.2784297837088938
2014-04-15T11:00:00+09:30,lstm,4.042394479115808,3.665892077211109,0.3765024019046992
2014-04-15T12:00:00+09:30,lstm,4.160472234090175,3.8461311087732493,0.31434112531692593
2014-04-15T13:00:00+09:30,lstm,4.022788902123758,3.697826585945219,0.3249623161785391
2014-04-15T14:00:00+09:30,lstm,3.6851997574170334,3.4928264827382054,0.19237327467882803
2014-04-15T15:00:00+09:30,lstm,3.022033452987667,2.7726794864032307,0.2493539665844362
2014-04-15T16:00:00+09:30,lstm,1.7550777544577933,1.6011734045665604,0.15390434989123292
2014-04-15T17:00:00+09:30,lstm,0.19160555365184925,0.29320247393614773,-0.10159692028429848
2014-04-16T08:00:00+09:30,lstm,1.5265833387772283,1.2997890717781964,0.22679426699903193
2014-04-16T09:00:00+09:30,lstm,2.729361017545058,2.4515921404997707,0.2777688770452875
2014-04-16T10:00:00+09:30,lstm,3.4119834105174003,3.186064807399131,0.22591860311826917
2014-04-16T11:00:00+09:30,lstm,3.422077745199198,3.641643963398245,-0.21956621819904676
2014-04-16T12:00:00+09:30,lstm,4.130683541297908,3.812662645781579,0.3180208955163293
2014-04-16T13:00:00+09:30,lstm,3.5479222337404916,3.604583268922293,-0.056661035181801545
2014-04-16T14:00:00+09:30,lstm,3.659744362036392,3.401244850544104,0.25849951149228767
2014-04-16T15:00:00+09:30,lstm,3.0164388418197667,2.7334151427223734,0.28302369909739333
2014-04-16T16:00:00+09:30,lstm,1.8589666138092584,1.6204225119148812,0.23854410189437725
2014-04-16T17:00:00+09:30,lstm,0.19565556384623084,0.2979982225560466,-0.10234265870981574
2014-04-17T08:00:00+09:30,lstm,1.609311083952589,1.3726517505870117,0.23665933336557732
2014-04-17T09:00:00+09:30,lstm,2.663227816422783,2.522453940265201,0.1407738761575823
2014-04-17T10:00:00+09:30,lstm,3.4878444671630917,3.2487964630076873,0.2390480041554044
2014-04-17T11:00:00+09:30,lstm,3.9206668535868165,3.6938347087426133,0.22683214484420322
2014-04-17T12:00:00+09:30,lstm,4.03181676069895,3.871502505246023,0.16031425545292732
2014-04-17T13:00:00+09:30,lstm,3.940727949142442,3.64740456127359,0.2933233878688517
2014-04-17T14:00:00+09:30,lstm,3.607000052928925,3.4306082938483966,0.1763917590805284
2014-04-17T15:00:00+09:30,lstm,2.9868111809094664,2.7286307592396257,0.2581804216698407
2014-04-17T16:00:00+09:30,lstm,1.8441166629393841,1.61342837258637,0.23068829035301408
2014-04-17T17:00:00+09:30,lstm,0.20131111734857224,0.30479432012897856,-0.10348320278040632
2014-04-18T08:00:00+09:30,lstm,1.6004111319780392,1.3904686386181648,0.20994249335987436
2014-04-18T09:00:00+09:30,lstm,2.741111119588225,2.562915015925168,0.17819610366305705
2014-04-18T10:00:00+09:30,lstm,3.4900055527687086,3.289164751652407,0.20084080111630165
2014-04-18T11:00:00+09:30,lstm,3.9336111744244917,3.7199020926442015,0.21370908178029024
2014-04-18T12:00:00+09:30,lstm,4.06782774130505,3.8913877634242025,0.1764399778808472
2014-04-18T13:00:00+09:30,lstm,4.023305654525767,3.736118447069559,0.2871872074562076
2014-04-18T14:00:00+09:30,lstm,3.6545166373252918,3.444876120953551,0.20964051637174075
2014-04-18T15:00:00+09:30,lstm,2.9960110982259,2.726642199496025,0.269368898729875
2014-04-18T16:00:00+09:30,lstm,1.84136112034321,1.5815530219355645,0.2598080984076456
2014-04-19T08:00:00+09:30,lstm,1.5823944608370544,1.4029456932919286,0.17944876754512573
2014-04-19T09:00:00+09:30,lstm,2.7105722427368164,2.5795696914609465,0.1310025512758699
2014-04-19T10:00:00+09:30,lstm,3.4578278064727748,3.309376036600799,0.14845176987197561
2014-04-19T11:00:00+09:30,lstm,3.886150042215983,3.7409141956894576,0.14523584652652533
2014-04-19T12:00:00+09:30,lstm,4.011144518852242,3.9025581665834266,0.1085863522688153
2014-04-19T13:00:00+09:30,lstm,3.9202723105748585,3.7153190586808305,0.20495325189402802
2014-04-19T14:00:00+09:30,lstm,3.5534276167551497,3.4431153728397086,0.11031224391544114
2014-04-19T15:00:00+09:30,lstm,2.94347778956095,2.6948547590292273,0.24862303053172274
2014-04-19T16:00:00+09:30,lstm,1.815811092654875,1.547168986887587,0.26864210576728786
2014-04-20T08:00:00+09:30,lstm,1.5331110556920324,1.3276492000472853,0.20546185564474717
2014-04-20T09:00:00+09:30,lstm,2.6821110844612086,2.49543578630792,0.18667529815328843
2014-04-20T10:00:00+09:30,lstm,3.4063610037167913,3.2266091708552347,0.1797518328615566
2014-04-20T11:00:00+09:30,lstm,3.497894426186883,3.661252217561983,-0.16335779137509965
2014-04-20T12:00:00+09:30,lstm,3.872344632943475,3.829118176973845,0.04322645596962982
2014-04-20T13:00:00+09:30,lstm,3.8509555657704664,3.7047859513466266,0.1461696144238398
2014-04-20T14:00:00+09:30,lstm,3.5399999618530416,3.402334037792561,0.13766592406048073
2014-04-20T15:00:00+09:30,lstm,2.888699988524125,2.6483087550128293,0.24039123351129588
2014-04-20T16:00:00+09:30,lstm,1.8175055483977,1.486199266795262,0.33130628160243814
2014-04-21T08:00:00+09:30,lstm,1.4443944642941224,1.3152157400040856,0.12917872429003685
2014-04-21T09:00:00+09:30,lstm,2.627444446086883,2.4736851189767615,0.15375932711012164
2014-04-21T10:00:00+09:30,lstm,3.3711665272712668,3.225098286129802,0.14606824114146466
2014-04-21T11:00:00+09:30,lstm,3.7281333208084,3.646669219937029,0.08146410087137079
2014-04-21T12:00:00+09:30,lstm,3.930105606714875,3.7989466215294425,0.13115898518543245
2014-04-21T13:00:00+09:30,lstm,3.8193332751591917,3.633510257034205,0.18582301812498692
2014-04-21T14:00:00+09:30,lstm,3.434527873992908,3.356204642385758,0.07832323160715005
2014-04-21T15:00:00+09:30,lstm,2.848922292391467,2.5978383861010803,0.2510839062903867
2014-04-21T16:00:00+09:30,lstm,1.7692222346862125,1.423145443474257,0.34607679121195556
2014-04-22T08:00:00+09:30,lstm,1.4482278078794533,1.2828951134574385,0.16533269442201481
2014-04-22T09:00:00+09:30,lstm,2.59522223472595,2.418209170480102,0.17701306424584784
2014-04-22T10:00:00+09:30,lstm,3.257983326911925,3.1393132131405386,0.11867011377138637
2014-04-22T11:00:00+09:30,lstm,3.6836054921150247,3.5483338125837145,0.13527167953131025
2014-04-22T12:00:00+09:30,lstm,3.9074834187825496,3.6878162749199617,0.2196671438625879
2014-04-22T13:00:00+09:30,lstm,3.784638941287992,3.5018919607197154,0.28274698056827674
2014-04-22T14:00:00+09:30,lstm,3.4323944846789085,3.263618467770638,0.1687760169082706
2014-04-22T15:00:00+09:30,lstm,2.8331833283106413,2.5299703670159204,0.303212961294721
2014-04-22T16:00:00+09:30,lstm,1.7622975707054265,1.3707113654546186,0.3915862052508079
2014-04-23T08:00:00+09:30,lstm,1.4528166577219916,1.2914763008931853,0.16134035682880632
2014-04-23T09:00:00+09:30,lstm,2.6406832734743753,2.4500266352644484,0.19065663820992684
2014-04-23T10:00:00+09:30,lstm,3.3392694791157997,3.195099243289617,0.14417023582618294
2014-04-23T11:00:00+09:30,lstm,3.7053805390993664,3.61697194693254,0.0884085921668265
2014-04-23T12:00:00+09:30,lstm,3.8537055055300335,3.738120407497263,0.11558509803277062
2014-04-23T13:00:00+09:30,lstm,3.7409944931665913,3.544605369082534,0.19638912408405718
2014-04-23T14:00:00+09:30,lstm,3.4644694725672416,3.263224759064258,0.20124471350298379
2014-04-23T15:00:00+09:30,lstm,2.80254993836085,2.54585221322543,0.25669772513541966
2014-04-23T16:00:00+09:30,lstm,1.7776499738295877,1.4192956728932669,0.3583543009363208
2014-04-24T08:00:00+09:30,lstm,1.3860222597916916,1.301327457591101,0.08469480220059067
2014-04-24T09:00:00+09:30,lstm,2.58444728453955,2.4677194397459603,0.11672784479358977
2014-04-24T10:00:00+09:30,lstm,3.330861131350208,3.2027722375267595,0.12808889382344857
2014-04-24T11:00:00+09:30,lstm,3.7180946469307083,3.6096339697979825,0.10846067713272589
2014-04-24T12:00:00+09:30,lstm,3.7257305383682335,3.750574731896725,-0.02484419352849132
2014-04-24T13:00:00+09:30,lstm,3.7332223653793335,3.5908407825597757,0.14238158281955782
2014-04-24T14:00:00+09:30,lstm,3.3914389212926253,3.2779275147015787,0.11351140659104653
2014-04-24T15:00:00+09:30,lstm,2.7697916428248166,2.5578402277438754,0.21195141508094117
2014-04-24T16:00:00+09:30,lstm,1.7305166125297424,1.4138653849181795,0.31665122761156295
2014-04-25T08:00:00+09:30,lstm,1.3977556005120182,1.2593580840466194,0.13839751646539877
2014-04-25T09:00:00+09:30,lstm,2.59583338101705,2.423570292266035,0.17226308875101504
2014-04-25T10:00:00+09:30,lstm,3.2946056127548164,3.1534846910232788,0.14112092173153767
2014-04-25T11:00:00+09:30,lstm,3.6752332846323665,3.568266906115276,0.10696637851709045
2014-04-25T12:00:00+09:30,lstm,3.828788638114925,3.7181890102548283,0.11059962786009692
2014-04-25T13:00:00+09:30,lstm,3.6920666495959,3.5147259146258034,0.1773407349700964
2014-04-25T14:00:00+09:30,lstm,3.3899166981379167,3.233409593965441,0.15650710417247593
2014-04-25T15:00:00+09:30,lstm,2.7622999946276416,2.5451409591944723,0.2171590354331694
2014-04-25T16:00:00+09:30,lstm,1.7199833939472684,1.3812841659543946,0.3386992279928738
2014-04-26T08:00:00+09:30,lstm,1.3355444620052968,1.2673684913947398,0.06817597061055691
2014-04-26T09:00:00+09:30,lstm,2.6303110718727,2.4084239570219994,0.22188711485070067
2014-04-26T10:00:00+09:30,lstm,3.0045611461003503,3.1099463772579923,-0.10538523115764198
2014-04-26T11:00:00+09:30,lstm,3.5612885951995747,3.4953010293166957,0.06598756588287902
2014-04-26T12:00:00+09:30,lstm,3.7306722998619004,3.6318967468165875,0.09877555304531294
2014-04-26T13:00:00+09:30,lstm,3.664238790671033,3.390181313599882,0.274057477071151
2014-04-26T14:00:00+09:30,lstm,3.324050168196375,3.089893695342976,0.23415647285339913
2014-04-26T15:00:00+09:30,lstm,2.6836722493171585,2.4633345323526243,0.2203377169645342
2014-04-26T16:00:00+09:30,lstm,1.649883329868319,1.2625020711290866,0.38738125873923246
2014-04-27T08:00:00+09:30,lstm,1.3830583592255998,1.2183883336846884,0.16467002554091148
2014-04-27T09:00:00+09:30,lstm,2.521625061829883,2.3529641232720464,0.16866093855783681
2014-04-27T10:00:00+09:30,lstm,3.2339749932289164,3.0699890994687484,0.16398589376016792
2014-04-27T11:00:00+09:30,lstm,3.6286694208780834,3.4572342657595114,0.171435155118572
2014-04-27T12:00:00+09:30,lstm,3.6451916495959,3.5744430948267403,0.07074855476915953
2014-04-27T13:00:00+09:30,lstm,3.4764917890230915,3.391867933878874,0.08462385514421733
2014-04-27T14:00:00+09:30,lstm,3.1712638537089166,3.087837792921033,0.0834260607878834
2014-04-27T15:00:00+09:30,lstm,2.6177777051925584,2.3731981384947405,0.24457956669781789
2014-04-27T16:00:00+09:30,lstm,1.5756944666306298,1.229016178766636,0.3466782878639938
2014-04-28T08:00:00+09:30,lstm,1.3599555715918468,1.093402109085452,0.2665534625063948
2014-04-28T09:00:00+09:30,lstm,2.1194861034552166,2.2109400261223358,-0.09145392266711916
2014-04-28T10:00:00+09:30,lstm,3.12906392415365,2.894268982140978,0.23479494201267181
2014-04-28T11:00:00+09:30,lstm,3.58535289764405,3.254877150641301,0.3304757470027493
2014-04-28T12:00:00+09:30,lstm,3.716374993324267,3.371346906535889,0.34502808678837793
2014-04-28T13:00:00+09:30,lstm,3.174730569124217,3.1476932206858215,0.027037348438395448
2014-04-28T14:00:00+09:30,lstm,2.8132611215114465,2.933744174560324,-0.12048305304887741
2014-04-28T15:00:00+09:30,lstm,2.5745944579442415,2.1308313302532618,0.4437631276909797
2014-04-28T16:00:00+09:30,lstm,1.504911114772165,1.1577137042896215,0.3471974104825435
2014-04-29T08:00:00+09:30,lstm,1.2127111256122625,1.0528348457261336,0.15987627988612885
2014-04-29T09:00:00+09:30,lstm,1.4203221648931459,2.1402142687448924,-0.7198921038517465
2014-04-29T10:00:00+09:30,lstm,1.4056166609128333,2.841973575757473,-1.4363569148446398
2014-04-29T11:00:00+09:30,lstm,3.3428611358007085,3.1727687843348438,0.17009235146586477
2014-04-29T12:00:00+09:30,lstm,3.5414277513821912,3.231042592117603,0.3103851592645883
2014-04-29T13:00:00+09:30,lstm,3.5162111123403004,2.934598595393602,0.5816125169466986
2014-04-29T14:00:00+09:30,lstm,2.8202999631563834,2.729584752244659,0.09071521091172441
2014-04-29T15:00:00+09:30,lstm,1.63980004439751,1.7226508604074682,-0.08285081600995814
2014-04-29T16:00:00+09:30,lstm,0.14738889740935074,0.6881389119793969,-0.5407500145700461
2014-04-30T08:00:00+09:30,lstm,1.2730499605337742,0.4011926501136973,0.8718573104200769
2014-04-30T09:00:00+09:30,lstm,2.272438844044992,0.9626220976539199,1.309816746391072
2014-04-30T10:00:00+09:30,lstm,1.904030531644808,1.766108473217537,0.13792205842727112
2014-04-30T11:00:00+09:30,lstm,2.165677795807517,2.542807883129175,-0.3771300873216581
2014-04-30T12:00:00+09:30,lstm,1.5528471767902416,2.999843303343832,-1.4469961265535904
2014-04-30T13:00:00+09:30,lstm,1.0433471997578891,3.321531983742819,-2.27818478398493
2014-04-30T14:00:00+09:30,lstm,0.8218916902939467,3.2487124966959002,-2.4268208064019534
2014-04-30T15:00:00+09:30,lstm,0.42479164401690334,2.5723533382567965,-2.147561694239893
2014-04-30T16:00:00+09:30,lstm,0.24352778866887,1.137065677900058,-0.893537889231188
2014-05-01T08:00:00+09:30,lstm,0.8484833513697,0.5757768898347898,0.2727064615349102
2014-05-01T09:00:00+09:30,lstm,1.2207054942846225,1.3735612160024613,-0.1528557217178388
2014-05-01T10:00:00+09:30,lstm,1.5266000231107082,2.1909261892283283,-0.6643261661176201
2014-05-01T11:00:00+09:30,lstm,1.8812832931677583,2.725717382663976,-0.8444340894962177
2014-05-01T12:00:00+09:30,lstm,3.8568221330642665,2.9916166403356312,0.8652054927286352
2014-05-01T13:00:00+09:30,lstm,3.537738859653467,3.2149456564467878,0.32279320320667937
2014-05-01T14:00:00+09:30,lstm,3.4273778597514,2.9146487085996826,0.5127291511517176
2014-05-01T15:00:00+09:30,lstm,2.794511040051775,1.9849094151330378,0.8096016249187374
2014-05-01T16:00:00+09:30,lstm,1.6412277817726182,0.8730637726260053,0.7681640091466129
2014-05-02T08:00:00+09:30,lstm,1.3871166271468052,1.0929538646836383,0.29416276246316686
2014-05-02T09:00:00+09:30,lstm,2.65727216005325,2.2246303515941976,0.4326418084590524
2014-05-02T10:00:00+09:30,lstm,3.3170777956644666,2.973191208580161,0.34388658708430553
2014-05-02T11:00:00+09:30,lstm,3.4203555782636084,3.429470083844169,-0.009114505580560817
2014-05-02T12:00:00+09:30,lstm,3.632572233676916,3.618073347462711,0.014498886214205253
2014-05-02T13:00:00+09:30,lstm,3.8039833704630417,3.4834721267183646,0.3205112437446771
2014-05-02T14:00:00+09:30,lstm,3.440677841504417,3.315922864486516,0.12475497701790061
2014-05-02T15:00:00+09:30,lstm,2.7888276775678,2.6323748327271197,0.15645284484068034
2014-05-02T16:00:00+09:30,lstm,1.6104000260432632,1.4332769119504118,0.1771231140928513
2014-05-03T08:00:00+09:30,lstm,1.38922774791718,1.2295747455725483,0.15965300234463164
2014-05-03T09:00:00+09:30,lstm,2.7128944595654754,2.383235505331574,0.32965895423390146
2014-05-03T10:00:00+09:30,lstm,3.5112110575040245,3.133785515762333,0.37742554174169163
2014-05-03T11:00:00+09:30,lstm,3.9495278199513755,3.563355300948002,0.38617251900337335
2014-05-03T12:00:00+09:30,lstm,4.084551970163983,3.7285351865272354,0.3560167836367478
2014-05-03T13:00:00+09:30,lstm,3.9369806845982915,3.485524297304228,0.45145638729406334
2014-05-03T14:00:00+09:30,lstm,3.5441723267237335,3.2548445818900618,0.28932774483367174
2014-05-03T15:00:00+09:30,lstm,2.876311143239333,2.6048550860749806,0.2714560571643525
2014-05-03T16:00:00+09:30,lstm,1.6692805588245447,1.4379711376660587,0.23130942115848607
2014-05-04T08:00:00+09:30,lstm,1.3669250272214508,1.2171377869330242,0.1497872402884266
2014-05-04T09:00:00+09:30,lstm,2.6072111527125084,2.3435552315567723,0.2636559211557361
2014-05-04T10:00:00+09:30,lstm,2.6088221619526544,3.0732403768384993,-0.4644182148858449
2014-05-04T11:00:00+09:30,lstm,2.855780720710753,3.5031012452383647,-0.6473205245276117
2014-05-04T12:00:00+09:30,lstm,3.9484305779139333,3.6657360186114234,0.28269455930250986
2014-05-04T13:00:00+09:30,lstm,3.257163892189658,3.665643061967263,-0.4084791697776051
2014-05-04T14:00:00+09:30,lstm,3.5084555745124835,3.3099061269529915,0.198549447559492
2014-05-04T15:00:00+09:30,lstm,2.6212332844734165,2.595126867931546,0.026106416541870736
2014-05-04T16:00:00+09:30,lstm,1.62800560394923,1.2167077776393256,0.4112978263099045
2014-05-05T08:00:00+09:30,lstm,1.4139500012000266,1.2055904471261634,0.2083595540738632
2014-05-05T09:00:00+09:30,lstm,2.5903112292289667,2.312796505631053,0.2775147235979136
2014-05-05T10:00:00+09:30,lstm,3.2786445021629333,3.0402041283163928,0.2384403738465406
2014-05-05T11:00:00+09:30,lstm,3.6844833691914918,3.469353912314213,0.2151294568772788
2014-05-05T12:00:00+09:30,lstm,3.8767778476079253,3.642318068697321,0.2344597789106042
2014-05-05T13:00:00+09:30,lstm,3.6811890403429586,3.5811715952779606,0.10001744506499799
2014-05-05T14:00:00+09:30,lstm,3.485555708408358,3.306053175829888,0.17950253257847004
2014-05-05T15:00:00+09:30,lstm,2.7892055114110335,2.5359708201738256,0.2532346912372079
2014-05-05T16:00:00+09:30,lstm,1.4698527380824018,1.354249303549213,0.11560343453318889
2014-05-06T08:00:00+09:30,lstm,0.9932166511813793,1.1500114384632307,-0.15679478728185148
2014-05-06T09:00:00+09:30,lstm,2.5010777115821834,2.2873123059313327,0.21376540565085067
2014-05-06T10:00:00+09:30,lstm,3.2290055354436333,3.023709412845292,0.2052961225983414
2014-05-06T11:00:00+09:30,lstm,3.0770167013009417,3.418179583414753,-0.3411628821138111
2014-05-06T12:00:00+09:30,lstm,2.868972222010292,3.5326499233153275,-0.6636777013050357
2014-05-06T13:00:00+09:30,lstm,2.887144565582275,3.4421815656752868,-0.5550370000930118
2014-05-06T14:00:00+09:30,lstm,2.2167721887429583,2.9594782376484536,-0.7427060489054953
2014-05-06T15:00:00+09:30,lstm,1.2030277897914141,2.3803171247029997,-1.1772893349115856
2014-05-06T16:00:00+09:30,lstm,1.312566652894015,1.2316631319312736,0.08090352096274134
2014-05-07T08:00:00+09:30,lstm,1.3431277784208326,1.02138212683655,0.3217456515842827
2014-05-07T09:00:00+09:30,lstm,2.5650611321131502,2.128470435046281,0.43659069706686937
2014-05-07T10:00:00+09:30,lstm,3.2602777878443416,2.872104081005002,0.3881737068393396
2014-05-07T11:00:00+09:30,lstm,3.69595555464425,3.3072646655244027,0.3886908891198475
2014-05-07T12:00:00+09:30,lstm,3.8464887738228,3.4722471030492508,0.3742416707735492
2014-05-07T13:00:00+09:30,lstm,3.743627746899925,3.38245624328654,0.3611715036133849
2014-05-07T14:00:00+09:30,lstm,3.3880165815353416,3.156496961255033,0.23151962028030848
2014-05-07T15:00:00+09:30,lstm,2.7256555557250834,2.480425493451871,0.24523006227321265
2014-05-07T16:00:00+09:30,lstm,1.5338444958130533,1.3063245769339906,0.22751991887906264
2014-05-08T08:00:00+09:30,lstm,1.3880444491902926,1.2244322542514734,0.16361219493881918
2014-05-08T09:00:00+09:30,lstm,2.400966733694083,2.3684668488616683,0.03249988483241495
2014-05-08T10:00:00+09:30,lstm,3.1493390003840163,3.1070085741189137,0.04233042626510253
2014-05-08T11:00:00+09:30,lstm,3.6783998608589,3.512813518264006,0.16558634259489402
2014-05-08T12:00:00+09:30,lstm,3.8345027764638338,3.652942097128733,0.18156067933510078
2014-05-08T13:00:00+09:30,lstm,3.67773046096165,3.567789570354934,0.1099408906067163
2014-05-08T14:00:00+09:30,lstm,3.240416705608375,3.2872345442547757,-0.046817838646400656
2014-05-08T15:00:00+09:30,lstm,2.756180504957833,2.495717539931918,0.26046296502591515
2014-05-08T16:00:00+09:30,lstm,1.3995694518089417,1.2722112060198427,0.12735824578909893
2014-05-09T08:00:00+09:30,lstm,1.2776916672786058,1.0869920021033725,0.1906996651752333
2014-05-09T09:00:00+09:30,lstm,2.55741943915685,2.161758667318206,0.395660771838644
2014-05-09T10:00:00+09:30,lstm,3.190566738446558,2.8772886190928126,0.3132781193537455
2014-05-09T11:00:00+09:30,lstm,2.687133342027675,3.2811959245915125,-0.5940625825638377
2014-05-09T12:00:00+09:30,lstm,2.6784750123818752,3.438678219741261,-0.7602032073593858
2014-05-09T13:00:00+09:30,lstm,3.404566685358683,3.2835770056391045,0.12098967971957864
2014-05-09T14:00:00+09:30,lstm,2.833544472853333,3.0462359628231477,-0.21269148996981446
2014-05-09T15:00:00+09:30,lstm,2.5805805027484916,2.4104218463557983,0.17015865639269334
2014-05-09T16:00:00+09:30,lstm,1.3653917138775284,1.2583937012706827,0.10699801260684572
2014-05-10T08:00:00+09:30,lstm,0.31904441490769336,0.8277055314599577,-0.5086611165522643
2014-05-10T09:00:00+09:30,lstm,0.98979440331459,1.9092043706521524,-0.9194099673375624
2014-05-10T10:00:00+09:30,lstm,1.8039527833461717,2.619512720421523,-0.8155599370753515
2014-05-10T11:00:00+09:30,lstm,2.6390857696533168,3.049942354565677,-0.4108565849123602
2014-05-10T12:00:00+09:30,lstm,2.98361108700435,3.21708315037574,-0.23347206337138982
2014-05-10T13:00:00+09:30,lstm,2.8788055578867584,2.8595875027945787,0.019218055092179664
2014-05-10T14:00:00+09:30,lstm,2.563550005356475,2.0506230622124315,0.5129269431440435
2014-05-10T15:00:00+09:30,lstm,1.6710333228111331,1.3367806636758361,0.334252659135297
2014-05-10T16:00:00+09:30,lstm,0.9952777698636033,0.7049114372022746,0.2903663326613287
2014-05-11T08:00:00+09:30,lstm,1.0417888984084176,0.9132055748668472,0.12858332354157043
2014-05-11T09:00:00+09:30,lstm,2.1225444078445417,1.992964837753866,0.12957957009067567
2014-05-11T10:00:00+09:30,lstm,2.9135222633679585,2.7107125179331333,0.20280974543482522
2014-05-11T11:00:00+09:30,lstm,3.0781165510415973,3.124706637096719,-0.04659008605512183
2014-05-11T12:00:00+09:30,lstm,3.73427242040635,3.286950415826001,0.4473220045803492
2014-05-11T13:00:00+09:30,lstm,3.319294432799017,2.922287777054285,0.3970066557447316
2014-05-11T14:00:00+09:30,lstm,2.897561103105547,2.6683870508936627,0.22917405221188414
2014-05-11T15:00:00+09:30,lstm,2.7662333250045834,2.1070948172411055,0.6591385077634779
2014-05-11T16:00:00+09:30,lstm,1.5258166640996933,1.078651496891135,0.44716516720855837
2014-05-12T08:00:00+09:30,lstm,0.35067222267389164,0.9628607019232487,-0.612188479249357
2014-05-12T09:00:00+09:30,lstm,0.7911166772246375,2.0500743974942983,-1.258957720269661
2014-05-12T10:00:00+09:30,lstm,1.4127666552861493,2.771414393972303,-1.3586477386861535
2014-05-12T11:00:00+09:30,lstm,0.9799610972404483,3.178589261216373,-2.1986281639759246
2014-05-12T12:00:00+09:30,lstm,0.7341833412647208,3.324880967366286,-2.5906976261015653
2014-05-12T13:00:00+09:30,lstm,0.6374333252509442,3.507953649915106,-2.8705203246641617
2014-05-12T14:00:00+09:30,lstm,0.9146777739127475,2.4776523999870257,-1.5629746260742783
2014-05-12T15:00:00+09:30,lstm,1.035238891839979,1.4587704412403308,-0.42353154940035176
2014-05-12T16:00:00+09:30,lstm,0.3693833152453108,0.6543546423595042,-0.28497132711419343
2014-05-13T08:00:00+09:30,lstm,1.228505566716186,0.5265468475327149,0.7019587191834711
2014-05-13T09:00:00+09:30,lstm,2.466594358285275,1.1717599430257524,1.2948344152595226
2014-05-13T10:00:00+09:30,lstm,3.0484666029612164,1.8928899707152538,1.1555766322459626
2014-05-13T11:00:00+09:30,lstm,3.5557447274526,2.41861967244884,1.1371250550037604
2014-05-13T12:00:00+09:30,lstm,3.692447205384583,2.701499802055398,0.990947403329185
2014-05-13T13:00:00+09:30,lstm,3.6102667649586917,3.1409732016802363,0.4692935632784554
2014-05-13T14:00:00+09:30,lstm,3.2585529088973835,2.882454158742401,0.3760987501549824
2014-05-13T15:00:00+09:30,lstm,2.6155555446942667,2.2202868336555612,0.3952687110387054
2014-05-13T16:00:00+09:30,lstm,1.4400111660361183,1.0994231509526367,0.3405880150834817
2014-05-14T08:00:00+09:30,lstm,1.2616527825593924,1.2006337842789532,0.06101899828043922
2014-05-14T09:00:00+09:30,lstm,2.456738829612717,2.2969747080566396,0.15976412155607722
2014-05-14T10:00:00+09:30,lstm,3.160697281360625,3.035052328608733,0.12564495275189191
2014-05-14T11:00:00+09:30,lstm,3.5628555814425167,3.415479091124544,0.14737649031797284
2014-05-14T12:00:00+09:30,lstm,3.683527847131075,3.5422799263183085,0.14124792081276638
2014-05-14T13:00:00+09:30,lstm,3.6135000387827585,3.3490030468970127,0.2644969918857458
2014-05-14T14:00:00+09:30,lstm,3.2905278205871746,3.034794492661427,0.25573332792574766
2014-05-14T15:00:00+09:30,lstm,2.6271639267603417,2.338951926938333,0.28821199982200874
2014-05-14T16:00:00+09:30,lstm,1.4407333259781165,1.1623620559861896,0.27837126999192696
2014-05-15T08:00:00+09:30,lstm,1.2556555693348266,1.2027848485209216,0.05287072081390498
2014-05-15T09:00:00+09:30,lstm,2.4473276734352,2.313212944611735,0.13411472882346498
2014-05-15T10:00:00+09:30,lstm,3.153911133607225,3.05323960137077,0.10067153223645509
2014-05-15T11:00:00+09:30,lstm,3.5917167464892166,3.4593417353709155,0.13237501111830108
2014-05-15T12:00:00+09:30,lstm,3.7364995479583833,3.5952221277459446,0.14127742021243872
2014-05-15T13:00:00+09:30,lstm,3.3811778624852415,3.4040332106110927,-0.022855348125851105
2014-05-15T14:00:00+09:30,lstm,3.059072126944867,3.059292809120526,-0.00022068217565873738
2014-05-15T15:00:00+09:30,lstm,2.5829444527625918,2.350623074647852,0.23232137811473974
2014-05-15T16:00:00+09:30,lstm,1.3980555037657492,1.1755666066593025,0.2224888971064467
2014-05-16T08:00:00+09:30,lstm,1.1261666665474508,1.1073779200173908,0.01878874653006002
2014-05-16T09:00:00+09:30,lstm,2.237888773282375,2.2366078491200554,0.0012809241623195078
2014-05-16T10:00:00+09:30,lstm,3.032983382542925,2.9793845298118082,0.053598852731116864
2014-05-16T11:00:00+09:30,lstm,3.3698165416717583,3.3911064696897566,-0.02128992801799834
2014-05-16T12:00:00+09:30,lstm,3.1971944173177165,3.5202870288998116,-0.3230926115820951
2014-05-16T13:00:00+09:30,lstm,2.945872167746225,3.5050898049819654,-0.5592176372357405
2014-05-16T14:00:00+09:30,lstm,2.8783945043881833,3.039889466683331,-0.16149496229514781
2014-05-16T15:00:00+09:30,lstm,1.8418610890706317,2.286095727369437,-0.4442346382988054
2014-05-16T16:00:00+09:30,lstm,1.2223666720092392,1.1217152366668142,0.10065143534242504
2014-05-17T08:00:00+09:30,lstm,0.9795111318429283,0.9877490800671048,-0.008237948224176561
2014-05-17T09:00:00+09:30,lstm,1.944388975699736,2.056519363217938,-0.11213038751820226
2014-05-17T10:00:00+09:30,lstm,2.3216834068298335,2.785932423723692,-0.46424901689385845
2014-05-17T11:00:00+09:30,lstm,2.104996810356775,3.1931622507354773,-1.0881654403787024
2014-05-17T12:00:00+09:30,lstm,1.5636000285546008,3.3548947679218766,-1.7912947393672758
2014-05-17T13:00:00+09:30,lstm,2.2306444247563753,3.1706828575953527,-0.9400384328389775
2014-05-17T14:00:00+09:30,lstm,1.3996638854344752,2.7365220658874154,-1.3368581804529402
2014-05-17T15:00:00+09:30,lstm,1.088572219014179,2.034684984018361,-0.9461127650041818
2014-05-17T16:00:00+09:30,lstm,0.6142499968409533,0.9021192016302529,-0.28786920478929967
2014-05-18T08:00:00+09:30,lstm,1.354786078135179,0.813004111650324,0.541781966484855
2014-05-18T09:00:00+09:30,lstm,2.1267972389856915,1.8473166188842864,0.27948062010140506
2014-05-18T10:00:00+09:30,lstm,2.9364305138588,2.5670734687200474,0.36935704513875267
2014-05-18T11:00:00+09:30,lstm,3.457824985186267,2.9973219391854355,0.46050304600083125
2014-05-18T12:00:00+09:30,lstm,3.4045166373252918,3.1651008789650823,0.23941575836020945
2014-05-18T13:00:00+09:30,lstm,3.0722749829292333,2.964365585881211,0.10790939704802227
2014-05-18T14:00:00+09:30,lstm,2.850424955288575,2.866016438585968,-0.015591483297392905
2014-05-18T15:00:00+09:30,lstm,2.178386077284809,2.0793004413793024,0.09908563590550656
2014-05-18T16:00:00+09:30,lstm,0.9053166409333575,0.991144520809038,-0.08582787987568052
2014-05-19T08:00:00+09:30,lstm,0.3233722324172658,0.895418880782155,-0.5720466483648892
2014-05-19T09:00:00+09:30,lstm,0.7263277669747691,2.016423498607017,-1.290095731632248
2014-05-19T10:00:00+09:30,lstm,1.0484277407328284,2.7566018884284635,-1.7081741476956351
2014-05-19T11:00:00+09:30,lstm,1.43751667936645,3.1628622862041595,-1.7253456068377095
2014-05-19T12:00:00+09:30,lstm,1.3372555971145583,3.28898409686038,-1.9517284997458215
2014-05-19T13:00:00+09:30,lstm,1.1640833119551441,2.9765278092930014,-1.8124444973378573
2014-05-19T14:00:00+09:30,lstm,0.8421610991160066,2.1278908130515797,-1.2857297139355732
2014-05-19T15:00:00+09:30,lstm,0.47043887774149584,1.2138992317317256,-0.7434603539902298
2014-05-19T16:00:00+09:30,lstm,0.29316111529866834,0.4816179159411008,-0.18845680064243248
2014-05-20T08:00:00+09:30,lstm,1.2131666764616942,0.5623051312169438,0.6508615452447504
2014-05-20T09:00:00+09:30,lstm,2.355738927920658,1.3458515697825526,1.0098873581381056
2014-05-20T10:00:00+09:30,lstm,2.9565666317939834,2.055698783352744,0.9008678484412393
2014-05-20T11:00:00+09:30,lstm,3.442350029945375,2.515034880510372,0.9273151494350027
2014-05-20T12:00:00+09:30,lstm,3.5779945055643583,2.71875937429387,0.8592351312704882
2014-05-20T13:00:00+09:30,lstm,3.4908166329065917,2.915528743398778,0.5752878895078135
2014-05-20T14:00:00+09:30,lstm,3.131155610084525,2.784940773100039,0.34621483698448596
2014-05-20T15:00:00+09:30,lstm,2.5167333285013833,2.139903508576823,0.3768298199245601
2014-05-20T16:00:00+09:30,lstm,1.3475055322051066,0.9835697629159635,0.36393576928914306
2014-05-21T08:00:00+09:30,lstm,1.1763333330551793,1.0636682810502758,0.11266505200490351
2014-05-21T09:00:00+09:30,lstm,2.353088855743408,2.1388524878337245,0.2142363679096837
2014-05-21T10:00:00+09:30,lstm,3.0387386878331504,2.8643667974099456,0.17437189042320478
2014-05-21T11:00:00+09:30,lstm,3.4398446281750914,3.27636726796255,0.16347736021254144
2014-05-21T12:00:00+09:30,lstm,3.582849979400642,3.437660785522877,0.14518919387776474
2014-05-21T13:00:00+09:30,lstm,3.3700445393721417,3.251228263100177,0.11881627627196467
2014-05-21T14:00:00+09:30,lstm,2.3305610915025134,2.8823673087390977,-0.5518062172365843
2014-05-21T15:00:00+09:30,lstm,0.8873610943555824,2.215568435819854,-1.3282073414642719
2014-05-21T16:00:00+09:30,lstm,0.3712111028532217,1.082886155475045,-0.7116750526218234
2014-05-22T08:00:00+09:30,lstm,0.04954722228770492,0.585803527642895,-0.5362563053551901
2014-05-22T09:00:00+09:30,lstm,0.6092444459597275,1.5508075694722638,-0.9415631235125363
2014-05-22T10:00:00+09:30,lstm,0.5564888790249783,2.2088580008478367,-1.6523691218228582
2014-05-22T11:00:00+09:30,lstm,1.6615000615517292,2.547368695704982,-0.8858686341532529
2014-05-22T12:00:00+09:30,lstm,0.5951499690612166,2.568463238401811,-1.9733132693405944
2014-05-22T13:00:00+09:30,lstm,2.0754389266173083,2.035844143193307,0.039594783424001356
2014-05-22T14:00:00+09:30,lstm,3.2186278899510916,1.2280355964295364,1.9905922935215552
2014-05-22T15:00:00+09:30,lstm,2.5395832856496168,0.8151519953501795,1.7244312902994374
2014-05-22T16:00:00+09:30,lstm,1.3416222209731716,0.30858985186513255,1.0330323691080392
2014-05-23T08:00:00+09:30,lstm,1.210222202042736,0.5820676204695556,0.6281545815731804
2014-05-23T09:00:00+09:30,lstm,2.3838471372922334,1.344708313318172,1.0391388239740613
2014-05-23T10:00:00+09:30,lstm,3.080216646194458,2.0817219789225736,0.9984946672718844
2014-05-23T11:00:00+09:30,lstm,3.4736887216567918,2.615499300347004,0.8581894213097878
2014-05-24T14:00:00+09:30,lstm,3.206733445326492,3.0252983268705673,0.18143511845592464
2014-05-24T15:00:00+09:30,lstm,2.5517999331156416,2.3010266338943417,0.2507732992212999
2014-05-24T16:00:00+09:30,lstm,1.280844456205766,1.2334368142497094,0.04740764195605651
2014-05-25T08:00:00+09:30,lstm,1.2694444010655208,1.0041423163664076,0.2653020846991132
2014-05-25T09:00:00+09:30,lstm,2.400461127360675,2.0693508575047916,0.3311102698558832
2014-05-25T10:00:00+09:30,lstm,3.0943443973859335,2.7897416105873183,0.3046027867986152
2014-05-25T11:00:00+09:30,lstm,3.454727868239083,3.2126839941537377,0.24204387408534522
2014-05-25T12:00:00+09:30,lstm,3.538733323415125,3.367380134412363,0.1713531890027622
2014-05-25T13:00:00+09:30,lstm,3.4354667067527664,3.322724644628024,0.11274206212474258
2014-05-25T14:00:00+09:30,lstm,3.0865832964579254,3.0127456177017384,0.07383767875618696
2014-05-25T15:00:00+09:30,lstm,2.443205515543608,2.2822940889924257,0.1609114265511824
2014-05-25T16:00:00+09:30,lstm,1.2151222564279942,1.1363038108422732,0.07881844558572104
2014-05-26T08:00:00+09:30,lstm,0.30808889369170084,0.8728183725983614,-0.5647294789066606
2014-05-26T09:00:00+09:30,lstm,0.6800499906142567,1.9115764613673711,-1.2315264707531144
2014-05-26T10:00:00+09:30,lstm,0.6443694457411758,2.625223956283272,-1.9808545105420965
2014-05-26T11:00:00+09:30,lstm,0.94852498173714,3.0587720483585317,-2.1102470666213917
2014-05-26T12:00:00+09:30,lstm,1.8305500000715382,3.218807089015526,-1.3882570889439878
2014-05-26T13:00:00+09:30,lstm,2.152527739604325,2.960759105568263,-0.808231365963938
2014-05-26T14:00:00+09:30,lstm,2.5829694072405665,2.263166563167284,0.3198028440732825
2014-05-26T15:00:00+09:30,lstm,1.7460666696230531,1.4215494898491043,0.3245171797739488
2014-05-26T16:00:00+09:30,lstm,0.8101639151573116,0.5330934209750628,0.2770704941822487
2014-05-27T08:00:00+09:30,lstm,1.2194444388151118,0.651837603738382,0.5676068350767298
2014-05-27T09:00:00+09:30,lstm,2.397925049066542,1.5148866116607542,0.8830384374057876
2014-05-27T10:00:00+09:30,lstm,3.1241110960642495,2.250241772978444,0.8738693230858057
2014-05-27T11:00:00+09:30,lstm,3.5338442524274,2.7350861571413967,0.7987580952860034
2014-05-27T12:00:00+09:30,lstm,3.6502418319384415,2.9959187688195685,0.654323063118873
2014-05-27T13:00:00+09:30,lstm,3.532022198041275,2.9330156183802707,0.5990065796610042
2014-05-27T14:00:00+09:30,lstm,3.1338778336842914,2.703756375481067,0.43012145820322445
2014-05-27T15:00:00+09:30,lstm,2.5019861459732082,2.1666171786358044,0.33536896733740384
2014-05-27T16:00:00+09:30,lstm,1.2483000035087433,1.1978751198734945,0.050424883635248774
2014-05-28T08:00:00+09:30,lstm,1.2246333311001443,1.065636442917124,0.15899688818302038
2014-05-28T09:00:00+09:30,lstm,2.2356416781743165,2.1289601537172507,0.1066815244570658
2014-05-28T10:00:00+09:30,lstm,3.0219687620798745,2.8588360467113105,0.163132715368564
2014-05-28T11:00:00+09:30,lstm,3.3794444799423253,3.281355375769452,0.09808910417287331
2014-05-28T12:00:00+09:30,lstm,3.4632610877354835,3.4444160873423044,0.018845000393179046
2014-05-28T13:00:00+09:30,lstm,3.510839064915975,3.4292317552218234,0.08160730969415164
2014-05-28T14:00:00+09:30,lstm,3.171077787876133,3.0284055892934347,0.14267219858269842
2014-05-28T15:00:00+09:30,lstm,2.510183244943625,2.2941935572184406,0.21598968772518434
2014-05-28T16:00:00+09:30,lstm,1.1473611270387976,1.2227082944080732,-0.0753471673692756
2014-05-29T08:00:00+09:30,lstm,0.35812778770923587,0.8815434477593075,-0.5234156600500717
2014-05-29T09:00:00+09:30,lstm,1.171722218394286,1.9614915500333914,-0.7897693316391055
2014-05-29T10:00:00+09:30,lstm,1.797149976094575,2.6867207134073614,-0.8895707373127864
2014-05-29T11:00:00+09:30,lstm,2.37259448568025,3.0964566379754,-0.7238621522951498
2014-05-29T12:00:00+09:30,lstm,2.900788893302275,3.25285907546689,-0.35207018216461483
2014-05-29T13:00:00+09:30,lstm,1.05291109283766,2.8222979789153926,-1.7693868860777326
2014-05-29T14:00:00+09:30,lstm,0.7754111016790125,2.1623750139725075,-1.3869639122934951
2014-05-29T15:00:00+09:30,lstm,0.5568166598677634,1.567363775424219,-1.0105471155564554
2014-05-29T16:00:00+09:30,lstm,0.26766111080845334,0.7048501375539471,-0.43718902674549376
2014-05-30T08:00:00+09:30,lstm,0.5720444458226326,0.498067043641913,0.07397740218071958
2014-05-30T09:00:00+09:30,lstm,1.453116635481506,1.2027383701988414,0.2503782652826645
2014-05-30T10:00:00+09:30,lstm,2.5336000521977917,1.8325675545537976,0.7010324976439941
2014-05-30T11:00:00+09:30,lstm,2.57635550697645,2.2067655433952065,0.36958996358124363
2014-05-30T12:00:00+09:30,lstm,2.7125611503919003,2.351937613906833,0.3606235364850674
2014-05-30T13:00:00+09:30,lstm,2.56689991553625,2.1310949335836,0.4358049819526504
2014-05-30T14:00:00+09:30,lstm,2.3029055595397834,1.788260312927235,0.5146452466125484
2014-05-30T15:00:00+09:30,lstm,1.17862221598626,1.3145217033077672,-0.13589948732150714
2014-05-30T16:00:00+09:30,lstm,0.7889666507641492,0.715357609718719,0.0736090410454302
2014-05-31T08:00:00+09:30,lstm,1.0118472029765408,0.6848439127573971,0.32700329021914376
2014-05-31T09:00:00+09:30,lstm,2.0652777751286835,1.687556249844184,0.3777215252844994
2014-05-31T10:00:00+09:30,lstm,2.5470499595006415,2.4353295621957027,0.11172039730493877
2014-05-31T11:00:00+09:30,lstm,3.362688839435583,2.9150471669156186,0.44764167251996456
2014-05-31T12:00:00+09:30,lstm,3.4759860436121666,3.1432100981520317,0.3327759454601349
2014-05-31T13:00:00+09:30,lstm,3.637025137742358,3.1449912017353983,0.49203393600695966
2014-05-31T14:00:00+09:30,lstm,3.272302806377425,2.825092615252151,0.44721019112527394
2014-05-31T15:00:00+09:30,lstm,2.5936610897382164,2.236951347668276,0.35670974206994055
2014-05-31T16:00:00+09:30,lstm,1.2806722410023175,1.1248319346979505,0.15584030630436696
2014-06-01T08:00:00+09:30,lstm,1.3080333421627675,1.2389896803178375,0.06904366184492994
2014-06-01T09:00:00+09:30,lstm,2.479886134465533,2.299218898571681,0.18066723589385214
2014-06-01T10:00:00+09:30,lstm,3.2549749414126086,3.049043830215097,0.20593111119751173
2014-06-01T11:00:00+09:30,lstm,3.6595916946729083,3.450630103301301,0.2089615913716072
2014-06-01T12:00:00+09:30,lstm,3.822955548763275,3.6267513930076105,0.19620415575566463
2014-06-01T13:00:00+09:30,lstm,3.709305485089608,3.5053778348757327,0.20392765021387538
2014-06-01T14:00:00+09:30,lstm,3.3053417007128334,3.185295201022204,0.1200464996906292
2014-06-01T15:00:00+09:30,lstm,2.646169364452375,2.4949721904895066,0.15119717396286836
2014-06-01T16:00:00+09:30,lstm,1.2799805278579408,1.3871861071212486,-0.10720557926330776
2014-06-02T08:00:00+09:30,lstm,1.306377798318871,1.208122095037392,0.09825570328147881
2014-06-02T09:00:00+09:30,lstm,2.4832056164741583,2.275732842649129,0.2074727738250295
2014-06-02T10:00:00+09:30,lstm,3.1544444163640253,3.0044580579138778,0.14998635845014752
2014-06-02T11:00:00+09:30,lstm,3.6181391477584834,3.4188190844156376,0.1993200633428458
2014-06-02T12:00:00+09:30,lstm,3.7388166785240085,3.5934349175217206,0.14538176100228783
2014-06-02T13:00:00+09:30,lstm,3.4176111817360084,3.4880744983777836,-0.07046331664177519
2014-06-02T14:00:00+09:30,lstm,3.23206679026285,3.2059782239768193,0.026088566286030623
2014-06-02T15:00:00+09:30,lstm,2.619988858699792,2.51651217871109,0.10347667998870191
2014-06-02T16:00:00+09:30,lstm,1.266433319697769,1.3616219273891894,-0.09518860769142035
2014-06-03T08:00:00+09:30,lstm,1.2593778595328375,1.2337545079995853,0.025623351533252237
2014-06-03T09:00:00+09:30,lstm,2.0138889203468966,2.307897453003319,-0.29400853265642235
2014-06-03T10:00:00+09:30,lstm,2.2472276737292627,3.067615651722228,-0.8203879779929655
2014-06-03T11:00:00+09:30,lstm,2.200438956419625,3.4845380748057813,-1.2840991183861563
2014-06-03T12:00:00+09:30,lstm,2.902338872353225,3.65615605613769,-0.7538171837844647
2014-06-03T13:00:00+09:30,lstm,2.232072234153758,3.763306908455192,-1.5312346743014338
2014-06-03T14:00:00+09:30,lstm,2.5852333307266333,3.2795483189624424,-0.6943149882358091
2014-06-03T15:00:00+09:30,lstm,2.0221833636363393,2.4234705504653666,-0.4012871868290273
2014-06-03T16:00:00+09:30,lstm,0.8177666539947192,1.1627529870191244,-0.3449863330244053
2014-06-04T08:00:00+09:30,lstm,1.2678889334201875,1.096752280111308,0.1711366533088794
2014-06-04T09:00:00+09:30,lstm,2.429199655850742,2.196458890659459,0.23274076519128295
2014-06-04T10:00:00+09:30,lstm,3.162994484106692,2.9397632868986263,0.2232311972080656
2014-06-04T11:00:00+09:30,lstm,3.607855598131825,3.3582313686347165,0.24962422949710872
2014-06-04T12:00:00+09:30,lstm,3.757488946119942,3.522588723616259,0.2349002225036827
2014-06-04T13:00:00+09:30,lstm,3.6498554746309835,3.42079017238123,0.22906530224975352
2014-06-04T14:00:00+09:30,lstm,3.2565055290858083,3.1861424974411485,0.07036303164465973
2014-06-04T15:00:00+09:30,lstm,2.596258282661425,2.469683064039393,0.12657521862203192
2014-06-04T16:00:00+09:30,lstm,1.2471249724427815,1.3009566063807072,-0.05383163393792567
2014-06-05T08:00:00+09:30,lstm,1.1135055919488293,1.1079796361779715,0.005525955770857793
2014-06-05T09:00:00+09:30,lstm,2.261416614055633,2.1843392441047573,0.07707736995087577
2014-06-05T10:00:00+09:30,lstm,2.8085111578305586,2.928379490567224,-0.1198683327366652
2014-06-05T11:00:00+09:30,lstm,3.1170556147893334,3.3568982550097948,-0.23984264022046142
2014-06-05T12:00:00+09:30,lstm,3.3588111599286496,3.5179227411145773,-0.1591115811859276
2014-06-05T13:00:00+09:30,lstm,2.819933454195642,3.2846802720873156,-0.4647468178916738
2014-06-05T14:00:00+09:30,lstm,2.995752890904733,3.053586492497245,-0.05783360159251183
2014-06-05T15:00:00+09:30,lstm,2.2871223241090726,2.4182380922097177,-0.13111576810064518
2014-06-05T16:00:00+09:30,lstm,1.0657166639963658,1.186971246143353,-0.12125458214698726
2014-06-06T08:00:00+09:30,lstm,1.22803054501613,0.6626860936285264,0.5653444513876036
2014-06-06T09:00:00+09:30,lstm,2.414394408464433,1.7898347236804746,0.6245596847839585
2014-06-06T10:00:00+09:30,lstm,3.196394364039117,2.599581662436914,0.5968127016022029
2014-06-06T11:00:00+09:30,lstm,3.648938934008267,3.11563556136109,0.5333033726471768
2014-06-06T12:00:00+09:30,lstm,3.8505360285441164,3.340062415795251,0.5104736127488652
2014-06-06T13:00:00+09:30,lstm,3.7407748897870334,3.2808334276050695,0.45994146218196397
2014-06-06T14:00:00+09:30,lstm,3.3229973713557004,3.0978248647852507,0.22517250657044974
2014-06-06T15:00:00+09:30,lstm,2.63252222537995,2.4316042568294067,0.20091796855054334
2014-06-06T16:00:00+09:30,lstm,1.2530888679126884,1.2762477804409458,-0.023158912528257414
2014-06-07T08:00:00+09:30,lstm,1.2200777903199083,1.0445093314690561,0.17556845885085215
2014-06-07T09:00:00+09:30,lstm,2.4505166113376498,2.138553262431719,0.3119633489059308
2014-06-07T10:00:00+09:30,lstm,3.2478610475857916,2.8243552383686374,0.4235058092171542
2014-06-07T11:00:00+09:30,lstm,3.7059889833132416,3.187567719565667,0.5184212637475745
2014-06-07T12:00:00+09:30,lstm,3.887172301610317,3.3187963782676806,0.5683759233426362
2014-06-07T13:00:00+09:30,lstm,3.759122292200725,3.3161131881265673,0.4430091040741577
2014-06-07T14:00:00+09:30,lstm,3.3557890256246083,3.087562824453544,0.26822620117106455
2014-06-07T15:00:00+09:30,lstm,2.6572722991307667,2.45330810658066,0.20396419255010656
2014-06-07T16:00:00+09:30,lstm,1.2069611810147867,1.353595044832923,-0.14663386381813637
2014-06-08T08:00:00+09:30,lstm,1.2281666398048325,1.0311692062126923,0.19699743359214028
2014-06-08T09:00:00+09:30,lstm,2.4332333107789332,2.148195054644132,0.28503825613480105
2014-06-08T10:00:00+09:30,lstm,3.2123001416524253,2.9097384604637107,0.3025616811887146
2014-06-08T11:00:00+09:30,lstm,3.660561243693017,3.3493719897821386,0.31118925391087826
2014-06-08T12:00:00+09:30,lstm,3.834038794040675,3.5291503092173815,0.30488848482329356
2014-06-08T13:00:00+09:30,lstm,3.2636221249898334,3.4474627922433374,-0.183840667253504
2014-06-08T14:00:00+09:30,lstm,3.3874277869860414,3.203917911203146,0.18350987578289546
2014-06-08T15:00:00+09:30,lstm,2.6697333256403746,2.5195492147640994,0.15018411087627515
2014-06-08T16:00:00+09:30,lstm,1.2777166453500608,1.36952599861266,-0.0918093532625992
2014-06-09T08:00:00+09:30,lstm,1.2408194541931208,1.1533044445455063,0.0875150096476145
2014-06-09T09:00:00+09:30,lstm,2.434955577055625,2.274333149675972,0.16062242737965304
2014-06-09T10:00:00+09:30,lstm,3.2031583786010747,3.0535293275536644,0.1496290510474103
2014-06-09T11:00:00+09:30,lstm,3.6367666323979666,3.4845016045895503,0.15226502780841633
2014-06-09T12:00:00+09:30,lstm,3.7889276146888666,3.6305149496937204,0.15841266499514628
2014-06-09T13:00:00+09:30,lstm,3.630236188570658,3.578355585698202,0.051880602872456105
2014-06-09T14:00:00+09:30,lstm,3.3318361838658586,3.247091522806124,0.08474466105973466
2014-06-09T15:00:00+09:30,lstm,2.5958305994669666,2.5361984621746707,0.059632137292295884
2014-06-09T16:00:00+09:30,lstm,1.3003860885898333,1.3776130994329354,-0.07722701084310213
2014-06-10T08:00:00+09:30,lstm,1.2599111075202516,1.1706213513564714,0.08928975616378021
2014-06-10T09:00:00+09:30,lstm,2.508894443511958,2.2884569618342425,0.22043748167771549
2014-06-10T10:00:00+09:30,lstm,2.995627780755367,3.0404421176809127,-0.04481433692554582
2014-06-10T11:00:00+09:30,lstm,3.5048972964287,3.4601422142099545,0.04475508221874547
2014-06-10T12:00:00+09:30,lstm,3.7866888046264666,3.609611578781506,0.17707722584496066
2014-06-10T13:00:00+09:30,lstm,3.483755548795058,3.585548699741312,-0.10179315094625396
2014-06-10T14:00:00+09:30,lstm,3.099061191081992,3.2926146644789314,-0.1935534733969395
2014-06-10T15:00:00+09:30,lstm,1.9927138785521,2.6159963130612196,-0.6232824345091197
2014-06-10T16:00:00+09:30,lstm,0.583341643214225,1.4224755364907704,-0.8391338932765454
2014-06-11T08:00:00+09:30,lstm,1.1672067021330268,1.1231526508694332,0.04405405126359363
2014-06-11T09:00:00+09:30,lstm,2.3505833645661665,2.235580661239191,0.11500270332697538
2014-06-11T10:00:00+09:30,lstm,3.0735888282458,3.0134075097191,0.06018131852669972
2014-06-11T11:00:00+09:30,lstm,3.50550548235575,3.4265126037512172,0.07899287860453263
2014-06-11T12:00:00+09:30,lstm,3.6209555466969747,3.5876144406401917,0.033341106056782976
2014-06-11T13:00:00+09:30,lstm,3.4559277892112914,3.5323537512337504,-0.076425962022459
2014-06-11T14:00:00+09:30,lstm,3.1456390023231666,3.119016944106883,0.026622058216283495
2014-06-11T15:00:00+09:30,lstm,2.496816754341125,2.412522361181782,0.08429439315934317
2014-06-11T16:00:00+09:30,lstm,1.1702444218099133,1.3016518304794145,-0.13140740866950118
2014-06-12T08:00:00+09:30,lstm,0.5168388808767,0.9304066675376653,-0.4135677866609653
2014-06-12T09:00:00+09:30,lstm,2.072277799248675,2.0102169463201793,0.06206085292849561
2014-06-12T10:00:00+09:30,lstm,2.957733154296875,2.756137614094399,0.20159554020247583
2014-06-12T11:00:00+09:30,lstm,3.46080003182095,3.183462190991551,0.27733784082939916
2014-06-12T12:00:00+09:30,lstm,3.2717557152112247,3.336912915773121,-0.06515720056189656
2014-06-12T13:00:00+09:30,lstm,3.256766498088833,3.33756208562203,-0.08079558753319693
2014-06-12T14:00:00+09:30,lstm,1.7445555428663884,2.615901151241194,-0.8713456083748055
2014-06-12T15:00:00+09:30,lstm,1.8107166240612618,2.122390510742775,-0.3116738866815132
2014-06-12T16:00:00+09:30,lstm,0.8204277728994759,1.1643930229579655,-0.34396525005848966
2014-06-13T08:00:00+09:30,lstm,0.7954999792079108,0.612032567898288,0.18346741130962285
2014-06-13T09:00:00+09:30,lstm,1.2095888902743568,1.5770386876818376,-0.36744979740748085
2014-06-13T10:00:00+09:30,lstm,2.467044442892077,2.2841711177259247,0.18287332516615207
2014-06-13T11:00:00+09:30,lstm,3.6257390181223497,2.6964004176817635,0.9293386004405861
2014-06-13T12:00:00+09:30,lstm,3.7778335412343416,2.8796501928154443,0.8981833484188972
2014-06-13T13:00:00+09:30,lstm,3.675127804279333,2.902953643213473,0.7721741610658603
2014-06-13T14:00:00+09:30,lstm,3.2886555592219,2.6009917875882023,0.6876637716336975
2014-06-13T15:00:00+09:30,lstm,2.6143919229507415,1.7546668334269033,0.8597250895238382
2014-06-13T16:00:00+09:30,lstm,1.2318443904320329,0.9877449241587436,0.24409946627328927
2014-06-14T08:00:00+09:30,lstm,0.7980166723330808,1.155894847671372,-0.35787817533829114
2014-06-14T09:00:00+09:30,lstm,2.4005693793296836,2.2461464221390903,0.1544229571905933
2014-06-14T10:00:00+09:30,lstm,1.4391000419855142,2.9618498194769343,-1.52274977749142
2014-06-14T11:00:00+09:30,lstm,3.2277750670909917,3.3743712204204455,-0.14659615332945375
2014-06-14T12:00:00+09:30,lstm,2.596711128950125,3.522161428385164,-0.9254502994350391
2014-06-14T13:00:00+09:30,lstm,2.8322583337624914,3.4608059721453555,-0.6285476383828641
2014-06-14T14:00:00+09:30,lstm,3.1890166401863085,3.0136724700807402,0.17534417010556824
2014-06-14T15:00:00+09:30,lstm,2.31565552949905,2.4801654523286993,-0.16450992282964938
2014-06-14T16:00:00+09:30,lstm,1.1112722232937742,0.873815408939993,0.2374568143537812
2014-06-15T08:00:00+09:30,lstm,0.8045083495477866,0.9305708683251604,-0.12606251877737384
2014-06-15T09:00:00+09:30,lstm,2.2201360762119253,1.9513491828995955,0.26878689331232986
2014-06-15T10:00:00+09:30,lstm,2.078913897275925,2.6651547719621345,-0.5862408746862093
2014-06-15T11:00:00+09:30,lstm,1.582086096207325,3.0759356106324147,-1.4938495144250896
2014-06-15T12:00:00+09:30,lstm,1.477111111084625,3.2258343059820143,-1.7487231948973894
2014-06-15T13:00:00+09:30,lstm,1.6965472002824165,3.2274410310431234,-1.530893830760707
2014-06-15T14:00:00+09:30,lstm,2.13589160641035,2.8034491533938195,-0.6675575469834696
2014-06-15T15:00:00+09:30,lstm,2.4375666628281283,2.3522866253947163,0.08528003743341195
2014-06-15T16:00:00+09:30,lstm,1.1424860979119908,1.1463805103832394,-0.003894412471248554
2014-06-16T08:00:00+09:30,lstm,1.1011277399957182,1.0499744357784753,0.051153304217242956
2014-06-16T09:00:00+09:30,lstm,2.4054833948612164,2.155408863414592,0.2500745314466246
2014-06-16T10:00:00+09:30,lstm,3.1728389064470917,2.8902465717340857,0.28259233471300593
2014-06-16T11:00:00+09:30,lstm,3.667527774969733,3.3043107476386173,0.3632170273311157
2014-06-16T12:00:00+09:30,lstm,3.81334431966145,3.4180588076289093,0.3952855120325407
2014-06-16T13:00:00+09:30,lstm,3.7261278827985245,3.338916063603214,0.38721181919531045
2014-06-16T14:00:00+09:30,lstm,3.3559665679931583,3.114982998933927,0.24098356905923124
2014-06-16T15:00:00+09:30,lstm,2.6725556254386995,2.472584057704416,0.1999715677342837
2014-06-16T16:00:00+09:30,lstm,1.260122197369745,1.3207041682890013,-0.06058197091925632
2014-06-17T08:00:00+09:30,lstm,1.2091888785362208,1.2100238471849174,-0.0008349686486965879
2014-06-17T09:00:00+09:30,lstm,2.4380111893018084,2.319114249670166,0.11889693963164216
2014-06-17T10:00:00+09:30,lstm,3.2174111008644086,3.065735484853844,0.15167561601056478
2014-06-17T11:00:00+09:30,lstm,3.6633222500483082,3.4795913564535783,0.18373089359472994
2014-06-17T12:00:00+09:30,lstm,3.830521921316775,3.6352553992880785,0.19526652202869643
2014-06-18T13:00:00+09:30,lstm,3.5422556201616917,3.5165982785642034,0.025657341597488337
2014-06-18T14:00:00+09:30,lstm,3.1831946969032168,3.3012250280876634,-0.11803033118444661
2014-06-18T15:00:00+09:30,lstm,2.5461998979250584,2.588099311707232,-0.04189941378217377
2014-06-18T16:00:00+09:30,lstm,1.2177971781541943,1.4427159127976907,-0.22491873464349643
2014-06-19T08:00:00+09:30,lstm,0.5665166924397141,0.8154675899422608,-0.24895089750254662
2014-06-19T09:00:00+09:30,lstm,1.4051027645667442,1.9160195514777634,-0.5109167869110192
2014-06-19T10:00:00+09:30,lstm,2.4326694409052583,2.7061825778194377,-0.27351313691417944
2014-06-19T11:00:00+09:30,lstm,2.7974084417025167,3.1163042385349597,-0.31889579683244307
2014-06-19T12:00:00+09:30,lstm,2.6010750035444916,3.1741731421031,-0.5730981385586085
2014-06-19T13:00:00+09:30,lstm,3.212286144495025,3.0644831145913685,0.14780302990365657
2014-06-19T14:00:00+09:30,lstm,3.0844084024429335,2.5098118366593782,0.5745965657835552
2014-06-19T15:00:00+09:30,lstm,2.4611610968907582,1.788500168209795,0.6726609286809633
2014-06-19T16:00:00+09:30,lstm,1.189941669503855,0.9210072538378882,0.26893441566596676
2014-06-20T08:00:00+09:30,lstm,1.096911101291586,0.9015154287191057,0.19539567257248025
2014-06-20T09:00:00+09:30,lstm,2.275261074304575,2.0057434926344135,0.2695175816701614
2014-06-20T10:00:00+09:30,lstm,2.9935109416643666,2.771129417398964,0.22238152426540259
2014-06-20T11:00:00+09:30,lstm,3.402394274870558,3.2154631942594403,0.18693108061111774
2014-06-20T12:00:00+09:30,lstm,3.5607386628786837,3.376996227844502,0.18374243503418164
2014-06-20T13:00:00+09:30,lstm,3.4752278526624,3.305969209518101,0.16925864314429928
2014-06-20T14:00:00+09:30,lstm,3.1275167266527752,3.0329631789199007,0.0945535477328745
2014-06-20T15:00:00+09:30,lstm,2.503833413124083,2.3412673615967097,0.16256605152737347
2014-06-20T16:00:00+09:30,lstm,1.2016666531562867,1.2169785265876114,-0.015311873431324674
2014-06-21T08:00:00+09:30,lstm,1.0701944629351359,0.9650216894566104,0.1051727734785255
2014-06-21T09:00:00+09:30,lstm,2.25560556848845,2.0727030640776003,0.18290250441084988
2014-06-21T10:00:00+09:30,lstm,2.990133345127108,2.8213175237999772,0.1688158213271307
2014-06-21T11:00:00+09:30,lstm,3.290411114692683,3.256074052249323,0.0343370624433601
2014-06-21T12:00:00+09:30,lstm,3.432649850845342,3.4226752584880824,0.009974592357259393
2014-06-21T13:00:00+09:30,lstm,3.4928222298622167,3.3576008579662044,0.13522137189601224
2014-06-21T14:00:00+09:30,lstm,3.1469000577926582,3.0555031295818598,0.09139692821079848
2014-06-21T15:00:00+09:30,lstm,2.4381944338480666,2.363421660925642,0.07477277292242457
2014-06-21T16:00:00+09:30,lstm,1.198805576190365,1.2571387865745165,-0.0583332103841514
2014-06-22T08:00:00+09:30,lstm,1.070716703931496,0.8246365415605187,0.2460801623709773
2014-06-22T09:00:00+09:30,lstm,2.2557444572448753,1.9666056921224313,0.28913876512244396
2014-06-22T10:00:00+09:30,lstm,2.97838896512985,2.7709455396575953,0.2074434254722548
2014-06-22T11:00:00+09:30,lstm,3.392622212568925,3.2290262132323195,0.1635959993366054
2014-06-22T12:00:00+09:30,lstm,3.557555615901958,3.298345746923467,0.2592098689784912
2014-06-22T13:00:00+09:30,lstm,3.4612889289855997,3.159377599450531,0.3019113295350686
2014-06-22T14:00:00+09:30,lstm,3.124800105889642,2.8661640157400186,0.2586360901496234
2014-06-22T15:00:00+09:30,lstm,2.4991087516148833,2.242522724491503,0.2565860271233804
2014-06-22T16:00:00+09:30,lstm,1.2126611359417592,1.1384288582497561,0.07423227769200302
2014-06-23T08:00:00+09:30,lstm,0.9592055579026525,0.682395573845919,0.2768099840567335
2014-06-23T09:00:00+09:30,lstm,1.9624166190624248,1.7485886902269807,0.2138279288354441
2014-06-23T10:00:00+09:30,lstm,2.8455000917116746,2.4861781187683194,0.3593219729433552
2014-06-23T11:00:00+09:30,lstm,3.4002444545428,2.967086094383119,0.4331583601596809
2014-06-23T12:00:00+09:30,lstm,3.592608471711483,3.168489386125209,0.4241190855862742
2014-06-23T13:00:00+09:30,lstm,3.5286333362261417,3.102884555993313,0.4257487802328286
2014-06-23T14:00:00+09:30,lstm,3.1058583060900333,2.7954521679334166,0.3104061381566168
2014-06-23T15:00:00+09:30,lstm,2.3717083533605083,2.1144192240626465,0.25728912929786185
2014-06-23T16:00:00+09:30,lstm,1.1005110889673333,1.0954471552569822,0.005063933710351076
2014-06-24T08:00:00+09:30,lstm,0.2348805386573066,0.8181213494670204,-0.5832408108097138
2014-06-24T09:00:00+09:30,lstm,0.7169583390156475,1.9183358342807035,-1.201377495265056
2014-06-24T10:00:00+09:30,lstm,1.3048999905586216,2.676354351294343,-1.3714543607357212
2014-06-24T11:00:00+09:30,lstm,2.3475472132365085,3.1000166399662676,-0.7524694267297591
2014-06-24T12:00:00+09:30,lstm,1.9448333183924416,3.2376416657084324,-1.2928083473159908
2014-06-24T13:00:00+09:30,lstm,1.5554583867390919,3.1108486334446517,-1.5553902467055598
2014-06-24T14:00:00+09:30,lstm,1.1253666530052808,2.3602043941528876,-1.2348377411476068
2014-06-24T15:00:00+09:30,lstm,1.9478611151377334,1.586160100797311,0.36170101434042246
2014-06-24T16:00:00+09:30,lstm,1.3174611230691284,0.7211456874779218,0.5963154355912066
2014-06-25T08:00:00+09:30,lstm,1.1247728914022508,1.1607952149231793,-0.03602232352092849
2014-06-25T09:00:00+09:30,lstm,2.328999946514758,2.2442473416469397,0.08475260486781844
2014-06-25T10:00:00+09:30,lstm,3.1245110432306915,3.0192770093564,0.10523403387429164
2014-06-25T11:00:00+09:30,lstm,3.5618496735890663,3.453153842264475,0.10869583132459137
2014-06-25T12:00:00+09:30,lstm,3.7053389747937584,3.63668706731128,0.06865190748247851
2014-06-25T13:00:00+09:30,lstm,3.64481113354365,3.611428134807627,0.03338299873602324
2014-06-25T14:00:00+09:30,lstm,3.240883489449825,3.294661237310676,-0.05377774786085121
2014-06-25T15:00:00+09:30,lstm,2.607688963413233,2.5615642608933253,0.046124702519907856
2014-06-25T16:00:00+09:30,lstm,1.2878055647015583,1.4532078427133364,-0.1654022780117781
2014-06-26T08:00:00+09:30,lstm,1.1513722439606884,1.1188393268772576,0.03253291708343076
2014-06-26T09:00:00+09:30,lstm,2.369650026162475,2.242752741297126,0.12689728486534868
2014-06-26T10:00:00+09:30,lstm,3.12953344980875,3.0111516148090818,0.11838183499966837
2014-06-26T11:00:00+09:30,lstm,3.5730069279670666,3.447091474553434,0.12591545341363286
2014-06-26T12:00:00+09:30,lstm,3.710900008678433,3.615578106156871,0.09532190252156214
2014-06-26T13:00:00+09:30,lstm,3.6177498499552416,3.5670628800929203,0.05068696986232135
2014-06-26T14:00:00+09:30,lstm,3.2482056617736834,3.3327695599514726,-0.0845638981777892
2014-06-26T15:00:00+09:30,lstm,2.6102056503295916,2.611227874696266,-0.001022224366674429
2014-06-26T16:00:00+09:30,lstm,1.3011610570053243,1.4819255935614304,-0.18076453655610614
2014-06-27T08:00:00+09:30,lstm,1.1215555593371342,0.994371604855115,0.12718395448201925
2014-06-27T09:00:00+09:30,lstm,2.339916596810025,2.0406223352207413,0.29929426158928374
2014-06-27T10:00:00+09:30,lstm,3.1172445217768416,2.726507344510427,0.39073717726641455
2014-06-27T11:00:00+09:30,lstm,3.552700062592825,3.134470816569647,0.418229246023178
2014-06-27T12:00:00+09:30,lstm,3.71107226610185,3.25069851200581,0.46037375409604
2014-06-27T13:00:00+09:30,lstm,3.597722371419275,3.214075629753541,0.38364674166573387
2014-06-27T14:00:00+09:30,lstm,3.23305559158325,3.0140695713653747,0.2189860202178755
2014-06-27T15:00:00+09:30,lstm,2.5847444136937416,2.390487650236304,0.19425676345743748
2014-06-27T16:00:00+09:30,lstm,1.283961120992904,1.3513961876448006,-0.06743506665189658
2014-06-28T08:00:00+09:30,lstm,1.0966999679803833,0.6955744893495998,0.4011254786307835
2014-06-28T09:00:00+09:30,lstm,2.3797999322414416,1.7918156501230036,0.587984282118438
2014-06-28T10:00:00+09:30,lstm,3.2170554796854582,2.586373337520494,0.6306821421649644
2014-06-28T11:00:00+09:30,lstm,3.709561129411058,3.0711480042003254,0.6384131252107328
2014-06-28T12:00:00+09:30,lstm,3.9090555906295834,3.2930789388129957,0.6159766518165877
2014-06-28T13:00:00+09:30,lstm,3.7996556361516336,3.286966191314882,0.5126894448367514
2014-06-28T14:00:00+09:30,lstm,3.4174889127413586,3.0864590491185946,0.331029863622764
2014-06-28T15:00:00+09:30,lstm,2.7346444527308,2.512671610498614,0.22197284223218583
2014-06-28T16:00:00+09:30,lstm,1.3846777540942108,1.458960552844241,-0.0742827987500303
2014-06-29T08:00:00+09:30,lstm,1.0692777633667034,1.1288314452016281,-0.05955368183492471
2014-06-29T09:00:00+09:30,lstm,2.3437361319859917,2.2368859557224297,0.10685017626356208
2014-06-29T10:00:00+09:30,lstm,3.174447198708858,3.006684946279824,0.16776225242903386
2014-06-29T11:00:00+09:30,lstm,3.650889058907833,3.4397585862862576,0.21113047262157547
2014-06-29T12:00:00+09:30,lstm,3.8417523701985665,3.578047539592736,0.2637048306058305
2014-06-29T13:00:00+09:30,lstm,3.7372638185819,3.49492767607984,0.24233614250206026
2014-06-29T14:00:00+09:30,lstm,3.360097229480733,3.161784464092854,0.19831276538787934
2014-06-29T15:00:00+09:30,lstm,2.6963750521342003,2.541747872053703,0.15462718008049725
2014-06-29T16:00:00+09:30,lstm,1.3804777810970874,1.4683844991255177,-0.08790671802843031
2014-06-30T08:00:00+09:30,lstm,1.07031112164259,1.1742970402658017,-0.10398591862321171
2014-06-30T09:00:00+09:30,lstm,2.370127737522117,2.2897780318063625,0.08034970571575428
2014-06-30T10:00:00+09:30,lstm,3.177533328533175,3.038519882842179,0.13901344569099594
2014-06-30T11:00:00+09:30,lstm,3.6656611760457416,3.385924645664549,0.2797365303811925
2014-06-30T12:00:00+09:30,lstm,3.8214666247367837,3.457358773381434,0.3641078513553495
2014-06-30T13:00:00+09:30,lstm,3.6981275876363,3.361912994555991,0.3362145930803089
2014-06-30T14:00:00+09:30,lstm,3.3430833816528334,3.122851575307415,0.2202318063454185
2014-06-30T15:00:00+09:30,lstm,2.681555489699058,2.523949388759578,0.15760610093948024
2014-06-30T16:00:00+09:30,lstm,1.3736111223697633,1.4277078675247348,-0.054096745154971426
2014-07-01T08:00:00+09:30,lstm,1.108683347702039,1.170787121211409,-0.06210377350936991
2014-07-01T09:00:00+09:30,lstm,2.2738443613052417,2.3029533638992623,-0.029109002594020605
2014-07-01T10:00:00+09:30,lstm,3.15454985698065,3.0668530001307217,0.08769685684992812
2014-07-01T11:00:00+09:30,lstm,3.6158111095428667,3.4984235583417065,0.11738755120116018
2014-07-01T12:00:00+09:30,lstm,3.7866276899973332,3.6636322808360986,0.12299540916123464
2014-07-01T13:00:00+09:30,lstm,3.6783501704533834,3.6382520636598645,0.040098106793518884
2014-07-01T14:00:00+09:30,lstm,3.3213499585787503,3.3549346307163614,-0.03358467213761118
2014-07-01T15:00:00+09:30,lstm,2.6663666168848583,2.6539755480994502,0.012391068785408077
2014-07-01T16:00:00+09:30,lstm,1.36901107802987,1.548040116168766,-0.17902903813889592
2014-07-02T08:00:00+09:30,lstm,1.0527444519102591,1.1952417158182589,-0.14249726390799977
2014-07-02T09:00:00+09:30,lstm,2.3573028047879583,2.323417819999862,0.03388498478809643
2014-07-02T10:00:00+09:30,lstm,3.151947200298308,3.107491338004462,0.044455862293845794
2014-07-02T11:00:00+09:30,lstm,3.6156585017840004,3.5269017083506093,0.08875679343339105
2014-07-02T12:00:00+09:30,lstm,3.8036278287569663,3.6751100515851376,0.12851777717182866
2014-07-02T13:00:00+09:30,lstm,3.6806335051854333,3.6160756277578248,0.06455787742760855
2014-07-02T14:00:00+09:30,lstm,3.317711055278767,3.332772782900814,-0.015061727622046828
2014-07-02T15:00:00+09:30,lstm,2.6706250111261998,2.6386604320872764,0.03196457903892336
2014-07-02T16:00:00+09:30,lstm,1.3849278042713806,1.530998389861431,-0.14607058559005037
2014-07-03T08:00:00+09:30,lstm,1.105322205772011,1.19850048866559,-0.09317828289357899
2014-07-03T09:00:00+09:30,lstm,2.3611999650796336,2.336432937584715,0.024767027494918548
2014-07-03T10:00:00+09:30,lstm,3.1170666019121835,3.112171738963724,0.004894862948459533
2014-07-03T11:00:00+09:30,lstm,3.5448389252026753,3.5365149180912328,0.008324007111442544
2014-07-03T12:00:00+09:30,lstm,3.7114362517992583,3.6780347932979383,0.033401458501320036
2014-07-03T13:00:00+09:30,lstm,3.6119749744733003,3.570193381676828,0.0417815927964722
2014-07-03T14:00:00+09:30,lstm,3.292938888072967,3.25936213909313,0.03357674897983687
2014-07-03T15:00:00+09:30,lstm,2.669486105442042,2.5872023140168663,0.0822837914251755
2014-07-03T16:00:00+09:30,lstm,1.4132361275454324,1.4979919112135032,-0.0847557836680708
2014-07-04T08:00:00+09:30,lstm,1.076805590341486,1.1540441538265696,-0.07723856348508362
2014-07-04T09:00:00+09:30,lstm,2.3343445261319498,2.281130180207924,0.05321434592402596
2014-07-04T10:00:00+09:30,lstm,3.07297227780025,3.0521231038673684,0.02084917393288155
2014-07-04T11:00:00+09:30,lstm,3.5329851706822666,3.499468133186123,0.033517037496143764
2014-07-04T12:00:00+09:30,lstm,3.7628387610117584,3.6611969185364424,0.10164184247531605
2014-07-04T13:00:00+09:30,lstm,3.6631944179534917,3.6130162006883393,0.05017821726515237
2014-07-04T14:00:00+09:30,lstm,3.3032445311546415,3.253011911117234,0.05023262003740747
2014-07-04T15:00:00+09:30,lstm,2.672438919544233,2.565482519147819,0.10695640039641363
2014-07-04T16:00:00+09:30,lstm,1.4215222448110583,1.4659401040862599,-0.04441785927520159
2014-07-05T08:00:00+09:30,lstm,1.0812444637218965,1.1228127145283793,-0.04156825080648274
2014-07-05T09:00:00+09:30,lstm,2.3529277543226916,2.2558624270008107,0.09706532732188089
2014-07-05T10:00:00+09:30,lstm,3.1092277963956083,3.0454816230483637,0.06374617334724464
2014-07-05T11:00:00+09:30,lstm,3.562322278817508,3.493463948192138,0.06885833062537028
2014-07-05T12:00:00+09:30,lstm,3.7400943438212084,3.665606761379945,0.07448758244126363
2014-07-05T13:00:00+09:30,lstm,3.6507498423258418,3.6324918050423447,0.018258037283497064
2014-07-05T14:00:00+09:30,lstm,3.280583322048175,3.2876343596020137,-0.007051037553838846
2014-07-05T15:00:00+09:30,lstm,2.6533332864443584,2.6060343462760818,0.047298940168276626
2014-07-05T16:00:00+09:30,lstm,1.4287889140347634,1.525320825338853,-0.09653191130408967
2014-07-06T08:00:00+09:30,lstm,1.1294666528701816,1.1713923571719282,-0.04192570430174669
2014-07-06T09:00:00+09:30,lstm,2.363427788019175,2.312600329793513,0.050827458225661815
2014-07-06T10:00:00+09:30,lstm,3.1889999906222,3.1031736036605566,0.08582638696164357
2014-07-06T11:00:00+09:30,lstm,3.6515445311864165,3.552780295272361,0.09876423591405548
2014-07-06T12:00:00+09:30,lstm,3.7574997941652835,3.731809872686939,0.02568992147834459
2014-07-06T13:00:00+09:30,lstm,3.668127854665117,3.6974858014596017,-0.02935794679448467
2014-07-06T14:00:00+09:30,lstm,3.312027831872292,3.48741939151693,-0.17539155964463804
2014-07-06T15:00:00+09:30,lstm,2.7054888804753667,2.7164856683480183,-0.01099678787265157
2014-07-06T16:00:00+09:30,lstm,1.4738750942051408,1.5960355144297427,-0.12216042022460183
2014-07-07T08:00:00+09:30,lstm,1.0963110967228757,1.21827463990595,-0.12196354318307434
2014-07-07T09:00:00+09:30,lstm,2.3796165784199834,2.345378911997227,0.03423766642275661
2014-07-07T10:00:00+09:30,lstm,3.1405388315518583,3.122184085535934,0.018354746015924128
2014-07-07T11:00:00+09:30,lstm,3.5895056128501914,3.4785525489921936,0.11095306385799786
2014-07-07T12:00:00+09:30,lstm,3.722106059392308,3.5715895972572747,0.15051646213503345
2014-07-07T13:00:00+09:30,lstm,3.6167167027791254,3.503879333060927,0.11283736971819858
2014-07-07T14:00:00+09:30,lstm,3.290933310985558,3.19732155167492,0.09361175931063803
2014-07-07T15:00:00+09:30,lstm,2.6820167104403247,2.5541625032875928,0.127854207152732
2014-07-07T16:00:00+09:30,lstm,1.4828556180000267,1.4934294447557972,-0.010573826755770455
2014-07-08T08:00:00+09:30,lstm,1.081677767137675,0.8005655627397433,0.2811122043979316
2014-07-08T09:00:00+09:30,lstm,2.3278943896293582,1.9179895368554232,0.40990485277393507
2014-07-08T10:00:00+09:30,lstm,3.1047278046608002,2.772499170869029,0.33222863379177126
2014-07-08T11:00:00+09:30,lstm,3.546833376089733,3.271317415231424,0.2755159608583089
2014-07-08T12:00:00+09:30,lstm,3.7149558266003915,3.450792777428582,0.26416304917180966
2014-07-08T13:00:00+09:30,lstm,3.6123666365941247,3.43199110874474,0.18037552784938482
2014-07-08T14:00:00+09:30,lstm,3.273127834002167,3.196531929086294,0.07659590491587309
2014-07-08T15:00:00+09:30,lstm,2.6418055097262,2.5826974789822508,0.059108030743949325
2014-07-08T16:00:00+09:30,lstm,1.464033315579105,1.565117379733312,-0.10108406415420701
2014-07-09T08:00:00+09:30,lstm,1.0420305207371767,0.8609534662633092,0.18107705447386757
2014-07-09T09:00:00+09:30,lstm,2.3330165942509997,1.9851949005931144,0.3478216936578853
2014-07-09T10:00:00+09:30,lstm,3.025672177473717,2.786441140832884,0.23923103664083323
2014-07-09T11:00:00+09:30,lstm,3.6221109827359332,3.2490748240534306,0.3730361586825026
2014-07-09T12:00:00+09:30,lstm,3.8112971385320162,3.418515787919727,0.39278135061228925
2014-07-09T13:00:00+09:30,lstm,3.6107388734817416,3.3748865530572325,0.2358523204245091
2014-07-09T14:00:00+09:30,lstm,3.3744167089462334,3.1014479687316436,0.2729687402145897
2014-07-09T15:00:00+09:30,lstm,2.7272583047549,2.517621382171246,0.20963692258365407
2014-07-09T16:00:00+09:30,lstm,1.5279388936857308,1.4924996662780519,0.03543922740767891
2014-07-10T08:00:00+09:30,lstm,1.0701777699093025,1.1374773460675707,-0.0672995761582682
2014-07-10T09:00:00+09:30,lstm,2.35533609986305,2.2607306071664333,0.09460549269661689
2014-07-10T10:00:00+09:30,lstm,3.1734916567802416,3.0532518146524845,0.12023984212775707
2014-07-10T11:00:00+09:30,lstm,3.6144693692525167,3.5195874792638304,0.0948818899886863
2014-07-10T12:00:00+09:30,lstm,3.7693750659624747,3.7154620558542377,0.053913010108237014
2014-07-10T13:00:00+09:30,lstm,3.6747194528579663,3.69395819859106,-0.019238745733093587
2014-07-10T14:00:00+09:30,lstm,3.3239334623018917,3.3246221136455034,-0.0006886513436117347
2014-07-10T15:00:00+09:30,lstm,2.692327678203583,2.666724517920275,0.025603160283308224
2014-07-10T16:00:00+09:30,lstm,1.5049499546488132,1.6142510304057445,-0.10930107575693127
2014-07-11T08:00:00+09:30,lstm,1.0522972655793101,1.2201181245219626,-0.16782085894265242
2014-07-11T09:00:00+09:30,lstm,2.3308944106102083,2.3445928516157677,-0.013698441005559392
2014-07-11T10:00:00+09:30,lstm,3.1093498667081083,3.0694776682969533,0.03987219841115497
2014-07-11T11:00:00+09:30,lstm,3.56102818250655,3.4874044641726125,0.07362371833393766
2014-07-11T12:00:00+09:30,lstm,3.6886443893114667,3.679977722864022,0.008666666447444626
2014-07-11T13:00:00+09:30,lstm,3.6016167998313833,3.65224746673122,-0.05063066689983664
2014-07-11T14:00:00+09:30,lstm,3.2661167581876085,3.283897604284111,-0.017780846096502323
2014-07-11T15:00:00+09:30,lstm,2.6554166674613917,2.6253562668351798,0.03006040062621196
2014-07-11T16:00:00+09:30,lstm,1.4971111007034665,1.5275368574543864,-0.030425756750919852
2014-07-12T08:00:00+09:30,lstm,1.045233331620695,1.1084548515769048,-0.06322151995620984
2014-07-12T09:00:00+09:30,lstm,1.84257780512175,2.252425321157195,-0.4098475160354451
2014-07-12T10:00:00+09:30,lstm,2.6808945139249167,3.0677018232098807,-0.386807309284964
2014-07-12T11:00:00+09:30,lstm,3.199427783489225,3.526880843994347,-0.327453060505122
2014-07-12T12:00:00+09:30,lstm,3.4282110730807,3.7038623219169664,-0.27565124883626657
2014-07-12T13:00:00+09:30,lstm,3.673827687899267,3.704661782982529,-0.030834095083261737
2014-07-12T14:00:00+09:30,lstm,2.601749996344258,3.274663684792288,-0.67291368844803
2014-07-12T15:00:00+09:30,lstm,1.9068555434544834,2.446665099101441,-0.5398095556469578
2014-07-12T16:00:00+09:30,lstm,0.894677795469765,1.4103599186227451,-0.5156821231529801
2014-07-13T08:00:00+09:30,lstm,0.015283331274986248,0.6015136245782946,-0.5862302933033083
2014-07-13T09:00:00+09:30,lstm,0.16192223380009427,1.7044346659158156,-1.5425124321157213
2014-07-13T10:00:00+09:30,lstm,0.2826833526293442,2.501259316509878,-2.218575963880534
2014-07-13T11:00:00+09:30,lstm,0.2551444495717675,2.9421772759552827,-2.6870328263835153
2014-07-13T12:00:00+09:30,lstm,0.2977555717031167,3.0822700631194295,-2.7845144914163127
2014-07-13T13:00:00+09:30,lstm,0.30624444410205,2.9142675524328423,-2.6080231083307925
2014-07-13T14:00:00+09:30,lstm,0.24992776413758586,1.901548084862911,-1.651620320725325
2014-07-13T15:00:00+09:30,lstm,0.1311166544134415,1.0321781589854413,-0.9010615045719998
2014-07-13T16:00:00+09:30,lstm,0.1345050722981491,0.3996622156560755,-0.2651571433579264
2014-07-19T13:00:00+09:30,lstm,3.086911151806508,3.234208546144265,-0.14729739433775713
2014-07-19T14:00:00+09:30,lstm,3.450489004453025,2.660101526652755,0.7903874778002704
2014-07-19T15:00:00+09:30,lstm,2.81578332185745,2.3797274946024496,0.4360558272550006
2014-07-19T16:00:00+09:30,lstm,1.6840388874213044,1.505116325546969,0.1789225618743353
2014-07-20T08:00:00+09:30,lstm,1.0371472413341183,1.1187012065350903,-0.08155396520097202
2014-07-20T09:00:00+09:30,lstm,2.366947203874575,2.2538137338076574,0.11313347006691776
2014-07-20T10:00:00+09:30,lstm,3.124272227287292,3.03199052673447,0.09228170055282225
2014-07-20T11:00:00+09:30,lstm,3.548200150330867,3.4956212887038767,0.052578861626990214
2014-07-20T12:00:00+09:30,lstm,3.700241704781842,3.6804691378241183,0.01977256695772356
2014-07-20T13:00:00+09:30,lstm,3.6369916796684163,3.6522159157534575,-0.015224236085041198
2014-07-20T14:00:00+09:30,lstm,3.3215694427490337,3.326135033917889,-0.004565591168855132
2014-07-20T15:00:00+09:30,lstm,2.7001278599103418,2.679437865669432,0.02068999424090956
2014-07-20T16:00:00+09:30,lstm,1.6153499508897424,1.5717329073286732,0.04361704356106921
2014-07-21T08:00:00+09:30,lstm,0.3896000050008292,1.0463233430614867,-0.6567233380606574
2014-07-21T09:00:00+09:30,lstm,1.088138853510224,2.1753954748681106,-1.0872566213578865
2014-07-21T10:00:00+09:30,lstm,2.1185167431831333,2.959589514215186,-0.8410727710320525
2014-07-21T11:00:00+09:30,lstm,3.06375004847845,3.411661422815282,-0.34791137433683206
2014-07-21T12:00:00+09:30,lstm,3.181022127469383,3.5050777613291637,-0.32405563385978065
2014-07-21T13:00:00+09:30,lstm,3.5928387840588916,3.392206173930801,0.20063261012809042
2014-07-21T14:00:00+09:30,lstm,3.135716617107392,2.6765165165348854,0.4592001005725064
2014-07-21T15:00:00+09:30,lstm,2.6647388736406916,1.8870278499356563,0.7777110237050353
2014-07-21T16:00:00+09:30,lstm,1.3695611159006702,1.056815930289169,0.3127451856115011
2014-07-22T08:00:00+09:30,lstm,0.6952444662650415,0.8240070910727113,-0.12876262480766976
2014-07-22T09:00:00+09:30,lstm,2.2512277911106735,1.9318121728791922,0.31941561823148135
2014-07-22T10:00:00+09:30,lstm,2.5138555963834253,2.695480520088183,-0.1816249237047578
2014-07-22T11:00:00+09:30,lstm,3.3707056442896666,3.158118274402635,0.21258736988703175
2014-07-22T12:00:00+09:30,lstm,3.6904390056928,3.328089158992211,0.36234984670058923
2014-07-22T13:00:00+09:30,lstm,3.6077554424603835,3.2828677871550993,0.3248876553052842
2014-07-22T14:00:00+09:30,lstm,3.282755553722375,2.88987135257919,0.3928842011431848
2014-07-22T15:00:00+09:30,lstm,2.6465721925099666,2.4470827254845124,0.19948946702545411
2014-07-22T16:00:00+09:30,lstm,1.5625833223263441,1.3310924761426004,0.23149084618374371
2014-07-23T08:00:00+09:30,lstm,0.08467777632176866,0.6891929860429244,-0.6045152097211558
2014-07-23T09:00:00+09:30,lstm,0.5815888792276391,1.834572059415192,-1.2529831801875528
2014-07-23T10:00:00+09:30,lstm,0.676227778196335,2.6798276729108204,-2.0035998947144855
2014-07-23T11:00:00+09:30,lstm,1.0496583382288676,3.1570601292452025,-2.107401791016335
2014-07-23T12:00:00+09:30,lstm,2.8615944584210666,3.345266630836935,-0.4836721724158686
2014-07-23T13:00:00+09:30,lstm,3.98489437500635,3.221216667720452,0.7636777072858982
2014-07-23T14:00:00+09:30,lstm,3.3125555713971497,2.355169638394992,0.9573859330021577
2014-07-23T15:00:00+09:30,lstm,2.6738277077674835,1.5913682597112153,1.0824594480562681
2014-07-23T16:00:00+09:30,lstm,1.58624724298715,0.700838201732414,0.885409041254736
2014-07-24T08:00:00+09:30,lstm,0.9220444535215734,0.6766348487488891,0.24540960477268425
2014-07-24T09:00:00+09:30,lstm,2.3668027122815336,1.7304653675650323,0.6363373447165013
2014-07-24T10:00:00+09:30,lstm,3.1257499655087746,2.520871472138608,0.6048784933701667
2014-07-24T11:00:00+09:30,lstm,3.5770309368769335,3.038428622487145,0.5386023143897885
2014-07-24T12:00:00+09:30,lstm,3.6427417397499,3.2974892905432367,0.3452524492066633
2014-07-24T13:00:00+09:30,lstm,3.646600107351942,3.330534529397717,0.31606557795422496
2014-07-24T14:00:00+09:30,lstm,3.346508264541633,3.021572767060903,0.3249354974807299
2014-07-24T15:00:00+09:30,lstm,1.9442472507556425,2.56513410136113,-0.6208868506054877
2014-07-24T16:00:00+09:30,lstm,0.7856722151239642,1.5475738911022057,-0.7619016759782414
2014-07-25T08:00:00+09:30,lstm,1.0323305365939908,0.7638630185093469,0.26846751808464386
2014-07-25T09:00:00+09:30,lstm,2.354211091995225,1.8904515550951686,0.46375953690005645
2014-07-25T10:00:00+09:30,lstm,3.0670804977416997,2.69560842028836,0.37147207745333954
2014-07-25T11:00:00+09:30,lstm,3.62018609046935,3.1761829054607884,0.44400318500856173
2014-07-25T12:00:00+09:30,lstm,3.794447322686517,3.3663962867186936,0.42805103596782335
2014-07-25T13:00:00+09:30,lstm,3.7159029245376582,3.373633334650193,0.34226958988746503
2014-07-25T14:00:00+09:30,lstm,3.3473749160766584,3.196968553907588,0.15040636216907055
2014-07-25T15:00:00+09:30,lstm,2.718225578467058,2.5832713335939204,0.13495424487313779
2014-07-25T16:00:00+09:30,lstm,1.6425610482692807,1.4529749846234252,0.1895860636458555
2014-07-26T08:00:00+09:30,lstm,1.05609445398051,1.0545476736721378,0.0015467803083721865
2014-07-26T09:00:00+09:30,lstm,2.3727444410324083,2.209650761571347,0.16309367946106113
2014-07-26T10:00:00+09:30,lstm,3.168949961662292,2.995142038028308,0.173807923633984
2014-07-26T11:00:00+09:30,lstm,3.6546167532602833,3.457509573484826,0.19710717977545755
2014-07-26T12:00:00+09:30,lstm,3.8137941360473584,3.6497615550155786,0.16403258103177976
2014-07-26T13:00:00+09:30,lstm,3.6981335481007833,3.6634741866894607,0.03465936141132264
2014-07-26T14:00:00+09:30,lstm,3.3846557339032413,3.3288652112678205,0.055790522635420725
2014-07-26T15:00:00+09:30,lstm,2.7527610460917082,2.6591644965389913,0.0935965495527169
2014-07-26T16:00:00+09:30,lstm,1.6837778240442234,1.5419389882511723,0.14183883579305112
2014-07-27T08:00:00+09:30,lstm,1.055624974270665,1.0126966600267195,0.04292831424394539
2014-07-27T09:00:00+09:30,lstm,2.379013846317925,2.1370935208234654,0.24192032549445974
2014-07-27T10:00:00+09:30,lstm,3.1221916079521166,2.9497137189177005,0.17247788903441608
2014-07-27T11:00:00+09:30,lstm,3.5750000278154914,3.4516317620308037,0.12336826578468774
2014-07-27T12:00:00+09:30,lstm,3.7144556244214333,3.647167928940372,0.0672876954810615
2014-07-27T13:00:00+09:30,lstm,3.658666630585975,3.6285923755971607,0.03007425498881444
2014-07-27T14:00:00+09:30,lstm,3.3215859134992,3.2792328091848173,0.04235310431438277
2014-07-27T15:00:00+09:30,lstm,2.72434719403585,2.5870737353010385,0.13727345873481145
2014-07-27T16:00:00+09:30,lstm,1.6681222319602884,1.4519104359745385,0.2162117959857499
2014-07-28T08:00:00+09:30,lstm,1.0514555523792959,0.9438663347945777,0.10758921758471818
2014-07-28T09:00:00+09:30,lstm,2.3710554838180418,2.1139665693091025,0.2570889145089392
2014-07-28T10:00:00+09:30,lstm,3.1101277867953168,2.939733432209991,0.17039435458532592
2014-07-28T11:00:00+09:30,lstm,3.529427826404575,3.452396618798175,0.07703120760639992
2014-07-28T12:00:00+09:30,lstm,3.7162224253018667,3.6437706010767847,0.072451824225082
2014-07-28T13:00:00+09:30,lstm,3.6479611595471497,3.609863308087955,0.038097851459194754
2014-07-28T14:00:00+09:30,lstm,3.3420110543569,3.2733451592538585,0.06866589510304166
2014-07-28T15:00:00+09:30,lstm,2.7247555255889835,2.5891260755158148,0.13562945007316873
2014-07-28T16:00:00+09:30,lstm,1.673394446571665,1.4615107539177965,0.21188369265386853
2014-07-29T08:00:00+09:30,lstm,1.0492611105243417,1.008772804018107,0.040488306506234695
2014-07-29T09:00:00+09:30,lstm,2.3650666972001333,2.1790166280820076,0.18605006911812572
2014-07-29T10:00:00+09:30,lstm,3.0956167976061586,2.9468749790636397,0.1487418185425189
2014-07-29T11:00:00+09:30,lstm,3.5258999466896,3.3416718549189635,0.18422809177063648
2014-07-29T12:00:00+09:30,lstm,3.7397941946983333,3.508715453362049,0.23107874133628448
2014-07-29T13:00:00+09:30,lstm,3.696872254212708,3.5195964695962036,0.1772757846165045
2014-07-29T14:00:00+09:30,lstm,3.3446111480394833,3.1822294976829486,0.16238165035653473
2014-07-29T15:00:00+09:30,lstm,2.7563500603040083,2.5421039231414637,0.2142461371625446
2014-07-29T16:00:00+09:30,lstm,1.6780000229676573,1.4486831610959348,0.2293168618717225
2014-07-30T08:00:00+09:30,lstm,1.0767749945322684,1.0253327842133695,0.05144221031889895
2014-07-30T09:00:00+09:30,lstm,2.4059472183386417,2.2078888260551164,0.1980583922835253
2014-07-30T10:00:00+09:30,lstm,3.147105515003217,3.025945970059262,0.12115954494395487
2014-07-30T11:00:00+09:30,lstm,3.6184418797492914,3.507215255258116,0.11122662449117549
2014-07-30T12:00:00+09:30,lstm,3.813527762889867,3.6689026511537364,0.14462511173613057
2014-07-30T13:00:00+09:30,lstm,3.738647301991792,3.653445216483806,0.0852020855079858
2014-07-30T14:00:00+09:30,lstm,3.4174944758415333,3.28346810387715,0.13402637196438327
2014-07-30T15:00:00+09:30,lstm,2.7918500502904333,2.605160418117843,0.18668963217259016
2014-07-30T16:00:00+09:30,lstm,1.7356917113065793,1.4956527285073484,0.24003898279923086
2014-07-31T08:00:00+09:30,lstm,1.082269443819915,1.078793455087452,0.003475988732462909
2014-07-31T09:00:00+09:30,lstm,2.410155584414808,2.224337826534244,0.1858177578805642
2014-07-31T10:00:00+09:30,lstm,3.1279165148734998,2.995952524973196,0.13196398990030378
2014-07-31T11:00:00+09:30,lstm,3.5663193662961254,3.4858472707540122,0.08047209554211321
2014-07-31T12:00:00+09:30,lstm,3.7462637821833336,3.6412945278380797,0.10496925434525384
2014-07-31T13:00:00+09:30,lstm,3.7261860370636,3.6131386727633097,0.11304736430029028
2014-07-31T14:00:00+09:30,lstm,3.2671472032864837,3.266717927263521,0.00042927602296272127
2014-07-31T15:00:00+09:30,lstm,2.793383379777275,2.5932421210825183,0.20014125869475663
2014-07-31T16:00:00+09:30,lstm,1.699833323558171,1.4612789136013615,0.23855440995680954
2014-08-01T08:00:00+09:30,lstm,1.0708666505912874,1.0139313464750461,0.05693530411624126
2014-08-01T09:00:00+09:30,lstm,2.4634750187397167,2.113063889050161,0.3504111296895558
2014-08-01T10:00:00+09:30,lstm,3.280025005340575,2.866478168486342,0.41354683685423277
2014-08-01T11:00:00+09:30,lstm,3.5534528990586587,3.377123619157941,0.17632927990071767
2014-08-01T12:00:00+09:30,lstm,3.9923195640246085,3.555245851518478,0.43707371250613036
2014-08-01T13:00:00+09:30,lstm,3.878344396750117,3.4965841024123705,0.3817602943377465
2014-08-01T14:00:00+09:30,lstm,3.537713905175517,3.2462773040251567,0.2914366011503602
2014-08-01T15:00:00+09:30,lstm,2.8895833492279,2.676880200923718,0.21270314830418213
2014-08-01T16:00:00+09:30,lstm,1.7497055232524892,1.5806238371590133,0.16908168609347585
2014-08-02T08:00:00+09:30,lstm,1.0190944423278174,1.199614399328073,-0.18051995700025558
2014-08-02T09:00:00+09:30,lstm,2.4690222740173335,2.3868971998556066,0.08212507416172699
2014-08-02T10:00:00+09:30,lstm,3.2935779690742497,3.195834754255091,0.09774321481915882
2014-08-02T11:00:00+09:30,lstm,3.767927765846258,3.6491364724722732,0.11879129337398497
2014-08-02T12:00:00+09:30,lstm,3.9607388377189667,3.8005818442478856,0.16015699347108114
2014-08-02T13:00:00+09:30,lstm,3.8632999658584417,3.796625589116947,0.06667437674149479
2014-08-02T14:00:00+09:30,lstm,3.5107889175415,3.4382341312478086,0.07255478629369128
2014-08-02T15:00:00+09:30,lstm,2.857455591360733,2.7930609091510625,0.0643946822096706
2014-08-02T16:00:00+09:30,lstm,1.7482165892918884,1.6770467633360737,0.07116982595581467
2014-08-03T08:00:00+09:30,lstm,1.1184110802908716,1.192383595860922,-0.07397251557005036
2014-08-03T09:00:00+09:30,lstm,2.5437167088190584,2.3792710231983696,0.16444568562068884
2014-08-03T10:00:00+09:30,lstm,3.37496664126715,3.179530362424041,0.195436278843109
2014-08-03T11:00:00+09:30,lstm,3.8539557059605998,3.6454180370769422,0.20853766888365755
2014-08-03T12:00:00+09:30,lstm,4.063055535157517,3.8064472727912806,0.25660826236623624
2014-08-03T13:00:00+09:30,lstm,3.9901334047317416,3.7976959475560936,0.19243745717564797
2014-08-03T14:00:00+09:30,lstm,3.63884991407395,3.4662788793847588,0.1725710346891911
2014-08-03T15:00:00+09:30,lstm,3.005777716636658,2.8395594170719045,0.16621829956475365
2014-08-03T16:00:00+09:30,lstm,1.8514277786016466,1.7546502946079148,0.09677748399373187
2014-08-04T08:00:00+09:30,lstm,1.1350638692577701,1.2769754884764355,-0.14191161921866535
2014-08-04T09:00:00+09:30,lstm,2.575883229573567,2.455188951964695,0.12069427760887175
2014-08-04T10:00:00+09:30,lstm,3.4520251154899753,3.2564294248214325,0.19559569066854277
2014-08-04T11:00:00+09:30,lstm,4.00020825862885,3.72964371147174,0.27056454715710965
2014-08-04T12:00:00+09:30,lstm,4.217866897583,3.891497682959633,0.32636921462336677
2014-08-04T13:00:00+09:30,lstm,4.117463966210683,3.8753188165239827,0.2421451496867002
2014-08-04T14:00:00+09:30,lstm,3.741191605726858,3.517493749594355,0.22369785613250315
2014-08-04T15:00:00+09:30,lstm,3.0653083324432333,2.857987223632152,0.20732110881108134
2014-08-04T16:00:00+09:30,lstm,1.864602789282799,1.762526673911387,0.10207611537141204
2014-08-05T08:00:00+09:30,lstm,1.1804472096264433,1.2237525936055063,-0.04330538397906292
2014-08-05T09:00:00+09:30,lstm,2.6205055514971582,2.401464591620592,0.21904095987656635
2014-08-05T10:00:00+09:30,lstm,3.0556555390357834,3.192321400215216,-0.13666586117943247
2014-08-05T11:00:00+09:30,lstm,3.896122276783,3.6575548161518268,0.2385674606311734
2014-08-05T12:00:00+09:30,lstm,3.910991450150792,3.848527626051897,0.06246382409889506
2014-08-05T13:00:00+09:30,lstm,3.633641739686333,3.8268614339192637,-0.19321969423293073
2014-08-05T14:00:00+09:30,lstm,2.7780555486679,3.515771337614783,-0.737715788946883
2014-08-05T15:00:00+09:30,lstm,2.9177416364351916,2.8854565904972187,0.03228504593797288
2014-08-05T16:00:00+09:30,lstm,1.7599722445011141,1.6862635927149419,0.07370865178617225
2014-08-06T08:00:00+09:30,lstm,0.4596611124773811,0.8152586495290406,-0.3555975370516595
2014-08-06T09:00:00+09:30,lstm,2.235955476760865,1.981405814755643,0.2545496620052221
2014-08-06T10:00:00+09:30,lstm,3.027188907066975,2.7567927209552527,0.27039618611172234
2014-08-06T11:00:00+09:30,lstm,3.378249982992808,3.2489721985612463,0.12927778443156157
2014-08-06T12:00:00+09:30,lstm,3.8507667978604663,3.455999367275044,0.3947674305854223
2014-08-06T13:00:00+09:30,lstm,3.108716666698458,3.2963079947951828,-0.18759132809672474
2014-08-06T14:00:00+09:30,lstm,3.5488833983739254,2.6854222040806306,0.8634611942932948
2014-08-06T15:00:00+09:30,lstm,2.75728329022725,2.506106971577063,0.25117631865018675
2014-08-06T16:00:00+09:30,lstm,0.8933166687687266,1.5365302007407702,-0.6432135319720436
2014-08-07T08:00:00+09:30,lstm,1.0847111009061352,0.939297888917699,0.14541321198843615
2014-08-07T09:00:00+09:30,lstm,1.8435610781113192,2.1117470598008588,-0.26818598168953955
2014-08-07T10:00:00+09:30,lstm,2.6771944562594,2.921916289735469,-0.2447218334760688
2014-08-07T11:00:00+09:30,lstm,3.4611221551895,3.385983846155082,0.07513830903441798
2014-08-07T12:00:00+09:30,lstm,2.6118777990341164,3.5393568808946347,-0.9274790818605183
2014-08-07T13:00:00+09:30,lstm,1.6844277282555915,3.2269494464541144,-1.542521718198523
2014-08-07T14:00:00+09:30,lstm,2.9955499966939247,3.060711415717449,-0.06516141902352413
2014-08-07T15:00:00+09:30,lstm,2.380327751239142,2.3311981893387443,0.04912956190039752
2014-08-07T16:00:00+09:30,lstm,1.7353333433469,1.3425794280565393,0.39275391529036074
2014-08-08T08:00:00+09:30,lstm,1.1298611300687016,1.055208802359392,0.07465232770930963
2014-08-08T09:00:00+09:30,lstm,2.4927055239677416,2.2280387053371102,0.26466681863063135
2014-08-08T10:00:00+09:30,lstm,3.259861091772725,3.017603111245861,0.2422579805268641
2014-08-08T11:00:00+09:30,lstm,3.7277722557385666,3.490729869377214,0.23704238636135244
2014-08-08T12:00:00+09:30,lstm,3.9088777701060002,3.6720384112339377,0.23683935887206253
2014-08-08T13:00:00+09:30,lstm,3.845603982607525,3.662307139770074,0.18329684283745085
2014-08-08T14:00:00+09:30,lstm,3.5086887876192754,3.35662294728448,0.15206584033479542
2014-08-08T15:00:00+09:30,lstm,2.9104777177175,2.6861290477598585,0.22434866995764136
2014-08-08T16:00:00+09:30,lstm,1.8450806091229108,1.5535755740697281,0.2915050350531827
2014-08-09T08:00:00+09:30,lstm,1.1670055687427425,1.1703387071806823,-0.003333138437939809
2014-08-09T09:00:00+09:30,lstm,2.521536131699875,2.3788243902712263,0.1427117414286485
2014-08-09T10:00:00+09:30,lstm,3.2833555539449004,3.1940989415914154,0.08925661235348503
2014-08-09T11:00:00+09:30,lstm,3.765019396940858,3.67910735691295,0.08591204002790809
2014-08-09T12:00:00+09:30,lstm,3.9460610349973,3.838344632793509,0.10771640220379108
2014-08-09T13:00:00+09:30,lstm,3.594588677088433,3.8160930512831426,-0.22150437419470936
2014-08-09T14:00:00+09:30,lstm,3.5279501875241586,3.458758890426873,0.06919129709728544
2014-08-09T15:00:00+09:30,lstm,2.8923889001210585,2.7427403225692295,0.14964857755182903
2014-08-09T16:00:00+09:30,lstm,1.8455138504505142,1.6114494816907934,0.2340643687597208
2014-08-10T08:00:00+09:30,lstm,1.1796583011746309,1.1838818795707757,-0.004223578396144845
2014-08-10T09:00:00+09:30,lstm,2.5499278505643166,2.3737537579982946,0.176174092566022
2014-08-10T10:00:00+09:30,lstm,3.33770553270975,3.1861124731236004,0.15159305958614944
2014-08-10T11:00:00+09:30,lstm,3.6616666118304,3.6659485636390388,-0.004281951808638773
2014-08-10T12:00:00+09:30,lstm,3.9630194902420004,3.826170026471092,0.13684946377090856
2014-08-10T13:00:00+09:30,lstm,3.8997028470039248,3.80051806377671,0.0991847832272148
2014-08-10T14:00:00+09:30,lstm,3.58426664272945,3.457286850722449,0.12697979200700127
2014-08-10T15:00:00+09:30,lstm,2.9594250520070333,2.763591108518506,0.19583394348852723
2014-08-10T16:00:00+09:30,lstm,1.890369435151415,1.6387130886847532,0.2516563464666619
2014-08-11T08:00:00+09:30,lstm,1.160350001106655,1.1109791471349486,0.049370853971706374
2014-08-11T09:00:00+09:30,lstm,2.52122779687245,2.2973544223777216,0.22387337449472833
2014-08-11T10:00:00+09:30,lstm,3.2869889537493333,3.1153460048071087,0.17164294894222465
2014-08-11T11:00:00+09:30,lstm,3.744289020697258,3.5898893339884324,0.15439968670882553
2014-08-11T12:00:00+09:30,lstm,3.9158277312914582,3.759669046793394,0.15615868449806403
2014-08-11T13:00:00+09:30,lstm,3.85093343257905,3.695419042787246,0.15551438979180388
2014-08-11T14:00:00+09:30,lstm,3.5612221956253,3.378288969788201,0.18293322583709903
2014-08-11T15:00:00+09:30,lstm,2.914455493291225,2.725038697384257,0.18941679590696792
2014-08-11T16:00:00+09:30,lstm,1.8440555185079501,1.6047663569737205,0.23928916153422963
2014-08-12T08:00:00+09:30,lstm,1.157622218132015,1.1681262372723158,-0.010504019140300747
2014-08-12T09:00:00+09:30,lstm,2.5511777798334916,2.3507100094656117,0.20046777036787988
2014-08-12T10:00:00+09:30,lstm,3.360855499903358,3.1305768152496696,0.23027868465368861
2014-08-12T11:00:00+09:30,lstm,3.8302167057990917,3.549836385492425,0.2803803203066666
2014-08-12T12:00:00+09:30,lstm,3.8069389859835336,3.7082382389779287,0.09870074700560494
2014-08-12T13:00:00+09:30,lstm,4.003305633862792,3.6456417776127954,0.3576638562499963
2014-08-12T14:00:00+09:30,lstm,3.646994491418217,3.414617715505845,0.23237677591237205
2014-08-12T15:00:00+09:30,lstm,2.9662056167920503,2.7933479212713537,0.17285769552069663
2014-08-12T16:00:00+09:30,lstm,1.86563886205356,1.6720726499144694,0.19356621213909064
2014-08-13T08:00:00+09:30,lstm,0.9857083087166151,1.240867981268182,-0.2551596725515669
2014-08-13T09:00:00+09:30,lstm,2.694983263810475,2.4223520174150126,0.2726312463954623
2014-08-13T10:00:00+09:30,lstm,3.5639916062355166,3.2245000049547037,0.3394916012808129
2014-08-13T11:00:00+09:30,lstm,4.064952790737141,3.711367213901622,0.3535855768355196
2014-08-13T12:00:00+09:30,lstm,4.237736066182467,3.906776498384489,0.3309595677979775
2014-08-13T13:00:00+09:30,lstm,4.147019386291516,3.8454749841389195,0.3015444021525968
2014-08-13T14:00:00+09:30,lstm,3.7929943402608166,3.5657655581685788,0.22722878209223785
2014-08-13T15:00:00+09:30,lstm,3.1072804927825834,2.998797710725939,0.1084827820566443
2014-08-13T16:00:00+09:30,lstm,1.9825916439294733,1.8912191259251432,0.0913725180043301
2014-08-14T08:00:00+09:30,lstm,1.2551917421321102,1.3331108481676082,-0.07791910603549801
2014-08-14T09:00:00+09:30,lstm,2.6923694809277916,2.5501769023547567,0.1421925785730349
2014-08-14T10:00:00+09:30,lstm,3.5666555762291083,3.377162294550037,0.1894932816790713
2014-08-14T11:00:00+09:30,lstm,4.039033432801567,3.810651525392589,0.2283819074089779
2014-08-14T12:00:00+09:30,lstm,4.227155327796933,3.9805453984557984,0.24660992934113501
2014-08-14T13:00:00+09:30,lstm,4.1421722372372995,3.9314734503003614,0.2106987869369381
2014-08-14T14:00:00+09:30,lstm,3.746844311555233,3.6489603976608893,0.0978839138943437
2014-08-14T15:00:00+09:30,lstm,3.063608268896725,2.9912532952046247,0.07235497369210053
2014-08-14T16:00:00+09:30,lstm,1.9519138584534401,1.8473833678614344,0.1045304905920057
2014-08-15T08:00:00+09:30,lstm,1.2687138554950532,1.4048102967075726,-0.1360964412125194
2014-08-15T09:00:00+09:30,lstm,2.6003461678822917,2.59848450262956,0.0018616652527314592
2014-08-15T10:00:00+09:30,lstm,3.5290890733400997,3.3810562958700143,0.14803277747008536
2014-08-15T11:00:00+09:30,lstm,4.043572346369433,3.8372607040413462,0.20631164232808663
2014-08-15T12:00:00+09:30,lstm,4.224677840868616,3.983933905615925,0.24074393525269144
2014-08-15T13:00:00+09:30,lstm,4.113855640093483,3.883115979125223,0.23073966096825993
2014-08-15T14:00:00+09:30,lstm,3.7465221484502167,3.576303584741251,0.1702185637089655
2014-08-15T15:00:00+09:30,lstm,3.069772203763325,2.8918292094895914,0.1779429942737334
2014-08-15T16:00:00+09:30,lstm,1.9749111334482767,1.7638491857292649,0.21106194771901188
2014-08-16T08:00:00+09:30,lstm,1.2552666502694383,1.2690500440099646,-0.013783393740526284
2014-08-16T09:00:00+09:30,lstm,2.636824905872342,2.4169955604241786,0.21982934544816324
2014-08-16T10:00:00+09:30,lstm,3.4352389574050997,3.1900249639950617,0.2452139934100379
2014-08-16T11:00:00+09:30,lstm,3.5244020620981753,3.6307899181612098,-0.10638785606303447
2014-08-16T12:00:00+09:30,lstm,3.786260982354483,3.7751151163261736,0.01114586602830947
2014-08-16T13:00:00+09:30,lstm,3.378994405269617,3.6775045333168332,-0.2985101280472162
2014-08-16T14:00:00+09:30,lstm,3.4413722952206918,3.4522001885172666,-0.010827893296574853
2014-08-16T15:00:00+09:30,lstm,3.02359998226165,2.830226264666151,0.19337371759549926
2014-08-16T16:00:00+09:30,lstm,1.9049301544825266,1.6741772782415858,0.23075287624094076
2014-08-17T08:00:00+09:30,lstm,1.2963083647191584,1.3536252599829979,-0.05731689526383943
2014-08-17T09:00:00+09:30,lstm,2.62151394287745,2.5465629583696496,0.07495098450780047
2014-08-17T10:00:00+09:30,lstm,2.596369544665015,3.3187845042437916,-0.7224149595787765
2014-08-17T11:00:00+09:30,lstm,3.904302686452867,3.7549287668279487,0.1493739196249182
2014-08-17T12:00:00+09:30,lstm,4.010302960872658,3.9008272731582196,0.1094756877144385
2014-08-17T13:00:00+09:30,lstm,4.095183332761142,3.791929412668804,0.30325392009233765
2014-08-17T14:00:00+09:30,lstm,3.6914666493733583,3.6017336728178195,0.0897329765555388
2014-08-17T15:00:00+09:30,lstm,3.0409111380577083,2.888041735126791,0.15286940293091744
2014-08-17T16:00:00+09:30,lstm,1.9519805908203216,1.4371095500112192,0.5148710408091024
2014-08-18T08:00:00+09:30,lstm,1.3524555414914976,1.411147802515016,-0.05869226102351832
2014-08-18T09:00:00+09:30,lstm,2.6899277369181167,2.621780658984343,0.06814707793377384
2014-08-18T10:00:00+09:30,lstm,3.477739055951442,3.4249347156052674,0.05280434034617443
2014-08-18T11:00:00+09:30,lstm,3.8025862971941584,3.874187730934089,-0.07160143373993044
2014-08-18T12:00:00+09:30,lstm,4.115841627120958,4.032094607252329,0.0837470198686292
2014-08-18T13:00:00+09:30,lstm,4.0210000673929835,3.9995468899988027,0.021453177394180845
2014-08-18T14:00:00+09:30,lstm,3.6207723220189334,3.6535810892428797,-0.03280876722394632
2014-08-18T15:00:00+09:30,lstm,2.97831936677295,2.9502814668885127,0.0280378998844375
2014-08-18T16:00:00+09:30,lstm,1.9420916934808117,1.7620381426428064,0.18005355083800523
2014-08-19T08:00:00+09:30,lstm,1.3759777521093774,1.4230982018220697,-0.04712044971269225
2014-08-19T09:00:00+09:30,lstm,2.6551666855812166,2.6258093456610054,0.029357339920211167
2014-08-19T10:00:00+09:30,lstm,3.4340666532516413,3.418416385376884,0.01565026787475743
2014-08-19T11:00:00+09:30,lstm,3.8812443812688087,3.8678490377242567,0.013395343544551963
2014-08-19T12:00:00+09:30,lstm,4.0814555088679,4.017783694403349,0.06367181446455117
2014-08-19T13:00:00+09:30,lstm,3.981561283270517,3.991720551224578,-0.010159267954060969
2014-08-19T14:00:00+09:30,lstm,3.614099959532425,3.655690424772324,-0.041590465239898844
2014-08-19T15:00:00+09:30,lstm,2.9665389060974086,2.916934288569424,0.04960461752798473
2014-08-19T16:00:00+09:30,lstm,1.945316652456925,1.7316348741036531,0.21368177835327185
2014-08-19T17:00:00+09:30,lstm,0.19197223521769144,0.31873450898924993,-0.1267622737715585
2014-08-20T08:00:00+09:30,lstm,1.3865555549661208,1.4124514431163555,-0.02589588815023469
2014-08-20T09:00:00+09:30,lstm,2.6549221674601333,2.6228995312925227,0.032022636167610585
2014-08-20T10:00:00+09:30,lstm,3.4067388574282416,3.4256262926823515,-0.018887435254109963
2014-08-20T11:00:00+09:30,lstm,3.840111096700033,3.8679189248362897,-0.027807828136256596
2014-08-20T12:00:00+09:30,lstm,4.0823334256808,4.022880025456555,0.05945340022424528
2014-08-20T13:00:00+09:30,lstm,4.003994544347133,3.9518957536161543,0.052098790730978894
2014-08-20T14:00:00+09:30,lstm,3.631605466206875,3.6278186981263287,0.0037867680805461212
2014-08-20T15:00:00+09:30,lstm,3.0036944746971166,2.894011994338235,0.1096824803588814
2014-08-20T16:00:00+09:30,lstm,1.8582500517368292,1.7064110547849298,0.1518389969518994
2014-08-20T17:00:00+09:30,lstm,0.1965999997531375,0.3080486508191582,-0.11144865106602073
2014-08-21T08:00:00+09:30,lstm,1.4027055675784716,1.3919386851828648,0.010766882395606858
2014-08-21T09:00:00+09:30,lstm,2.648627797762558,2.597503199369582,0.05112459839297623
2014-08-21T10:00:00+09:30,lstm,3.389369050661717,3.3921001558603625,-0.0027311051986456114
2014-08-21T11:00:00+09:30,lstm,3.82167212168375,3.829066609784384,-0.0073944881006338115
2014-08-21T12:00:00+09:30,lstm,4.028444627920792,3.991043053347248,0.037401574573544316
2014-08-21T13:00:00+09:30,lstm,4.009216666221625,3.8891791949808283,0.12003747124079656
2014-08-21T14:00:00+09:30,lstm,3.63184173901875,3.5873532121146314,0.04448852690411842
2014-08-21T15:00:00+09:30,lstm,2.99099163214365,2.861042579607733,0.12994905253591726
2014-08-21T16:00:00+09:30,lstm,1.8976944983005477,1.6817026529174501,0.21599184538309757
2014-08-21T17:00:00+09:30,lstm,0.19528610724955783,0.29641804441977504,-0.1011319371702172
2014-08-22T08:00:00+09:30,lstm,1.4292055914799293,1.39022865611392,0.03897693536600921
2014-08-22T09:00:00+09:30,lstm,2.6391028364499416,2.6019500213160534,0.03715281513388824
2014-08-22T10:00:00+09:30,lstm,3.399252831935875,3.3939389332740477,0.005313898661827299
2014-08-22T11:00:00+09:30,lstm,3.81412504116695,3.8321033065795675,-0.01797826541261749
2014-08-22T12:00:00+09:30,lstm,3.9559747576713584,3.9807828789335806,-0.024808121262222205
2014-08-22T13:00:00+09:30,lstm,3.9029306570688918,3.8714740075886893,0.03145664948020244
2014-08-22T14:00:00+09:30,lstm,3.5669747591018663,3.5512141115213876,0.015760647580478793
2014-08-22T15:00:00+09:30,lstm,2.9519722461700417,2.8181403742650772,0.13383187190496448
2014-08-22T16:00:00+09:30,lstm,1.8570416669050818,1.6669385764281872,0.19010309047689455
2014-08-22T17:00:00+09:30,lstm,0.18813333846628733,0.272658801133317,-0.08452546266702965
2014-08-23T08:00:00+09:30,lstm,1.4367333054542468,1.2704417644242245,0.1662915410300223
2014-08-23T09:00:00+09:30,lstm,2.6112388173739,2.470331894630477,0.14090692274342276
2014-08-23T10:00:00+09:30,lstm,3.35242770115535,3.2705790205744343,0.08184868058091554
2014-08-23T11:00:00+09:30,lstm,3.8009833097457917,3.7370680297228622,0.06391528002292945
2014-08-23T12:00:00+09:30,lstm,4.0081837773323,3.8939305008255993,0.11425327650670036
2014-08-23T13:00:00+09:30,lstm,3.8924778898556998,3.788956496344796,0.10352139351090361
2014-08-23T14:00:00+09:30,lstm,3.5849553346633836,3.4766065661056813,0.10834876855770226
2014-08-23T15:00:00+09:30,lstm,2.976011077562967,2.745233528328117,0.23077754923484983
2014-08-23T16:00:00+09:30,lstm,1.838999996582664,1.5997167162787358,0.2392832803039282
2014-08-23T17:00:00+09:30,lstm,0.2035722301031149,0.2568982395963887,-0.05332600949327379
2014-08-24T08:00:00+09:30,lstm,1.4781777908404516,1.3289406697741386,0.14923712106631304
2014-08-24T09:00:00+09:30,lstm,2.66041656335195,2.5267779508788766,0.13363861247307351
2014-08-24T10:00:00+09:30,lstm,3.4018444220224997,3.324192613238543,0.07765180878395661
2014-08-24T11:00:00+09:30,lstm,3.850500126679742,3.781219043120827,0.06928108355891505
2014-08-24T12:00:00+09:30,lstm,4.002927978833525,3.941454415523722,0.061473563309803136
2014-08-24T13:00:00+09:30,lstm,3.9151002168655418,3.8327770726208183,0.08232314424472342
2014-08-24T14:00:00+09:30,lstm,3.591272354125992,3.5144229573877186,0.07684939673827351
2014-08-24T15:00:00+09:30,lstm,2.959222257137308,2.80482111203975,0.15440114509755798
2014-08-24T16:00:00+09:30,lstm,1.828027725219726,1.627853996987565,0.20017372823216095
2014-08-24T17:00:00+09:30,lstm,0.20913888482997892,0.2525261391859621,-0.0433872543559832
2014-08-25T08:00:00+09:30,lstm,1.5104555785655933,1.3339933637895522,0.17646221477604107
2014-08-25T09:00:00+09:30,lstm,2.6800055503845166,2.539480442377621,0.14052510800689566
2014-08-25T10:00:00+09:30,lstm,3.4292027950286745,3.3463027242357164,0.08290007079295814
2014-08-25T11:00:00+09:30,lstm,3.8683251738548248,3.7922622245955244,0.07606294925930035
2014-08-25T12:00:00+09:30,lstm,4.08416946729025,3.954882579511003,0.12928688777924702
2014-08-25T13:00:00+09:30,lstm,3.9812919696172,3.8437289937404824,0.13756297587671762
2014-08-25T14:00:00+09:30,lstm,3.6072583993276166,3.5275451108164866,0.07971328851113002
2014-08-25T15:00:00+09:30,lstm,2.966511189937583,2.82082543032423,0.14568575961335295
2014-08-25T16:00:00+09:30,lstm,1.8060278048118141,1.6252934485503348,0.18073435626147938
2014-08-25T17:00:00+09:30,lstm,0.21636944698790725,0.24745202952032008,-0.031082582532412834
2014-08-26T08:00:00+09:30,lstm,1.5037555843591648,1.4106052020305118,0.09315038232865303
2014-08-26T09:00:00+09:30,lstm,2.666808327039075,2.6185337919663225,0.04827453507275248
2014-08-26T10:00:00+09:30,lstm,3.319966753323867,3.403403378458232,-0.083436625134365
2014-08-26T11:00:00+09:30,lstm,3.900902867317217,3.841969772286854,0.058933095030362814
2014-08-26T12:00:00+09:30,lstm,4.0678279399871835,4.0069023389113685,0.06092560107581502
2014-08-26T13:00:00+09:30,lstm,3.9576000372568916,3.903397490443474,0.05420254681341774
2014-08-26T14:00:00+09:30,lstm,3.586836139361083,3.5782251410643346,0.008610998296748384
2014-08-26T15:00:00+09:30,lstm,2.9424861868222503,2.8579225950164124,0.08456359180583783
2014-08-26T16:00:00+09:30,lstm,1.7898805886507125,1.6804261953493707,0.10945439330134188
2014-08-26T17:00:00+09:30,lstm,0.21328889454404423,0.2941393344209985,-0.08085043987695426
2014-08-27T08:00:00+09:30,lstm,1.6064694027106008,1.4732952985554562,0.13317410415514463
2014-08-27T09:00:00+09:30,lstm,2.7470527092615833,2.675113685426844,0.07193902383473949
2014-08-27T10:00:00+09:30,lstm,3.493033329645783,3.4758903928362552,0.017142936809527942
2014-08-27T11:00:00+09:30,lstm,3.956719557444258,3.9067283237732817,0.04999123367097624
2014-08-27T12:00:00+09:30,lstm,4.106074929237367,4.071783362472766,0.03429156676460021
2014-08-27T13:00:00+09:30,lstm,3.9936111966768837,3.993190216124224,0.0004209805526596
2014-08-27T14:00:00+09:30,lstm,3.632063865661625,3.653998206739213,-0.02193434107758785
2014-08-27T15:00:00+09:30,lstm,3.0209695498148665,2.9057197818928975,0.11524976792196906
2014-08-27T16:00:00+09:30,lstm,1.8147527823845584,1.753299454761616,0.06145332762294231
2014-08-27T17:00:00+09:30,lstm,0.19775833965589665,0.3593817523809072,-0.16162341272501055
2014-08-28T08:00:00+09:30,lstm,1.6034166961908285,1.4590391758452783,0.14437752034555018
2014-08-28T09:00:00+09:30,lstm,2.740936100482942,2.659660491479731,0.08127560900321118
2014-08-28T10:00:00+09:30,lstm,3.5086639523506165,3.446733896805459,0.061930055545157625
2014-08-28T11:00:00+09:30,lstm,3.9675808747609587,3.8856560024640165,0.08192487229694212
2014-08-28T12:00:00+09:30,lstm,4.09674445788065,4.062336728324416,0.034407729556233946
2014-08-28T13:00:00+09:30,lstm,3.8467667698860253,3.9667627100409706,-0.1199959401549453
2014-08-28T14:00:00+09:30,lstm,3.6199610431988916,3.6323559322832706,-0.012394889084379024
2014-08-28T15:00:00+09:30,lstm,2.8658387660980167,2.9039181532110945,-0.03807938711307779
2014-08-28T16:00:00+09:30,lstm,1.7792638639608997,1.734616526316665,0.044647337644234675
2014-08-28T17:00:00+09:30,lstm,0.19392500538378865,0.32848147112753845,-0.1345564657437498
2014-08-29T08:00:00+09:30,lstm,1.5734832932551808,1.4364886233762753,0.13699466987890552
2014-08-29T09:00:00+09:30,lstm,2.678577701250717,2.6244541802774326,0.05412352097328421
2014-08-29T10:00:00+09:30,lstm,3.4121277928352414,3.4029509781480565,0.009176814687184898
2014-08-29T11:00:00+09:30,lstm,3.8393223881721585,3.8434256972445717,-0.004103309072413186
2014-08-29T12:00:00+09:30,lstm,4.001755475997917,4.005168052907908,-0.003412576909990861
2014-08-29T13:00:00+09:30,lstm,3.8840944170951666,3.892419107213428,-0.008324690118261646
2014-08-29T14:00:00+09:30,lstm,3.5352001388867667,3.5659248397176055,-0.03072470083083889
2014-08-29T15:00:00+09:30,lstm,2.9156277775764585,2.821181481411991,0.09444629616446765
2014-08-29T16:00:00+09:30,lstm,1.7416277825832343,1.646077527929692,0.09555025465354228
2014-08-29T17:00:00+09:30,lstm,0.18471111170947507,0.27862388666292404,-0.09391277495344896
2014-08-30T08:00:00+09:30,lstm,1.6269388546546517,1.4887358975558012,0.13820295709885055
2014-08-30T09:00:00+09:30,lstm,2.7371778090795,2.6694972721272947,0.0676805369522051
2014-08-30T10:00:00+09:30,lstm,3.47707227865855,3.439893441271855,0.03717883738669503
2014-08-30T11:00:00+09:30,lstm,3.896166721979767,3.890626468863998,0.0055402531157691115
2014-08-30T12:00:00+09:30,lstm,4.075005511442817,4.072963301189518,0.0020422102532986486
2014-08-30T13:00:00+09:30,lstm,3.9645999272664336,3.9585642054322783,0.00603572183415535
2014-08-30T14:00:00+09:30,lstm,3.619338989257825,3.6232768839887446,-0.0039378947309196555
2014-08-30T15:00:00+09:30,lstm,2.961072305838275,2.865548093157999,0.09552421268027578
2014-08-30T16:00:00+09:30,lstm,1.7580499847730016,1.6868820597306518,0.07116792504234981
2014-08-30T17:00:00+09:30,lstm,0.16800555773079426,0.295818660656744,-0.12781310292594975
2014-08-31T08:00:00+09:30,lstm,1.641899943351735,1.5351344516398333,0.10676549171190164
2014-08-31T09:00:00+09:30,lstm,2.750711162885025,2.6998179313859625,0.05089323149906244
2014-08-31T10:00:00+09:30,lstm,3.453664422035217,3.46452525568525,-0.010860833650033097
2014-08-31T11:00:00+09:30,lstm,3.8103249470392835,3.887644053320879,-0.07731910628159566
2014-08-31T12:00:00+09:30,lstm,3.973838845888775,4.039158972950698,-0.06532012706192347
2014-08-31T13:00:00+09:30,lstm,3.9199499686559,3.8654805092162046,0.05446945943969528
2014-08-31T14:00:00+09:30,lstm,3.5772859851519083,3.541840248176586,0.03544573697532227
2014-08-31T15:00:00+09:30,lstm,2.9371583461761497,2.8078639154757905,0.12929443070035918
2014-08-31T16:00:00+09:30,lstm,1.7184888571500725,1.6247814660845732,0.0937073910654993
2014-08-31T17:00:00+09:30,lstm,0.1590166650712496,0.2706457300118311,-0.11162906494058153
2014-09-01T08:00:00+09:30,lstm,1.6302972584962874,1.4053485716548026,0.22494868684148472
2014-09-01T09:00:00+09:30,lstm,2.7006778319676665,2.5427101768754587,0.15796765509220778
2014-09-01T10:00:00+09:30,lstm,3.4059859911600667,3.303240728457296,0.10274526270277073
2014-09-01T11:00:00+09:30,lstm,3.783561170101175,3.7366222449402824,0.04693892516089271
2014-09-01T12:00:00+09:30,lstm,3.9531556765238496,3.8879409039181065,0.06521477260574304
2014-09-01T13:00:00+09:30,lstm,3.8719027837117586,3.73560175740147,0.13630102631028862
2014-09-01T14:00:00+09:30,lstm,3.5097222328186,3.431155347091859,0.07856688572674075
2014-09-01T15:00:00+09:30,lstm,2.9014721711476668,2.713053905815153,0.1884182653325137
2014-09-01T16:00:00+09:30,lstm,1.6739527781804533,1.5777692794088432,0.09618349877161014
2014-09-01T17:00:00+09:30,lstm,0.15611666565140075,0.2631038589242066,-0.10698719327280587
2014-09-02T08:00:00+09:30,lstm,1.630022227764128,1.380921117673985,0.24910111009014302
2014-09-02T09:00:00+09:30,lstm,2.786058306694033,2.514108706647022,0.27194960004701096
2014-09-02T10:00:00+09:30,lstm,3.539811193943025,3.2378996712846515,0.3019115226583735
2014-09-02T11:00:00+09:30,lstm,3.9878026843070917,3.676857907901615,0.3109447764054769
2014-09-02T12:00:00+09:30,lstm,4.148211161295592,3.842520557366396,0.3056906039291958
2014-09-02T13:00:00+09:30,lstm,4.0251695116361,3.7729789794285225,0.25219053220757726
2014-09-02T14:00:00+09:30,lstm,3.636352876822167,3.5580579596332447,0.07829491718892223
2014-09-02T15:00:00+09:30,lstm,2.9493027329444916,2.893987567774806,0.05531516516968571
2014-09-02T16:00:00+09:30,lstm,1.7039916565020776,1.7253860842175528,-0.021394427715475173
2014-09-02T17:00:00+09:30,lstm,0.15616695707042907,0.3405955199281211,-0.18442856285769202
2014-09-03T08:00:00+09:30,lstm,1.6819278101126391,1.5744081673181178,0.10751964279452131
2014-09-03T09:00:00+09:30,lstm,2.8022111256917337,2.752486521377411,0.04972460431432291
2014-09-03T10:00:00+09:30,lstm,3.5222555796305333,3.4899512726679136,0.032304306962619656
2014-09-03T11:00:00+09:30,lstm,3.9338114460309335,3.9018355474153177,0.03197589861561578
2014-09-03T12:00:00+09:30,lstm,4.012327710787466,4.04320767583906,-0.03087996505159385
2014-09-03T13:00:00+09:30,lstm,3.673016846179967,3.9394188685713027,-0.2664020223913357
2014-09-03T14:00:00+09:30,lstm,3.510172247886658,3.6453866557280925,-0.13521440784143435
2014-09-03T15:00:00+09:30,lstm,2.9032833576202415,2.9238393727187666,-0.020556015098525116
2014-09-03T16:00:00+09:30,lstm,1.6609777758518793,1.7507874201934184,-0.08980964434153904
2014-09-03T17:00:00+09:30,lstm,0.15477777644991866,0.3561987506485186,-0.20142097419859992
2014-09-04T08:00:00+09:30,lstm,1.6030611544847606,1.2290809346040599,0.37398021988070074
2014-09-04T09:00:00+09:30,lstm,2.6772389411926336,2.2783972039809326,0.398841737211701
2014-09-04T10:00:00+09:30,lstm,3.3424390157063666,3.0033534344343655,0.33908558127200106
2014-09-04T11:00:00+09:30,lstm,3.7594167192776915,3.4378945341645797,0.3215221851131118
2014-09-04T12:00:00+09:30,lstm,3.967833598454775,3.5987410795399386,0.3690925189148362
2014-09-04T13:00:00+09:30,lstm,3.8964166641235334,3.5698912725833063,0.3265253915402271
2014-09-04T14:00:00+09:30,lstm,3.615616838137308,3.386429461308749,0.22918737682855905
2014-09-04T15:00:00+09:30,lstm,2.8382943669954837,2.704881524059017,0.1334128429364667
2014-09-04T16:00:00+09:30,lstm,1.6194778084755,1.5593488092990697,0.06012899917643022
2014-09-04T17:00:00+09:30,lstm,0.1628333261857426,0.2608692524427325,-0.09803592625698992
2014-09-05T07:00:00+09:30,lstm,0.21882223120580177,0.25476490157579745,-0.03594267036999568
2014-09-05T08:00:00+09:30,lstm,0.98773610840241,1.4738947247257155,-0.4861586163233055
2014-09-05T09:00:00+09:30,lstm,1.3517972330252415,2.6572651616034717,-1.3054679285782302
2014-09-05T10:00:00+09:30,lstm,1.6309556265672167,3.37948756768535,-1.7485319411181333
2014-09-05T11:00:00+09:30,lstm,2.536116619904825,3.7673586646639814,-1.2312420447591563
2014-09-05T12:00:00+09:30,lstm,3.9723750750223914,3.8820252652165523,0.09034980980583907
2014-09-05T13:00:00+09:30,lstm,2.8579833110173585,3.65258401049402,-0.7946006994766615
2014-09-05T14:00:00+09:30,lstm,2.10610284407935,3.168889879988097,-1.0627870359087472
2014-09-05T15:00:00+09:30,lstm,1.2241055195530224,2.2297239685848007,-1.0056184490317783
2014-09-05T16:00:00+09:30,lstm,0.5489583263794592,1.0210091976719755,-0.4720508712925163
2014-09-05T17:00:00+09:30,lstm,0.21125276735983842,0.23743798665898286,-0.02618521929914444
2014-09-06T07:00:00+09:30,lstm,0.3004194423556316,0.19186607667377364,0.10855336568185797
2014-09-06T08:00:00+09:30,lstm,1.0974222049117133,0.792049364381175,0.30537284053053826
2014-09-06T09:00:00+09:30,lstm,2.2288555304209585,1.675856477255647,0.5529990531653115
2014-09-06T10:00:00+09:30,lstm,2.079975013931603,2.3159896002837472,-0.23601458635214412
2014-09-06T11:00:00+09:30,lstm,3.8278388182322165,2.7012121114194567,1.1266267068127598
2014-09-06T12:00:00+09:30,lstm,3.5153693556785583,2.8360050128351557,0.6793643428434026
2014-09-06T13:00:00+09:30,lstm,2.9780694345633165,2.964190019956565,0.01387941460675135
2014-09-06T14:00:00+09:30,lstm,2.151763896147408,2.6420145045781247,-0.49025060843071655
2014-09-06T15:00:00+09:30,lstm,1.0592360918720558,2.1914627254792034,-1.1322266336071476
2014-09-06T16:00:00+09:30,lstm,0.4624388801554833,0.9540735425802538,-0.4916346624247705
2014-09-06T17:00:00+09:30,lstm,0.24436388785640376,0.3010301697416744,-0.05666628188527065
2014-09-07T07:00:00+09:30,lstm,0.24128112507363197,0.1960548082295699,0.04522631684406209
2014-09-07T08:00:00+09:30,lstm,1.6251110881567035,1.0103573925061087,0.6147536956505948
2014-09-07T09:00:00+09:30,lstm,2.64921671152115,2.118968162614564,0.5302485489065858
2014-09-07T10:00:00+09:30,lstm,3.3333722750345665,2.8397526244034714,0.49361965063109503
2014-09-07T11:00:00+09:30,lstm,3.7153943777084333,3.273841663081336,0.4415527146270972
2014-09-07T12:00:00+09:30,lstm,3.8393110434214166,3.4324273943082084,0.4068836491132082
2014-09-07T13:00:00+09:30,lstm,3.728350043296816,3.4794615903353616,0.24888845296145456
2014-09-07T14:00:00+09:30,lstm,3.4147888819376497,3.249419849261866,0.16536903267578396
2014-09-07T15:00:00+09:30,lstm,2.7534777124722667,2.493839238981573,0.2596384734906936
2014-09-07T16:00:00+09:30,lstm,1.5715999851624243,1.32725188672651,0.24434809843591432
2014-09-07T17:00:00+09:30,lstm,0.1536888889968389,0.2495047938073781,-0.0958159048105392
2014-09-08T07:00:00+09:30,lstm,0.24754444820185484,0.29608116139914975,-0.04853671319729491
2014-09-08T08:00:00+09:30,lstm,1.556700011094401,1.503631266823495,0.05306874427090591
2014-09-08T09:00:00+09:30,lstm,2.6257721185684253,2.608112978972327,0.017659139596098328
2014-09-08T10:00:00+09:30,lstm,3.346866766611725,3.257059596232119,0.08980717037960595
2014-09-08T11:00:00+09:30,lstm,3.762294451395667,3.6760360558195755,0.08625839557609138
2014-09-08T12:00:00+09:30,lstm,3.9053389032681998,3.815019130636829,0.09031977263137092
2014-09-08T13:00:00+09:30,lstm,3.7839387257893833,3.7224185375641294,0.06152018822525385
2014-09-08T14:00:00+09:30,lstm,3.379511018594117,3.423762749447412,-0.04425173085329526
2014-09-08T15:00:00+09:30,lstm,2.736799955368033,2.690580788944798,0.04621916642323498
2014-09-08T16:00:00+09:30,lstm,1.5370944390694268,1.5337118587634615,0.003382580305965277
2014-09-08T17:00:00+09:30,lstm,0.16907221389313543,0.26762429981879077,-0.09855208592565534
2014-09-09T07:00:00+09:30,lstm,0.26557776502644015,0.28476894846890743,-0.019191183442467286
2014-09-09T08:00:00+09:30,lstm,1.6155055264631901,1.2964355717849285,0.3190699546782616
2014-09-09T09:00:00+09:30,lstm,2.6633722583452832,2.364460892459308,0.2989113658859752
2014-09-09T10:00:00+09:30,lstm,3.33842782179515,3.0440731941862027,0.29435462760894726
2014-09-09T11:00:00+09:30,lstm,3.704327662785833,3.4700741566775437,0.23425350610828932
2014-09-09T12:00:00+09:30,lstm,3.886483510335292,3.6502078486848966,0.23627566165039537
2014-09-09T13:00:00+09:30,lstm,3.8139611283938,3.501138977976233,0.312822150417567
2014-09-09T14:00:00+09:30,lstm,3.4533889691034916,3.232662039347165,0.22072692975632657
2014-09-09T15:00:00+09:30,lstm,2.8063723246256416,2.5904854816222054,0.2158868430034362
2014-09-09T16:00:00+09:30,lstm,1.5727388908465658,1.4721746875509214,0.10056420329564442
2014-09-09T17:00:00+09:30,lstm,0.14099990700682033,0.26747036158051407,-0.12647045457369374
2014-09-10T07:00:00+09:30,lstm,0.280752765635649,0.30749684796613996,-0.02674408233049097
2014-09-10T08:00:00+09:30,lstm,1.7345749835173334,1.5104097229895062,0.22416526052782726
2014-09-10T09:00:00+09:30,lstm,2.8197471300760832,2.624658243859413,0.19508888621667042
2014-09-10T10:00:00+09:30,lstm,3.5285889108975663,3.335272095300559,0.19331681559700753
2014-09-10T11:00:00+09:30,lstm,3.918755670388533,3.772068072167315,0.1466875982212179
2014-09-10T12:00:00+09:30,lstm,4.006177544593817,3.910448625086653,0.09572891950716444
2014-09-10T13:00:00+09:30,lstm,3.886972010135658,3.780997168503013,0.10597484163264514
2014-09-10T14:00:00+09:30,lstm,3.5106555223464917,3.5668357469788132,-0.05618022463232153
2014-09-10T15:00:00+09:30,lstm,2.8613220850626586,2.870214584546419,-0.008892499483760474
2014-09-10T16:00:00+09:30,lstm,1.5386527379353876,1.6913170500604624,-0.1526643121250748
2014-09-10T17:00:00+09:30,lstm,0.18412777346869433,0.3109468456071208,-0.1268190721384265
2014-09-11T07:00:00+09:30,lstm,0.3035583371917406,0.2745474494473362,0.029010887744404357
2014-09-11T08:00:00+09:30,lstm,1.6590555409590333,1.410060990071337,0.2489945508876963
2014-09-11T09:00:00+09:30,lstm,1.8302194277445334,2.568638295439719,-0.7384188676951855
2014-09-11T10:00:00+09:30,lstm,3.090169409910825,3.3079821958251303,-0.21781278591430553
2014-09-11T11:00:00+09:30,lstm,3.018852720657975,3.7665977093616023,-0.7477449887036274
2014-09-11T12:00:00+09:30,lstm,3.4428749879201246,3.9348507619522497,-0.4919757740321251
2014-09-11T13:00:00+09:30,lstm,2.98724444707235,3.7308808151320725,-0.7436363680597227
2014-09-11T14:00:00+09:30,lstm,3.237330615520475,3.486050146933603,-0.24871953141312808
2014-09-11T15:00:00+09:30,lstm,2.8181777993838,2.4455562348991107,0.3726215644846893
2014-09-11T16:00:00+09:30,lstm,1.5160860468944068,1.4864683406580348,0.029617706236372054
2014-09-11T17:00:00+09:30,lstm,0.20933333784341915,0.2636934890247573,-0.05436015118133816
2014-09-12T07:00:00+09:30,lstm,0.30708888980249577,0.2955404692399135,0.011548420562582262
2014-09-12T08:00:00+09:30,lstm,1.7175777653853084,1.4121903418124797,0.30538742357282866
2014-09-12T09:00:00+09:30,lstm,2.707072277863817,2.5185394138467867,0.1885328640170303
2014-09-12T10:00:00+09:30,lstm,3.5061165889104333,3.240645284865639,0.26547130404479446
2014-09-12T11:00:00+09:30,lstm,3.9033114314079334,3.68078379945718,0.22252763195075342
2014-09-12T12:00:00+09:30,lstm,4.1151498556137085,3.8602698482758377,0.25488000733787075
2014-09-12T13:00:00+09:30,lstm,4.00926103194555,3.685819742617464,0.3234412893280858
2014-09-12T14:00:00+09:30,lstm,3.4878444274266585,3.484650708403815,0.0031937190228434886
2014-09-12T15:00:00+09:30,lstm,2.9560832182566332,2.7748100255467625,0.18127319270987075
2014-09-12T16:00:00+09:30,lstm,1.6578554809093617,1.6295376063533562,0.02831787455600554
2014-09-12T17:00:00+09:30,lstm,0.16418333289523918,0.3038583077886913,-0.1396749748934521
2014-09-13T07:00:00+09:30,lstm,0.3378111092994626,0.3614671278264321,-0.02365601852696947
2014-09-13T08:00:00+09:30,lstm,1.80616665879885,1.5829963943537422,0.2231702644451079
2014-09-13T09:00:00+09:30,lstm,2.8773778080940335,2.7161701585703932,0.1612076495236403
2014-09-13T10:00:00+09:30,lstm,3.569705645243325,3.450079318221759,0.11962632702156606
2014-09-13T11:00:00+09:30,lstm,3.943505426247908,3.8849364366163366,0.05856898963157153
2014-09-13T12:00:00+09:30,lstm,4.0919666687647505,4.0444215403383525,0.04754512842639791
2014-09-13T13:00:00+09:30,lstm,3.933833440144875,3.882983668573316,0.05084977157155901
2014-09-13T14:00:00+09:30,lstm,3.56188319126765,3.6170084171487704,-0.05512522588112034
2014-09-13T15:00:00+09:30,lstm,2.927694439888,2.886877063012182,0.04081737687581821
2014-09-13T16:00:00+09:30,lstm,1.6757333725690875,1.6880201001059665,-0.012286727536878983
2014-09-13T17:00:00+09:30,lstm,0.15048333257436616,0.31345251909109206,-0.1629691865167259
2014-09-14T07:00:00+09:30,lstm,0.35100555109481074,0.4127389509434677,-0.061733399848656945
2014-09-14T08:00:00+09:30,lstm,1.7789236158132624,1.669993211480889,0.10893040433237333
2014-09-14T09:00:00+09:30,lstm,2.8175277113914583,2.815960642736862,0.0015670686545963264
2014-09-14T10:00:00+09:30,lstm,3.46259995301565,3.543904632044164,-0.08130467902851413
2014-09-14T11:00:00+09:30,lstm,3.8547084728876833,3.8923770392430783,-0.03766856635539506
2014-09-14T12:00:00+09:30,lstm,4.015419522921241,3.9844434708696808,0.030976052051560288
2014-09-14T13:00:00+09:30,lstm,3.9186473488807585,3.784693043252955,0.13395430562780364
2014-09-14T14:00:00+09:30,lstm,3.5382776459058167,3.5238977499355775,0.014379895970239254
2014-09-14T15:00:00+09:30,lstm,2.905786196390792,2.7990725578172064,0.10671363857358562
2014-09-14T16:00:00+09:30,lstm,1.6627416362364966,1.6319889137708066,0.030752722465690052
2014-09-14T17:00:00+09:30,lstm,0.16406666487455326,0.32001826060057537,-0.1559515957260221
2014-09-15T07:00:00+09:30,lstm,0.36336666656037164,0.4280259085561332,-0.06465924199576156
2014-09-15T08:00:00+09:30,lstm,1.7976416846116416,1.6463515634381611,0.1512901211734805
2014-09-15T09:00:00+09:30,lstm,2.8242889841397587,2.7023689806040814,0.12192000353567733
2014-09-15T10:00:00+09:30,lstm,3.48542217413585,3.377560243979235,0.10786193015661505
2014-09-15T11:00:00+09:30,lstm,3.835555493831633,3.795386619538575,0.040168874293058376
2014-09-15T12:00:00+09:30,lstm,3.94451663891475,3.983335794069739,-0.038819155154989016
2014-09-15T13:00:00+09:30,lstm,3.8306777874628835,3.8206385972568064,0.01003919020607702
2014-09-15T14:00:00+09:30,lstm,3.455933312575,3.5366867521797993,-0.0807534396047993
2014-09-15T15:00:00+09:30,lstm,2.8510443170865334,2.8233406878417693,0.027703629244764105
2014-09-15T16:00:00+09:30,lstm,1.61739445229372,1.655523822820217,-0.0381293705264969
2014-09-15T17:00:00+09:30,lstm,0.16627222113311327,0.31488885190939264,-0.14861663077627937
2014-09-16T07:00:00+09:30,lstm,0.3715610921693347,0.4195368296199832,-0.04797573745064848
2014-09-16T08:00:00+09:30,lstm,1.5980055729548333,1.6813400711165505,-0.08333449816171723
2014-09-16T09:00:00+09:30,lstm,2.6282167832056835,2.812667806283499,-0.18445102307781536
2014-09-16T10:00:00+09:30,lstm,3.205249975125,3.5111051854841886,-0.3058552103591885
2014-09-16T11:00:00+09:30,lstm,3.608122348785408,3.9323918212337277,-0.3242694724483197
2014-09-16T12:00:00+09:30,lstm,3.701611260573067,4.069620933093647,-0.36800967252058037
2014-09-16T13:00:00+09:30,lstm,3.7319945295651915,3.840260252104648,-0.10826572253945654
2014-09-16T14:00:00+09:30,lstm,3.496200005213417,3.5100991164029556,-0.013899111189538793
2014-09-16T15:00:00+09:30,lstm,2.83830002943675,2.7620364595335962,0.07626356990315397
2014-09-16T16:00:00+09:30,lstm,1.1677555640538533,1.5767710132575945,-0.4090154492037412
2014-09-16T17:00:00+09:30,lstm,0.20136666484177082,0.2875347478905066,-0.08616808304873577
2014-09-17T07:00:00+09:30,lstm,0.3838499890795594,0.32478928580644795,0.05906070327311147
2014-09-17T08:00:00+09:30,lstm,1.7580222090085333,1.4679601299931666,0.29006207901536674
2014-09-17T09:00:00+09:30,lstm,2.6633501350879665,2.5913661949369518,0.07198394015101472
2014-09-17T10:00:00+09:30,lstm,3.5343612631162,3.2824408311818294,0.25192043193437064
2014-09-17T11:00:00+09:30,lstm,3.704544564088183,3.7130095610343985,-0.008464996946215386
2014-09-17T12:00:00+09:30,lstm,3.5550277431806,3.8526256909538543,-0.2975979477732542
2014-09-17T13:00:00+09:30,lstm,3.4074611465136164,3.7096772010443764,-0.30221605453075995
2014-09-17T14:00:00+09:30,lstm,3.3144111235936418,3.4587985835924453,-0.14438745999880354
2014-09-17T15:00:00+09:30,lstm,2.2270832657813977,2.692971538840414,-0.46588827305901637
2014-09-17T16:00:00+09:30,lstm,1.1179022888342458,1.575744800742978,-0.45784251190873215
2014-09-17T17:00:00+09:30,lstm,0.47865834087133413,0.2936227295673659,0.18503561130396823
2014-09-18T07:00:00+09:30,lstm,0.35411109154423087,0.35237463644057443,0.0017364551036564424
2014-09-18T08:00:00+09:30,lstm,1.7883611122766918,1.4542866825981182,0.3340744296785736
2014-09-18T09:00:00+09:30,lstm,2.7910445133845,2.487016594483803,0.3040279189006969
2014-09-18T10:00:00+09:30,lstm,3.4498610893885253,3.1837364809433892,0.2661246084451361
2014-09-18T11:00:00+09:30,lstm,3.8100497523943666,3.6448063552177405,0.16524339717662606
2014-09-18T12:00:00+09:30,lstm,3.922969539960233,3.827814239521908,0.09515530043832499
2014-09-18T13:00:00+09:30,lstm,3.8015832901001,3.540331568627018,0.26125172147308184
2014-09-18T14:00:00+09:30,lstm,3.5064972639083916,3.3733593839561804,0.13313787995221116
2014-09-18T15:00:00+09:30,lstm,2.683400074640909,2.751093698375218,-0.06769362373430932
2014-09-18T16:00:00+09:30,lstm,1.0838361357649233,1.6511231823452284,-0.567287046580305
2014-09-18T17:00:00+09:30,lstm,0.3455222242822254,0.33417023115835465,0.011351993123870752
2014-09-19T07:00:00+09:30,lstm,0.35793056587378236,0.3544583155969724,0.003472250276809974
2014-09-19T08:00:00+09:30,lstm,1.4205249684552357,1.4727051595681675,-0.05218019111293182
2014-09-19T09:00:00+09:30,lstm,2.8001888195673583,2.5286486185281496,0.27154020103920873
2014-09-19T10:00:00+09:30,lstm,3.396236201127367,3.1907458868740437,0.2054903142533231
2014-09-19T11:00:00+09:30,lstm,3.804005543390908,3.5997147494988457,0.20429079389206217
2014-09-19T12:00:00+09:30,lstm,3.9385416905085417,3.701003905109032,0.23753778539950954
2014-09-19T13:00:00+09:30,lstm,3.6297528942426083,3.4438988887874773,0.18585400545513098
2014-09-19T14:00:00+09:30,lstm,3.4202194611231413,3.0842844064577606,0.33593505466538076
2014-09-19T15:00:00+09:30,lstm,2.6838333606719975,2.5217976460019584,0.16203571467003908
2014-09-19T16:00:00+09:30,lstm,1.3756332471966692,1.4583418313851622,-0.08270858418849292
2014-09-19T17:00:00+09:30,lstm,0.2319305632263425,0.288076457823219,-0.056145894596876494
2014-09-20T07:00:00+09:30,lstm,0.40317222320785007,0.3458857792357731,0.05728644397207694
2014-09-20T08:00:00+09:30,lstm,1.7703944245974084,1.41942946769816,0.35096495689924834
2014-09-20T09:00:00+09:30,lstm,2.8194444576899333,2.4613113683108327,0.3581330893791006
2014-09-20T10:00:00+09:30,lstm,3.508177657922125,3.115600957062899,0.39257670085922625
2014-09-20T11:00:00+09:30,lstm,3.9107166131337334,3.481642848523791,0.4290737646099423
2014-09-20T12:00:00+09:30,lstm,4.009199917316441,3.558224874483343,0.4509750428330981
2014-09-20T13:00:00+09:30,lstm,3.91762763261795,3.4273582038810346,0.49026942873691537
2014-09-20T14:00:00+09:30,lstm,3.497233410676317,3.307892631759224,0.1893407789170931
2014-09-20T15:00:00+09:30,lstm,2.833322227001183,2.6490111883403262,0.18431103866085685
2014-09-20T16:00:00+09:30,lstm,1.645216594139735,1.5610673198136493,0.08414927432608565
2014-09-20T17:00:00+09:30,lstm,0.19212778595586585,0.3230276895480422,-0.13089990359217632
2014-09-21T07:00:00+09:30,lstm,0.4382833304504512,0.38891681773762554,0.04936651271282566
2014-09-21T08:00:00+09:30,lstm,1.9170833329359667,1.4708634136485101,0.4462199192874565
2014-09-21T09:00:00+09:30,lstm,2.9789332548777416,2.5119249040249017,0.46700835085284
2014-09-21T10:00:00+09:30,lstm,3.6858110626538583,3.2504981802599096,0.4353128823939487
2014-09-21T11:00:00+09:30,lstm,4.1123113036155665,3.752705610298082,0.3596056933174845
2014-09-21T12:00:00+09:30,lstm,4.237127939860017,3.930946243639685,0.30618169622033165
2014-09-21T13:00:00+09:30,lstm,4.118122299512233,3.767952365858437,0.35016993365379623
2014-09-21T14:00:00+09:30,lstm,3.7233666976293,3.6220187463432367,0.10134795128606333
2014-09-21T15:00:00+09:30,lstm,3.0108222762743666,2.9610666427869914,0.04975563348737522
2014-09-21T16:00:00+09:30,lstm,1.7972333679596615,1.8175692205360938,-0.020335852576432334
2014-09-21T17:00:00+09:30,lstm,0.1719611013929042,0.43247251846646395,-0.26051141707355974
2014-09-22T07:00:00+09:30,lstm,0.46817778112988,0.5696852611363075,-0.10150748000642745
2014-09-22T08:00:00+09:30,lstm,1.9822666645050167,1.8329922205367462,0.1492744439682705
2014-09-22T09:00:00+09:30,lstm,3.0079667369524667,2.921989399796843,0.08597733715562361
2014-09-22T10:00:00+09:30,lstm,3.678819278876,3.6194485290579825,0.059370749818017376
2014-09-22T11:00:00+09:30,lstm,4.050955414772051,4.061433963251018,-0.01047854847896712
2014-09-22T12:00:00+09:30,lstm,4.186547279357908,4.235293760293191,-0.04874648093528222
2014-09-22T13:00:00+09:30,lstm,4.036091864109033,3.9571942823333,0.07889758177573292
2014-09-22T14:00:00+09:30,lstm,3.625761151313792,3.6764791265395522,-0.05071797522576027
2014-09-22T15:00:00+09:30,lstm,2.9703083833058668,2.973535724901858,-0.003227341595991362
2014-09-22T16:00:00+09:30,lstm,1.7888138790925334,1.8012398084404209,-0.012425929347887443
2014-09-22T17:00:00+09:30,lstm,0.16923054866492668,0.4260114379961175,-0.2567808893311908
2014-09-23T07:00:00+09:30,lstm,0.4512000090132144,0.4773145576475466,-0.026114548634332213
2014-09-23T08:00:00+09:30,lstm,1.8317333062489833,1.6626334370310496,0.16909986921793374
2014-09-23T09:00:00+09:30,lstm,2.86206112305325,2.7060053156056645,0.15605580744758552
2014-09-23T10:00:00+09:30,lstm,3.5521165728569,3.401624649679643,0.15049192317725701
2014-09-23T11:00:00+09:30,lstm,3.9064306020736748,3.8516974815435514,0.05473312053012336
2014-09-23T12:00:00+09:30,lstm,4.027447323004392,4.051775632219616,-0.024328309215224664
2014-09-23T13:00:00+09:30,lstm,3.8747195402781087,3.827284149169716,0.0474353911083929
2014-09-23T14:00:00+09:30,lstm,3.4903779824574745,3.610243616110232,-0.11986563365275726
2014-09-23T15:00:00+09:30,lstm,2.6123110651969914,2.888174554565436,-0.2758634893684446
2014-09-23T16:00:00+09:30,lstm,1.6656277775764419,1.7258171112847274,-0.0601893337082855
2014-09-23T17:00:00+09:30,lstm,0.21747499952713667,0.37009475117703117,-0.1526197516498945
2014-09-24T07:00:00+09:30,lstm,0.47911387340476425,0.4765904966336799,0.002523376771084329
2014-09-24T08:00:00+09:30,lstm,1.9820555647214333,1.731074589805,0.25098097491643334
2014-09-24T09:00:00+09:30,lstm,3.059269567330683,2.7987392370037476,0.2605303303269353
2014-09-24T10:00:00+09:30,lstm,3.7938639720280833,3.47480697297083,0.31905699905725315
2014-09-24T11:00:00+09:30,lstm,4.187272349993392,3.9142137084329764,0.27305864156041526
2014-09-24T12:00:00+09:30,lstm,4.261822223663325,4.056671801155835,0.20515042250749005
2014-09-24T13:00:00+09:30,lstm,4.09660281737645,3.811989388627066,0.2846134287493838
2014-09-24T14:00:00+09:30,lstm,3.6783638000488335,3.630385013946591,0.04797878610224249
2014-09-24T15:00:00+09:30,lstm,2.9676250418027164,2.928286364294151,0.03933867750856557
2014-09-24T16:00:00+09:30,lstm,1.7789898763100351,1.756049987581072,0.02293988872896313
2014-09-24T17:00:00+09:30,lstm,0.1884611174464231,0.38422365220268306,-0.19576253475625996
2014-09-25T07:00:00+09:30,lstm,0.49617224062482207,0.5757264252332611,-0.07955418460843905
2014-09-25T08:00:00+09:30,lstm,1.8802555799484333,1.8224357044125892,0.05781987553584411
2014-09-25T09:00:00+09:30,lstm,2.9901556173960415,2.8652415737127477,0.12491404368329384
2014-09-25T10:00:00+09:30,lstm,3.6612277030944838,3.541081158792246,0.12014654430223759
2014-09-25T11:00:00+09:30,lstm,4.0470556418101085,3.976245644776639,0.07080999703346924
2014-09-25T12:00:00+09:30,lstm,4.155994534492492,4.123384138458759,0.03261039603373295
2014-09-25T13:00:00+09:30,lstm,4.024644573529566,3.8969773753555446,0.12766719817402183
2014-09-25T14:00:00+09:30,lstm,3.5996998945872085,3.616827931985656,-0.017128037398447482
2014-09-25T15:00:00+09:30,lstm,2.915589908758808,2.8813285012777134,0.03426140748109452
2014-09-25T16:00:00+09:30,lstm,1.768583327531806,1.6994386703644726,0.06914465716733331
2014-09-25T17:00:00+09:30,lstm,0.20318890487154206,0.3538532068581377,-0.15066430198659564
2014-09-26T07:00:00+09:30,lstm,0.5287944333006909,0.5755306734680035,-0.04673624016731259
2014-09-26T08:00:00+09:30,lstm,1.9531444112459833,1.8356063717103899,0.11753803953559339
2014-09-26T09:00:00+09:30,lstm,2.9441167116165086,2.899881493975535,0.04423521764097371
2014-09-26T10:00:00+09:30,lstm,3.5959748824437416,3.572695577768089,0.023279304675652757
2014-09-26T11:00:00+09:30,lstm,3.9273872176806086,4.006099654896465,-0.0787124372158563
2014-09-26T12:00:00+09:30,lstm,4.044930577278126,4.152733332934384,-0.10780275565625796
2014-09-26T13:00:00+09:30,lstm,3.94626382986705,3.94187814854765,0.004385681319399648
2014-09-26T14:00:00+09:30,lstm,3.524549921353666,3.60773819706963,-0.08318827571596366
2014-09-26T15:00:00+09:30,lstm,2.8406418164571003,2.8338247724202024,0.006817044036897979
2014-09-26T16:00:00+09:30,lstm,1.7255055010318792,1.6493355480487226,0.07616995298315654
2014-09-26T17:00:00+09:30,lstm,0.2107611224055297,0.33556428397016436,-0.12480316156463467
2014-09-27T07:00:00+09:30,lstm,0.5493222170819879,0.5542787999546437,-0.004956582872655768
2014-09-27T08:00:00+09:30,lstm,1.9330000281333917,1.8267272310894827,0.10627279704390902
2014-09-27T09:00:00+09:30,lstm,2.921533266703292,2.912676772489527,0.00885649421376522
2014-09-27T10:00:00+09:30,lstm,3.559305608272542,3.5937226081576625,-0.0344169998851207
2014-09-27T11:00:00+09:30,lstm,3.9117833574613,4.0145817790471945,-0.10279842158589458
2014-09-27T12:00:00+09:30,lstm,4.000843962033583,4.154640979686626,-0.15379701765304254
2014-09-27T13:00:00+09:30,lstm,3.857983410358433,3.919903401422813,-0.06191999106437995
2014-09-27T14:00:00+09:30,lstm,3.4934166868527665,3.5648113955346323,-0.07139470868186581
2014-09-27T15:00:00+09:30,lstm,2.8447443644205754,2.794612504815544,0.050131859605031526
2014-09-27T16:00:00+09:30,lstm,1.7556666831175542,1.6296860740591983,0.12598060905835595
2014-09-27T17:00:00+09:30,lstm,0.21160001369814127,0.33862239641557645,-0.12702238271743518
2014-09-28T07:00:00+09:30,lstm,0.5561833449949811,0.5126859601891315,0.04349738480584964
2014-09-28T08:00:00+09:30,lstm,1.9668611288070668,1.7491188653936294,0.2177422634134374
2014-09-28T09:00:00+09:30,lstm,2.9459055066108584,2.82134907477774,0.12455643183311826
2014-09-28T10:00:00+09:30,lstm,3.5834778149922832,3.5219465085527712,0.06153130643951199
2014-09-28T11:00:00+09:30,lstm,3.9439722100893504,3.9069311999528726,0.03704101013647776
2014-09-28T12:00:00+09:30,lstm,3.966461300849925,3.9872264028114626,-0.020765101961537358
2014-09-28T13:00:00+09:30,lstm,3.8005111416181,3.8275150141199026,-0.027003872501802473
2014-09-28T14:00:00+09:30,lstm,3.4233667055765835,3.557878152985781,-0.13451144740919752
2014-09-28T15:00:00+09:30,lstm,2.7646166483561085,2.783115396370457,-0.018498748014348365
2014-09-28T16:00:00+09:30,lstm,1.7005000412463958,1.620893741034366,0.07960630021202975
2014-09-28T17:00:00+09:30,lstm,0.22080000862479132,0.33219541135668296,-0.11139540273189164
2014-09-29T07:00:00+09:30,lstm,0.5779861056556324,0.5286276429975968,0.04935846265803556
2014-09-29T08:00:00+09:30,lstm,1.8960111240545918,1.7326808907938274,0.16333023326076446
2014-09-29T09:00:00+09:30,lstm,2.863755583763117,2.771700049061292,0.09205553470182481
2014-09-29T10:00:00+09:30,lstm,3.50191670656205,3.4448203130412725,0.05709639352077733
2014-09-29T11:00:00+09:30,lstm,3.803358078002925,3.8293812714174456,-0.02602319341452075
2014-09-29T12:00:00+09:30,lstm,3.8416333595911585,3.9096296566961293,-0.0679962971049708
2014-09-29T13:00:00+09:30,lstm,3.6283776760101336,3.6970959942182136,-0.06871831820807994
2014-09-29T14:00:00+09:30,lstm,3.1281444629033417,3.3816328645442866,-0.2534884016409449
2014-09-29T15:00:00+09:30,lstm,2.3898556033770166,2.6540640943918805,-0.2642084910148639
2014-09-29T16:00:00+09:30,lstm,1.5848278105258975,1.5738394863882859,0.010988324137611638
2014-09-29T17:00:00+09:30,lstm,0.2499777711927895,0.3332643279500719,-0.08328655675728239
2014-09-30T07:00:00+09:30,lstm,0.5936388708651069,0.5793860418031129,0.014252829061993988
2014-09-30T08:00:00+09:30,lstm,1.8631694416205082,1.8362630052314577,0.026906436389050548
2014-09-30T09:00:00+09:30,lstm,2.753194451332092,2.8648400620763828,-0.11164561074429091
2014-09-30T10:00:00+09:30,lstm,3.3366362849871254,3.502195087586713,-0.16555880259958755
2014-09-30T11:00:00+09:30,lstm,3.690900027751925,3.8862941464336,-0.195394118681675
2014-09-30T12:00:00+09:30,lstm,3.8583361109097836,3.956417721170953,-0.09808161026116924
2014-09-30T13:00:00+09:30,lstm,3.7044193545977335,3.7113203963217165,-0.006901041723982981
2014-09-30T14:00:00+09:30,lstm,3.2358667155106997,3.3451283832730834,-0.10926166776238366
2014-09-30T15:00:00+09:30,lstm,1.9254833062489791,2.532561957544175,-0.6070786512951958
2014-09-30T16:00:00+09:30,lstm,1.707883328199365,1.4106869207592057,0.2971964074401594
2014-09-30T17:00:00+09:30,lstm,0.26865833314756665,0.3114022144232682,-0.042743881275701556
2014-10-01T07:00:00+09:30,lstm,0.6140111219137917,0.5529433539321724,0.06106776798161928
2014-10-01T08:00:00+09:30,lstm,1.9256805280844418,1.7777108364029552,0.14796969168148655
2014-10-01T09:00:00+09:30,lstm,2.523386100927983,2.791299991408308,-0.26791389048032466
2014-10-01T10:00:00+09:30,lstm,3.645988961060842,3.4169177139331657,0.22907124712767635
2014-10-01T11:00:00+09:30,lstm,3.981768568356833,3.7863789850162957,0.19538958334053724
2014-10-01T12:00:00+09:30,lstm,4.084219495455425,3.88953846901793,0.19468102643749496
2014-10-01T13:00:00+09:30,lstm,3.8969613909721414,3.7166450478914186,0.18031634308072286
2014-10-01T14:00:00+09:30,lstm,3.477269391218833,3.4388071377149143,0.03846225350391874
2014-10-01T15:00:00+09:30,lstm,2.786708315213525,2.575691126372025,0.21101718884150023
2014-10-01T16:00:00+09:30,lstm,1.5366805692513708,1.58617057538267,-0.04949000613129928
2014-10-01T17:00:00+09:30,lstm,0.3860111137231192,0.3675498085997696,0.01846130512334959
2014-10-02T07:00:00+09:30,lstm,0.6419194278617625,0.4899811726312545,0.15193825523050797
2014-10-02T08:00:00+09:30,lstm,1.9466250042120665,1.6739750381704175,0.27264996604164904
2014-10-02T09:00:00+09:30,lstm,2.9423944354057165,2.6968222847876526,0.24557215061806392
2014-10-02T10:00:00+09:30,lstm,3.5973027348518336,3.3621231647788283,0.23517957007300527
2014-10-02T11:00:00+09:30,lstm,3.9464639226595586,3.763036350339433,0.18342757232012552
2014-10-02T12:00:00+09:30,lstm,4.023738900820416,3.8726230738433296,0.1511158269770867
2014-10-02T13:00:00+09:30,lstm,3.8547751506169585,3.7260787902424037,0.12869636037455479
2014-10-02T14:00:00+09:30,lstm,3.4320583343505837,3.427305279660272,0.004753054690311842
2014-10-02T15:00:00+09:30,lstm,2.7730555136998416,2.658887322895637,0.1141681908042047
2014-10-02T16:00:00+09:30,lstm,1.744847228129691,1.5461434528886215,0.1987037752410694
2014-10-02T17:00:00+09:30,lstm,0.25568889516095344,0.35484502711070376,-0.09915613194975031
2014-10-03T07:00:00+09:30,lstm,0.6642638674626783,0.5876144011004407,0.07664946636223757
2014-10-03T08:00:00+09:30,lstm,1.960591634114575,1.8332563327538223,0.12733530136075277
2014-10-03T09:00:00+09:30,lstm,2.901513954003642,2.8674894960638686,0.03402445793977327
2014-10-03T10:00:00+09:30,lstm,3.503594577312475,3.516997924282528,-0.01340334697005341
2014-10-03T11:00:00+09:30,lstm,3.5476582646369916,3.926184760060152,-0.3785264954231602
2014-10-03T12:00:00+09:30,lstm,3.924061397711425,3.945506850248162,-0.02144545253673691
2014-10-03T13:00:00+09:30,lstm,3.7816137870152833,3.8064538883188757,-0.024840101303592377
2014-10-03T14:00:00+09:30,lstm,3.248999734719592,3.4843572503848415,-0.23535751566524965
2014-10-03T15:00:00+09:30,lstm,2.7077276905377663,2.6980454788771437,0.009682211660622553
2014-10-03T16:00:00+09:30,lstm,1.6999221841494159,1.5431004798236683,0.1568217043257476
2014-10-03T17:00:00+09:30,lstm,0.26583888630072244,0.33384687604351726,-0.06800798974279482
2014-10-04T07:00:00+09:30,lstm,0.7426667002340167,0.5508731602743342,0.1917935399596825
2014-10-04T08:00:00+09:30,lstm,1.9554111361503665,1.7630520146540236,0.19235912149634293
2014-10-04T09:00:00+09:30,lstm,2.6583277086416834,2.7750001795579013,-0.11667247091621791
2014-10-04T10:00:00+09:30,lstm,3.356250067551933,3.4286297422106458,-0.07237967465871264
2014-10-04T11:00:00+09:30,lstm,3.8373388449351,3.8455864303345644,-0.008247585399464352
2014-10-04T12:00:00+09:30,lstm,3.922433376312258,3.815462031727893,0.10697134458436519
2014-10-04T13:00:00+09:30,lstm,3.9639222621917747,3.7451572933117747,0.21876496887999997
2014-10-04T14:00:00+09:30,lstm,3.174461126327517,3.3961955066997165,-0.2217343803721996
2014-10-04T15:00:00+09:30,lstm,2.786688884099325,2.5054501684270827,0.28123871567224246
2014-10-04T16:00:00+09:30,lstm,1.7523833761612542,1.4150808608921426,0.3373025152691116
2014-10-04T17:00:00+09:30,lstm,0.26182778800527157,0.3312324704265044,-0.06940468242123282
2014-10-05T07:00:00+09:30,lstm,0.6804222154120549,0.5861646251908086,0.09425759022124636
2014-10-05T08:00:00+09:30,lstm,1.919661094745,1.8174890708748423,0.10217202387015756
2014-10-05T09:00:00+09:30,lstm,2.865722199281075,2.81214042999391,0.05358176928716496
2014-10-05T10:00:00+09:30,lstm,3.475777844587975,3.4360130102648943,0.039764834323080755
2014-10-05T11:00:00+09:30,lstm,3.797938644886017,3.822714685519361,-0.024776040633344376
2014-10-05T12:00:00+09:30,lstm,3.8626996278762835,3.853450596356322,0.00924903151996137
2014-10-05T13:00:00+09:30,lstm,3.7134165763855,3.6589827523389484,0.05443382404655139
2014-10-05T14:00:00+09:30,lstm,3.3214889367421496,3.280651755039566,0.040837181702583436
2014-10-05T15:00:00+09:30,lstm,2.694538950920117,2.5208612944038458,0.1736776565162712
2014-10-05T16:00:00+09:30,lstm,1.7292944292227375,1.4184964662710733,0.3107979629516642
2014-10-05T17:00:00+09:30,lstm,0.2457777764648195,0.3221752618544885,-0.07639748538966903
2014-10-06T07:00:00+09:30,lstm,0.6760944599906674,0.5817074982878903,0.09438696170277716
2014-10-06T08:00:00+09:30,lstm,1.88127223650615,1.7738346461188117,0.10743759038733836
2014-10-06T09:00:00+09:30,lstm,2.8013695875803584,2.713870160143073,0.08749942743728534
2014-10-06T10:00:00+09:30,lstm,3.4890333215395586,3.364326983612647,0.12470633792691155
2014-10-06T11:00:00+09:30,lstm,3.7066387931505917,3.7708618409690944,-0.06422304781850263
2014-10-06T12:00:00+09:30,lstm,3.6393918395042504,3.8091796553170774,-0.16978781581282698
2014-10-06T13:00:00+09:30,lstm,3.606402834256492,3.6452553629496616,-0.038852528693169575
2014-10-06T14:00:00+09:30,lstm,3.080227732658375,3.2560163784190044,-0.17578864576062925
2014-10-06T15:00:00+09:30,lstm,2.693661093711842,2.461202636177791,0.23245845753405092
2014-10-06T16:00:00+09:30,lstm,1.6951083391904802,1.3810201385517746,0.3140882006387056
2014-10-06T17:00:00+09:30,lstm,0.2715833224356176,0.3159300341755549,-0.04434671173993726
2014-10-07T07:00:00+09:30,lstm,0.685427742699785,0.5680146707895659,0.1174130719102191
2014-10-07T08:00:00+09:30,lstm,1.93352777759235,1.739972559235217,0.19355521835713296
2014-10-07T09:00:00+09:30,lstm,2.9763250152269998,2.675508072648875,0.30081694257812464
2014-10-07T10:00:00+09:30,lstm,3.6339083512624164,3.2947353651455265,0.33917298611688995
2014-10-07T11:00:00+09:30,lstm,4.131891687711075,3.694617376545818,0.43727431116525706
2014-10-07T12:00:00+09:30,lstm,4.2223389546076495,3.8177443887482925,0.40459456585935705
2014-10-07T13:00:00+09:30,lstm,3.4465415676435,3.7399011718228037,-0.2933596041793036
2014-10-07T14:00:00+09:30,lstm,3.48081107934315,3.3931771298271047,0.0876339495160452
2014-10-07T15:00:00+09:30,lstm,2.8834444483121247,2.6678086163013504,0.2156358320107743
2014-10-07T16:00:00+09:30,lstm,1.8410777548949,1.6007300794032149,0.24034767549168512
2014-10-07T17:00:00+09:30,lstm,0.3030222337692981,0.39423917931700636,-0.09121694554770826
2014-10-08T07:00:00+09:30,lstm,0.7418027880291166,0.6333039487366086,0.10849883929250803
2014-10-08T08:00:00+09:30,lstm,2.0234166483084417,1.8608169599739226,0.1625996883345191
2014-10-08T09:00:00+09:30,lstm,3.02288607756295,2.8469404799502875,0.17594559761266249
2014-10-08T10:00:00+09:30,lstm,3.6845304568608666,3.5029139749187426,0.181616481942124
2014-10-08T11:00:00+09:30,lstm,4.023733377456667,3.9247873570773164,0.09894602037935041
2014-10-08T12:00:00+09:30,lstm,4.086199800173442,3.954872401776241,0.13132739839720076
2014-10-08T13:00:00+09:30,lstm,3.9390889207522086,3.7998873834792852,0.1392015372729234
2014-10-08T14:00:00+09:30,lstm,3.54621944824855,3.4868887922779996,0.05933065597055043
2014-10-08T15:00:00+09:30,lstm,2.8776649435361334,2.726361972532242,0.15130297100389134
2014-10-08T16:00:00+09:30,lstm,1.8415000240008002,1.5990910824414641,0.242408941559336
2014-10-08T17:00:00+09:30,lstm,0.3292555610338844,0.3865607145474289,-0.05730515351354448
2014-10-09T07:00:00+09:30,lstm,0.8070277782777934,0.647694375138418,0.15933340313937538
2014-10-09T08:00:00+09:30,lstm,2.1565500497817998,1.8818686713702946,0.2746813784115052
2014-10-09T09:00:00+09:30,lstm,3.1222776969273913,2.8848600056112472,0.2374176913161441
2014-10-09T10:00:00+09:30,lstm,3.7258778214454584,3.5383111186478295,0.18756670279762888
2014-10-09T11:00:00+09:30,lstm,4.011877655982975,3.956970032910709,0.05490762307226582
2014-10-09T12:00:00+09:30,lstm,4.141138950983684,3.9688253976194217,0.1723135533642619
2014-10-09T13:00:00+09:30,lstm,4.020927627881367,3.820973275101567,0.1999543527798
2014-10-09T14:00:00+09:30,lstm,3.5648001233736752,3.478159688430377,0.08664043494329832
2014-10-09T15:00:00+09:30,lstm,2.9169665376345417,2.695735811601799,0.22123072603274263
2014-10-09T16:00:00+09:30,lstm,1.8955221672852918,1.5513089925382098,0.344213174747082
2014-10-09T17:00:00+09:30,lstm,0.33743889691929074,0.3605119898262378,-0.023073092906947035
2014-10-10T07:00:00+09:30,lstm,0.7785666696727341,0.6665459359262083,0.11202073374652588
2014-10-10T08:00:00+09:30,lstm,2.0526888767878333,1.8958982546675598,0.1567906221202735
2014-10-10T09:00:00+09:30,lstm,2.979266643524167,2.8318704777169676,0.14739616580719916
2014-10-10T10:00:00+09:30,lstm,3.5648166735966917,3.4583505936340004,0.1064660799626913
2014-10-10T11:00:00+09:30,lstm,3.8625113169352168,3.832960271846536,0.029551045088680894
2014-10-10T12:00:00+09:30,lstm,3.943488697210958,3.8533096347298668,0.09017906248109142
2014-10-10T13:00:00+09:30,lstm,3.8476665417353417,3.712273710811099,0.1353928309242427
2014-10-10T14:00:00+09:30,lstm,3.4820168018341,3.3038427414684737,0.1781740603656261
2014-10-10T15:00:00+09:30,lstm,2.8189443151156084,2.501095115722383,0.3178491993932253
2014-10-10T16:00:00+09:30,lstm,1.8434944550196166,1.4095777597062784,0.4339166953133382
2014-10-10T17:00:00+09:30,lstm,0.35593307142456565,0.33233756038552686,0.023595511039038786
2014-10-11T07:00:00+09:30,lstm,0.7949250203867808,0.6492662838651952,0.14565873652158556
2014-10-11T08:00:00+09:30,lstm,2.1139472126960834,1.8736183451287718,0.24032886756731164
2014-10-11T09:00:00+09:30,lstm,3.101169407367708,2.832118475187337,0.2690509321803711
2014-10-11T10:00:00+09:30,lstm,3.7367359598477665,3.462443060781838,0.27429289906592835
2014-10-11T11:00:00+09:30,lstm,4.093088905016574,3.861955620410266,0.23113328460630855
2014-10-11T12:00:00+09:30,lstm,4.103744467099483,3.809099251212457,0.2946452158870265
2014-10-11T13:00:00+09:30,lstm,3.9268305301666246,3.716487293002606,0.2103432371640186
2014-10-11T14:00:00+09:30,lstm,3.4910456935564667,3.4361878976738893,0.05485779588257733
2014-10-11T15:00:00+09:30,lstm,2.8401000301043253,2.6807460438441866,0.15935398626013875
2014-10-11T16:00:00+09:30,lstm,1.8198388814926083,1.5726087014049515,0.24723018008765685
2014-10-11T17:00:00+09:30,lstm,0.36987222731113417,0.3829141169966269,-0.013041889685492747
2014-10-12T07:00:00+09:30,lstm,0.8065694570541441,0.655071960624091,0.15149749643005306
2014-10-12T08:00:00+09:30,lstm,2.0869611303011664,1.876954776212699,0.21000635408846735
2014-10-12T09:00:00+09:30,lstm,3.030924896399192,2.8612352780525616,0.16968961834663032
2014-10-12T10:00:00+09:30,lstm,3.6416222055753082,3.5195625438136635,0.12205966176164473
2014-10-12T11:00:00+09:30,lstm,3.97188049554825,3.917756238645836,0.05412425690241385
2014-10-12T12:00:00+09:30,lstm,4.029360095659892,3.8184497057673052,0.2109103898925868
2014-10-12T13:00:00+09:30,lstm,3.897833565870933,3.6561373969572926,0.24169616891364054
2014-10-12T14:00:00+09:30,lstm,3.5004722277323332,3.318966007180382,0.1815062205519511
2014-10-12T15:00:00+09:30,lstm,2.8857945005099084,2.5407545251409225,0.3450399753689859
2014-10-12T16:00:00+09:30,lstm,1.8965611159801583,1.4369511590139843,0.459609956966174
2014-10-12T17:00:00+09:30,lstm,0.3638611001273004,0.34593989085892485,0.017921209268375538
2014-10-13T07:00:00+09:30,lstm,0.8614055501918091,0.7340020536041008,0.12740349658770833
2014-10-13T08:00:00+09:30,lstm,2.1522221565246666,1.9700951284856152,0.18212702803905145
2014-10-13T09:00:00+09:30,lstm,3.1257334351539665,2.9337557093263875,0.191977725827579
2014-10-13T10:00:00+09:30,lstm,3.7600665489832417,3.5743134983374363,0.18575305064580538
2014-10-13T11:00:00+09:30,lstm,4.162310401598608,3.9824564377862943,0.179853963812314
2014-10-13T12:00:00+09:30,lstm,4.259980599085492,3.8506724140240958,0.4093081850613962
2014-10-13T13:00:00+09:30,lstm,4.07597219944,3.7242425572624094,0.3517296421775904
2014-10-13T14:00:00+09:30,lstm,3.507444471120833,3.414570558668114,0.09287391245271914
2014-10-13T15:00:00+09:30,lstm,1.6935804386933668,2.6789586639910503,-0.9853782252976835
2014-10-13T16:00:00+09:30,lstm,1.1068916569153482,1.5629913357559668,-0.45609967884061864
2014-10-13T17:00:00+09:30,lstm,0.27475834016998607,0.39703894692837394,-0.12228060675838787
2014-10-14T07:00:00+09:30,lstm,0.8881166502833416,0.6066328131274872,0.28148383715585445
2014-10-14T08:00:00+09:30,lstm,1.6155166923999917,1.7543871153498585,-0.13887042294986673
2014-10-14T09:00:00+09:30,lstm,2.5924055576324414,2.756619020948646,-0.16421346331620468
2014-10-14T10:00:00+09:30,lstm,3.4317944645881755,3.472860990084318,-0.041066525496142425
2014-10-14T11:00:00+09:30,lstm,3.756266653537742,3.892807557423515,-0.136540903885773
2014-10-14T12:00:00+09:30,lstm,3.579055686791742,4.2107881497908455,-0.6317324629991035
2014-10-14T13:00:00+09:30,lstm,3.7604361573855165,4.023177215311607,-0.2627410579260907
2014-10-14T14:00:00+09:30,lstm,3.622569402058925,3.418121909584434,0.204447492474491
2014-10-14T15:00:00+09:30,lstm,2.9081027805805166,2.576474642319794,0.3316281382607227
2014-10-14T16:00:00+09:30,lstm,1.5791721989711223,1.5502594136408687,0.028912785330253543
2014-10-14T17:00:00+09:30,lstm,0.5229166609545534,0.40207989414158285,0.12083676681297051
2014-10-15T07:00:00+09:30,lstm,0.9405944322546317,0.7374978298478969,0.20309660240673477
2014-10-15T08:00:00+09:30,lstm,2.3122555911540834,1.9123055264341626,0.3999500647199208
2014-10-15T09:00:00+09:30,lstm,3.3087944587071747,2.8261812936138693,0.48261316509330543
2014-10-15T10:00:00+09:30,lstm,1.647883301600814,3.4445455142026957,-1.7966622126018816
2014-10-15T11:00:00+09:30,lstm,0.07570555619895467,3.8656246937920007,-3.789919137593046
2014-10-15T12:00:00+09:30,lstm,0.090000003576279,3.773931445773342,-3.683931442197063
2014-10-15T13:00:00+09:30,lstm,3.614011195798715,3.7939542729997227,-0.17994307720100755
2014-10-15T14:00:00+09:30,lstm,3.7922722697258084,3.5458136358277073,0.2464586338981012
2014-10-15T15:00:00+09:30,lstm,3.0890666445096335,2.814022802038159,0.2750438424714745
2014-10-15T16:00:00+09:30,lstm,2.0433000127474417,1.5922348514189795,0.4510651613284622
2014-10-15T17:00:00+09:30,lstm,0.43928886639574666,0.4964176993164874,-0.057128832920740724
2014-10-16T07:00:00+09:30,lstm,0.95096115767956,0.8163327822114951,0.13462837546806494
2014-10-16T08:00:00+09:30,lstm,2.2864499886830747,2.0083424620203707,0.278107526662704
2014-10-16T09:00:00+09:30,lstm,3.264338910579683,2.908352252989113,0.35598665759057013
2014-10-16T10:00:00+09:30,lstm,3.902838965257008,3.536372260175651,0.36646670508135726
2014-10-16T11:00:00+09:30,lstm,4.235138813654584,3.9664675557328697,0.2686712579217141
2014-10-16T12:00:00+09:30,lstm,4.292833367983492,3.8313811962981967,0.46145217168529484
2014-10-16T13:00:00+09:30,lstm,4.162522276242567,3.7888916981001444,0.3736305781424223
2014-10-16T14:00:00+09:30,lstm,3.7385388414065,3.5234696065599187,0.21506923484658147
2014-10-16T15:00:00+09:30,lstm,3.0121333599090665,2.814418376662579,0.19771498324648729
2014-10-16T16:00:00+09:30,lstm,2.0163444280624416,1.7266451548220803,0.2896992732403614
2014-10-16T17:00:00+09:30,lstm,0.45242221777637665,0.48683548925966025,-0.0344132714832836
2014-10-17T07:00:00+09:30,lstm,0.9736499935388525,0.8603521741750103,0.1132978193638422
2014-10-17T08:00:00+09:30,lstm,1.8047723025083648,2.076602832780609,-0.27183053027224435
2014-10-17T09:00:00+09:30,lstm,3.253966649373383,3.053285910063938,0.2006807393094454
2014-10-17T10:00:00+09:30,lstm,3.877786060174317,3.6915097748651253,0.1862762853091917
2014-10-17T11:00:00+09:30,lstm,4.028888781865433,4.127543100140375,-0.0986543182749422
2014-10-17T12:00:00+09:30,lstm,3.9479389786720334,4.035450884919042,-0.08751190624700866
2014-10-17T13:00:00+09:30,lstm,4.0779277483622085,3.9380543735975313,0.1398733747646772
2014-10-17T14:00:00+09:30,lstm,3.6572611530621835,3.525765194635509,0.1314959584266746
2014-10-17T15:00:00+09:30,lstm,2.9862556060155168,2.841678421449372,0.14457718456614455
2014-10-17T16:00:00+09:30,lstm,2.0068472127119668,1.7488804519568273,0.25796676075513947
2014-10-17T17:00:00+09:30,lstm,0.4649416462828775,0.4882898875571635,-0.02334824127428603
2014-10-18T07:00:00+09:30,lstm,0.98454445103804,0.8354585269330534,0.14908592410498656
2014-10-18T08:00:00+09:30,lstm,2.2604777912298917,2.053683507055393,0.20679428417449852
2014-10-18T09:00:00+09:30,lstm,3.2136110266049585,3.0283842160504344,0.18522681055452406
2014-10-18T10:00:00+09:30,lstm,3.8183110157648916,3.663726424882648,0.1545845908822434
2014-10-18T11:00:00+09:30,lstm,4.11147248744965,4.089203912549392,0.022268574900258464
2014-10-18T12:00:00+09:30,lstm,4.179294387499483,3.9909840224856277,0.18831036501385512
2014-10-18T13:00:00+09:30,lstm,4.023511270682017,3.8921911259547572,0.13132014472726006
2014-10-18T14:00:00+09:30,lstm,3.6136943499247334,3.5092818443015594,0.10441250562317395
2014-10-18T15:00:00+09:30,lstm,2.9321277737617497,2.741767331125973,0.19036044263577656
2014-10-18T16:00:00+09:30,lstm,1.9636888504028331,1.6246345674461737,0.3390542829566594
2014-10-18T17:00:00+09:30,lstm,0.4796389006078267,0.4388709210535672,0.04076797955425954
2014-10-19T07:00:00+09:30,lstm,0.9936889236172125,0.8476730702626046,0.14601585335460787
2014-10-19T08:00:00+09:30,lstm,2.2414000233014417,2.0713051522080264,0.17009487109341537
2014-10-19T09:00:00+09:30,lstm,3.149499972661325,3.0273732277307333,0.12212674493059161
2014-10-19T10:00:00+09:30,lstm,3.7467360695203085,3.642987085129016,0.10374898439129243
2014-10-19T11:00:00+09:30,lstm,4.01400007804235,4.054891036830293,-0.040890958787943354
2014-10-19T12:00:00+09:30,lstm,4.121616681416817,3.91524742702698,0.20636925438983678
2014-10-19T13:00:00+09:30,lstm,3.9391220609347086,3.8311058885728824,0.10801617236182626
2014-10-19T14:00:00+09:30,lstm,3.555483321348825,3.4026385216908603,0.15284479965796471
2014-10-19T15:00:00+09:30,lstm,2.9081305265426582,2.581662912243684,0.3264676142989744
2014-10-19T16:00:00+09:30,lstm,1.9420194427172417,1.4846648884654199,0.4573545542518218
2014-10-19T17:00:00+09:30,lstm,0.4917083407441783,0.3853531263179064,0.10635521442627188
2014-10-20T07:00:00+09:30,lstm,0.9274000053604367,1.0463278806349015,-0.1189278752744648
2014-10-20T08:00:00+09:30,lstm,2.127144416173308,2.234802064529891,-0.10765764835658276
2014-10-20T09:00:00+09:30,lstm,3.0362443526585747,3.1275491087868597,-0.09130475612828493
2014-10-20T10:00:00+09:30,lstm,3.6964221994082336,3.7332366214716717,-0.0368144220634381
2014-10-20T11:00:00+09:30,lstm,3.9390722711880835,4.136308843833142,-0.19723657264505823
2014-10-20T12:00:00+09:30,lstm,3.9728888670603415,3.995590125981126,-0.02270125892078445
2014-10-20T13:00:00+09:30,lstm,3.549677799145392,3.8064182662472086,-0.2567404671018165
2014-10-20T14:00:00+09:30,lstm,3.2346054315567083,3.461950458419353,-0.22734502686264468
2014-10-20T15:00:00+09:30,lstm,2.803094486395525,2.7650741741022564,0.03802031229326852
2014-10-20T16:00:00+09:30,lstm,1.865372190872825,1.733207418938853,0.1321647719339718
2014-10-20T17:00:00+09:30,lstm,0.4861665678520975,0.49409272303177154,-0.007926155179674044
2014-10-21T07:00:00+09:30,lstm,0.9319277554750367,0.8801821545312632,0.05174560094377345
2014-10-21T08:00:00+09:30,lstm,2.1411722004413503,2.055201940267441,0.08597026017390919
2014-10-21T09:00:00+09:30,lstm,3.051647245883925,2.898611482306138,0.15303576357778725
2014-10-21T10:00:00+09:30,lstm,3.58584729830425,3.4925201329218662,0.09332716538238373
2014-10-21T11:00:00+09:30,lstm,3.88846119244895,3.8955602954188358,-0.0070991029698856956
2014-10-21T12:00:00+09:30,lstm,3.9608361124992335,3.7217561366600296,0.23907997583920393
2014-10-21T13:00:00+09:30,lstm,3.810161252816508,3.6233223445373484,0.18683890827915972
2014-10-21T14:00:00+09:30,lstm,3.448555529117575,3.2945002594725223,0.15405526964505256
2014-10-21T15:00:00+09:30,lstm,2.797086159388225,2.625934192540754,0.17115196684747103
2014-10-21T16:00:00+09:30,lstm,1.8172389268875166,1.6304628048504588,0.18677612203705785
2014-10-21T17:00:00+09:30,lstm,0.49645831187566253,0.4722047410957808,0.024253570779881717
2014-10-22T07:00:00+09:30,lstm,0.9105000197887501,0.8499920883317619,0.060507931456988184
2014-10-22T08:00:00+09:30,lstm,2.1057555774847585,2.040655921745456,0.06509965573930243
2014-10-22T09:00:00+09:30,lstm,3.02808890740075,2.8608393641703165,0.1672495432304335
2014-10-22T10:00:00+09:30,lstm,3.593444585800167,3.4562653454101597,0.13717924039000717
2014-10-22T11:00:00+09:30,lstm,3.8785721262296167,3.85564118413495,0.02293094209466684
2014-10-22T12:00:00+09:30,lstm,3.9465223948160832,3.653773109172058,0.292749285644025
2014-10-22T13:00:00+09:30,lstm,3.793322145938875,3.543433572553592,0.24988857338528314
2014-10-22T14:00:00+09:30,lstm,3.4050334095954917,3.2399430211670546,0.16509038842843715
2014-10-22T15:00:00+09:30,lstm,2.7114055554072167,2.5666480394069917,0.14475751600022502
2014-10-22T16:00:00+09:30,lstm,1.7705833613872584,1.576522379678802,0.19406098170845643
2014-10-22T17:00:00+09:30,lstm,0.501211112986015,0.4505071252070695,0.05070398777894547
2014-10-23T07:00:00+09:30,lstm,0.7025166625777892,0.8713420921711196,-0.16882542959333036
2014-10-23T08:00:00+09:30,lstm,2.10581664244335,2.0455768565029286,0.06023978594042134
2014-10-23T09:00:00+09:30,lstm,2.9973833163579333,2.8681885368131117,0.12919477954482161
2014-10-23T10:00:00+09:30,lstm,3.6181278228759663,3.4362196182805644,0.1819082045954019
2014-10-23T11:00:00+09:30,lstm,3.9187389612197836,3.819878998985729,0.09885996223405469
2014-10-23T12:00:00+09:30,lstm,3.9464279214540916,3.758411587663537,0.1880163337905545
2014-10-23T13:00:00+09:30,lstm,3.74526117245355,3.411713838149307,0.33354733430424277
2014-10-23T14:00:00+09:30,lstm,2.6269611120223915,3.1714940230558915,-0.5445329110335
2014-10-23T15:00:00+09:30,lstm,2.540161103010192,2.5031783283992706,0.036982774610921254
2014-10-23T16:00:00+09:30,lstm,1.7812611063321333,1.546288570423438,0.23497253590869538
2014-10-23T17:00:00+09:30,lstm,0.4029388986527933,0.4438805293251544,-0.04094163067236112
2014-10-24T07:00:00+09:30,lstm,0.6567611073454184,0.78360595802977,-0.12684485068435158
2014-10-24T08:00:00+09:30,lstm,1.6580500304698835,1.9310381561505352,-0.27298812568065167
2014-10-24T09:00:00+09:30,lstm,3.0121833086013754,2.7835394686522106,0.22864383994916482
2014-10-24T10:00:00+09:30,lstm,3.5249112645785083,3.381725481930622,0.1431857826478864
2014-10-24T11:00:00+09:30,lstm,3.6778611540794333,3.756920379891978,-0.07905922581254465
2014-10-24T12:00:00+09:30,lstm,3.6103001236915584,3.7885504047277885,-0.17825028103623008
2014-10-24T13:00:00+09:30,lstm,3.7432221372922334,3.3961193433179133,0.3471027939743201
2014-10-24T14:00:00+09:30,lstm,3.4326388438542583,2.8870058113569224,0.545633032497336
2014-10-24T15:00:00+09:30,lstm,2.648027648528433,2.321794047233026,0.326233601295407
2014-10-24T16:00:00+09:30,lstm,1.7546721895535835,1.3433376692963153,0.41133452025726824
2014-10-24T17:00:00+09:30,lstm,0.588477765520415,0.37101659950310784,0.21746116601730714
2014-10-25T07:00:00+09:30,lstm,0.9329361071189267,0.8234283596298018,0.10950774748912495
2014-10-25T08:00:00+09:30,lstm,2.0922555327415417,1.9850901547395212,0.10716537800202053
2014-10-25T09:00:00+09:30,lstm,2.8852750460306833,2.815974721936616,0.06930032409406728
2014-10-25T10:00:00+09:30,lstm,3.5456665555636167,3.386361949001494,0.15930460656212286
2014-10-25T11:00:00+09:30,lstm,3.848708391189575,3.76795881175712,0.08074957943245531
2014-10-25T12:00:00+09:30,lstm,3.9146084189415,3.551198336032506,0.3634100829089939
2014-10-25T13:00:00+09:30,lstm,3.655658284823108,3.4727999236757454,0.18285836114736265
2014-10-25T14:00:00+09:30,lstm,3.42452226082485,3.1139195952802012,0.31060266554464855
2014-10-25T15:00:00+09:30,lstm,2.5765166779359165,2.4024576840900034,0.17405899384591317
2014-10-25T16:00:00+09:30,lstm,1.4522027621666498,1.4424679577345492,0.009734804432100619
2014-10-25T17:00:00+09:30,lstm,0.5618722389141667,0.42949693048708126,0.13237530842708545
2014-10-26T07:00:00+09:30,lstm,0.9431333219011574,0.8452352271401,0.09789809476105737
2014-10-26T08:00:00+09:30,lstm,2.0921555360158166,1.9959696443134618,0.09618589170235481
2014-10-26T09:00:00+09:30,lstm,3.0042445659637416,2.8320667383689635,0.17217782759477807
2014-10-26T10:00:00+09:30,lstm,3.581205487251292,3.4293954471225803,0.1518100401287117
2014-10-26T11:00:00+09:30,lstm,3.90969985723495,3.8222090217305977,0.08749083550435222
2014-10-26T12:00:00+09:30,lstm,3.949127872784942,3.642530613724936,0.3065972590600059
2014-10-26T13:00:00+09:30,lstm,3.7570335070292167,3.547083647497104,0.20994985953211254
2014-10-26T14:00:00+09:30,lstm,3.380911111831667,3.175309316560375,0.20560179527129163
2014-10-26T15:00:00+09:30,lstm,2.7207666635513337,2.4984204070269045,0.2223462565244292
2014-10-26T16:00:00+09:30,lstm,1.7663611670335249,1.4964097823447355,0.2699513846887893
2014-10-26T17:00:00+09:30,lstm,0.5671944419542958,0.43665357431396046,0.13054086764033535
2014-10-27T07:00:00+09:30,lstm,0.9247610941529342,0.8324626682986028,0.09229842585433135
2014-10-27T08:00:00+09:30,lstm,2.065294454495125,1.9595149491281365,0.10577950536698832
2014-10-27T09:00:00+09:30,lstm,2.9779249827067,2.77497999371729,0.20294498898940994
2014-10-27T10:00:00+09:30,lstm,3.5910693407058667,3.3726844305125407,0.21838491019332595
2014-10-27T11:00:00+09:30,lstm,3.871658504009267,3.766348354859931,0.10531014914933579
2014-10-27T12:00:00+09:30,lstm,3.9729944666226835,3.57881443190706,0.3941800347156237
2014-10-27T13:00:00+09:30,lstm,3.8494779070218335,3.441323243377017,0.40815466364481656
2014-10-27T14:00:00+09:30,lstm,3.0879166324933336,3.095046343195199,-0.007129710701865299
2014-10-27T15:00:00+09:30,lstm,1.537441680828725,2.436598301648254,-0.899156620819529
2014-10-27T16:00:00+09:30,lstm,1.5655693461497675,1.4739528650355438,0.09161648111422371
2014-10-27T17:00:00+09:30,lstm,0.5358611159026625,0.43324394835420255,0.10261716754845995
2014-10-28T07:00:00+09:30,lstm,0.34630554293592747,0.7015953615878716,-0.35528981865194414
2014-10-28T08:00:00+09:30,lstm,0.8285889277855526,1.7297541135340746,-0.901165185748522
2014-10-28T09:00:00+09:30,lstm,1.1131166716416625,2.542213164161243,-1.4290964925195806
2014-10-28T10:00:00+09:30,lstm,1.3517444133758574,3.0743387240482423,-1.7225943106723849
2014-10-28T11:00:00+09:30,lstm,1.5634110917647817,3.391008424178215,-1.8275973324134334
2014-10-28T12:00:00+09:30,lstm,1.1539611170689266,3.0311430606866128,-1.8771819436176862
2014-10-28T13:00:00+09:30,lstm,0.9668499976396584,2.632083749512924,-1.6652337518732656
2014-10-28T14:00:00+09:30,lstm,1.6241666873296083,2.0898311739087285,-0.4656644865791202
2014-10-28T15:00:00+09:30,lstm,1.3263999819755583,1.4003284039833999,-0.07392842200784155
2014-10-28T16:00:00+09:30,lstm,0.7555555775761565,0.8165775355289093,-0.06102195795275278
2014-10-28T17:00:00+09:30,lstm,0.8457888960838367,0.3527088478058247,0.493080048278012
2014-10-29T07:00:00+09:30,lstm,0.9723638445138999,0.9137791750351475,0.058584669478752405
2014-10-29T08:00:00+09:30,lstm,1.8456193606058584,2.008850246170543,-0.16323088556468446
2014-10-29T09:00:00+09:30,lstm,1.9468110501766167,2.814433982522548,-0.8676229323459312
2014-10-29T10:00:00+09:30,lstm,2.9064749876658333,3.38478948898075,-0.4783145013149168
2014-10-29T11:00:00+09:30,lstm,3.869114021460208,3.794837191490334,0.07427682996987395
2014-10-29T12:00:00+09:30,lstm,3.644875049591075,3.6623653224871306,-0.017490272896055536
2014-10-29T13:00:00+09:30,lstm,3.740702748298633,3.50892460581141,0.23177814248722317
2014-10-29T14:00:00+09:30,lstm,3.309699952602392,3.062535265786816,0.24716468681557568
2014-10-29T15:00:00+09:30,lstm,2.6350888609886334,2.0841665859979726,0.5509222749906608
2014-10-29T16:00:00+09:30,lstm,1.7156944672266752,1.289302082304633,0.4263923849220421
2014-10-29T17:00:00+09:30,lstm,0.5668975884715641,0.5040034618852735,0.06289412658629068
2014-10-30T07:00:00+09:30,lstm,0.9395388712485775,0.8524774487534371,0.08706142249514037
2014-10-30T08:00:00+09:30,lstm,1.644411106904342,2.0055335768549454,-0.3611224699506035
2014-10-30T09:00:00+09:30,lstm,2.718638747930525,2.847907195123774,-0.12926844719324926
2014-10-30T10:00:00+09:30,lstm,3.4499223033587083,3.4514597583133244,-0.001537454954616102
2014-10-30T11:00:00+09:30,lstm,3.1777500510215835,3.8620621473674426,-0.6843120963458591
2014-10-30T12:00:00+09:30,lstm,3.546233455340058,3.7833974176177403,-0.23716396227768222
2014-10-30T13:00:00+09:30,lstm,3.731783370176975,3.602288698620179,0.12949467155679573
2014-10-30T14:00:00+09:30,lstm,2.660294393698383,2.943643717905587,-0.28334932420720405
2014-10-30T15:00:00+09:30,lstm,1.85329444209735,2.2481799335445567,-0.39488549144720664
2014-10-30T16:00:00+09:30,lstm,0.5729722405473375,1.369396402123356,-0.7964241615760185
2014-10-30T17:00:00+09:30,lstm,0.25205554316441164,0.3871355021181182,-0.13507995895370656
2014-10-31T07:00:00+09:30,lstm,0.3076555567483117,0.8117664778996393,-0.5041109211513276
2014-10-31T08:00:00+09:30,lstm,0.6204166710376725,1.9161866359567745,-1.295769964919102
2014-10-31T09:00:00+09:30,lstm,1.223391674458991,2.6720257607000244,-1.4486340862410334
2014-10-31T10:00:00+09:30,lstm,2.2211139400800084,3.203421068117843,-0.9823071280378346
2014-10-31T11:00:00+09:30,lstm,3.717758516470592,3.549431990164545,0.16832652630604716
2014-10-31T12:00:00+09:30,lstm,1.6648222406705167,3.4240979361789106,-1.759275695508394
2014-10-31T13:00:00+09:30,lstm,1.183386137088149,2.784236643483414,-1.600850506395265
2014-10-31T14:00:00+09:30,lstm,0.7200805693864817,2.0155912991613034,-1.2955107297748216
2014-10-31T15:00:00+09:30,lstm,0.7953194181124384,1.3371630708559077,-0.5418436527434692
2014-10-31T16:00:00+09:30,lstm,0.3554527846475433,0.8349008506789329,-0.4794480660313896
2014-10-31T17:00:00+09:30,lstm,0.02667621049719549,0.3992210956685951,-0.3725448851713996
2014-11-01T07:00:00+09:30,lstm,0.20126945804804475,0.5900464980435276,-0.38877703999548285
2014-11-01T08:00:00+09:30,lstm,0.6034528066714608,1.3040007244408214,-0.7005479177693605
2014-11-01T09:00:00+09:30,lstm,0.8960555394490525,1.983052826683519,-1.0869972872344666
2014-11-01T10:00:00+09:30,lstm,0.9706249485413192,2.5049024366679697,-1.5342774881266505
2014-11-01T11:00:00+09:30,lstm,1.7268472711245166,2.8181726037584904,-1.0913253326339738
2014-11-01T12:00:00+09:30,lstm,1.4321833352247915,2.5264329256704414,-1.09424959044565
2014-11-01T13:00:00+09:30,lstm,1.4762139320373582,2.169070521600207,-0.6928565895628489
2014-11-01T14:00:00+09:30,lstm,1.5754472116629168,1.6702172488673397,-0.0947700372044229
2014-11-01T15:00:00+09:30,lstm,1.14436946809291,1.1242667099572148,0.020102758135695176
2014-11-01T16:00:00+09:30,lstm,0.79237503310044,0.6355007279705502,0.15687430512988976
2014-11-01T17:00:00+09:30,lstm,0.3958460353314875,0.28056545919770626,0.11528057613378123
2014-11-02T07:00:00+09:30,lstm,0.9280777523914949,0.6612848739951551,0.2667928783963398
2014-11-02T08:00:00+09:30,lstm,2.027266641457875,1.621540069598987,0.40572657185888783
2014-11-02T09:00:00+09:30,lstm,2.936900019645675,2.4426827211179463,0.49421729852772867
2014-11-02T10:00:00+09:30,lstm,3.50578341881435,3.0648985357985743,0.44088488301577566
2014-11-02T11:00:00+09:30,lstm,3.490172187487275,3.471397262196616,0.018774925290658828
2014-11-02T12:00:00+09:30,lstm,2.092005511124925,3.357937571357917,-1.2659320602329922
2014-11-02T13:00:00+09:30,lstm,2.65737226605415,3.397989162822623,-0.740616896768473
2014-11-02T14:00:00+09:30,lstm,2.8326667149861584,3.0727391234014663,-0.24007240841530786
2014-11-02T15:00:00+09:30,lstm,2.567338913679125,2.398213059807472,0.16912585387165313
2014-11-02T16:00:00+09:30,lstm,1.259188850720734,1.4345339894152151,-0.1753451386944811
2014-11-02T17:00:00+09:30,lstm,0.4755277720590441,0.4187268939690614,0.05680087808998274
2014-11-03T07:00:00+09:30,lstm,0.9443999727567,1.042015321298059,-0.097615348541359
2014-11-03T08:00:00+09:30,lstm,2.0652833481629584,2.178451509359342,-0.11316816119638373
2014-11-03T09:00:00+09:30,lstm,2.906677802403775,2.9810136458893943,-0.07433584348561917
2014-11-03T10:00:00+09:30,lstm,3.4384277860323746,3.5760942626629775,-0.13766647663060283
2014-11-03T11:00:00+09:30,lstm,3.745811184247342,3.9996452747681697,-0.2538340905208276
2014-11-03T12:00:00+09:30,lstm,3.566216607888533,3.844856347494297,-0.2786397396057638
2014-11-03T13:00:00+09:30,lstm,3.720100124677025,3.677612926192049,0.04248719848497595
2014-11-03T14:00:00+09:30,lstm,3.3333811958630997,3.340354177525098,-0.006972981661998112
2014-11-03T15:00:00+09:30,lstm,2.840658406416575,2.634118448320779,0.20653995809579584
2014-11-03T16:00:00+09:30,lstm,1.6872221628824917,1.5928998815712259,0.09432228131126585
2014-11-03T17:00:00+09:30,lstm,0.6269610859453675,0.4952361915322928,0.13172489441307467
2014-11-04T07:00:00+09:30,lstm,0.5390444348255808,0.7574656548993339,-0.2184212200737531
2014-11-04T08:00:00+09:30,lstm,1.9512277692556477,1.7806254003809936,0.17060236887465408
2014-11-04T09:00:00+09:30,lstm,2.8786776860554917,2.5584539451500294,0.32022374090546224
2014-11-04T10:00:00+09:30,lstm,3.4433054924011164,3.094506244737157,0.3487992476639592
2014-11-04T11:00:00+09:30,lstm,3.7226002415021333,3.455469616180677,0.26713062532145626
2014-11-04T12:00:00+09:30,lstm,3.5531554420789084,3.2470730332546394,0.30608240882426907
2014-11-04T13:00:00+09:30,lstm,2.66012771924335,2.817402149237,-0.15727442999365016
2014-11-04T14:00:00+09:30,lstm,1.9995611011981917,2.701099817079248,-0.7015387158810562
2014-11-04T15:00:00+09:30,lstm,1.6720611055692085,2.2107267177646133,-0.5386656121954048
2014-11-04T16:00:00+09:30,lstm,1.1040222098429975,1.3537432368917819,-0.2497210270487844
2014-11-04T17:00:00+09:30,lstm,0.2969055846333492,0.4495701375005342,-0.152664552867185
2014-11-05T07:00:00+09:30,lstm,0.9584721848368566,0.991061805510482,-0.032589620673625364
2014-11-05T08:00:00+09:30,lstm,2.121450026830033,2.159911662902255,-0.03846163607222186
2014-11-05T09:00:00+09:30,lstm,3.014613906542458,2.950830216421102,0.06378369012135598
2014-11-05T10:00:00+09:30,lstm,3.5628916025161748,3.554623652666689,0.008267949849485756
2014-11-05T11:00:00+09:30,lstm,3.846408685048433,3.939380871694858,-0.09297218664642504
2014-11-05T12:00:00+09:30,lstm,3.8949113289515247,3.742412697504263,0.1524986314472616
2014-11-05T13:00:00+09:30,lstm,3.7806749343872084,3.6943113659873044,0.086363568399904
2014-11-05T14:00:00+09:30,lstm,3.397072335084292,3.365230936088434,0.03184139899585814
2014-11-05T15:00:00+09:30,lstm,2.721150040626542,2.6374075529380625,0.08374248768847936
2014-11-05T16:00:00+09:30,lstm,1.7916174232959667,1.591891140834618,0.19972628246134883
2014-11-05T17:00:00+09:30,lstm,0.6681222356855859,0.48628830879451324,0.1818339268910727
2014-11-06T07:00:00+09:30,lstm,0.9708916346232167,0.8852004774882406,0.0856911571349761
2014-11-06T08:00:00+09:30,lstm,2.0770944158236166,2.0120318060571734,0.06506260976644329
2014-11-06T09:00:00+09:30,lstm,2.981466611226383,2.8729610462719704,0.10850556495441266
2014-11-06T10:00:00+09:30,lstm,3.5678278605143254,3.4674779861686464,0.10034987434567899
2014-11-06T11:00:00+09:30,lstm,3.8235968947410583,3.889907581531969,-0.06631068679091046
2014-11-06T12:00:00+09:30,lstm,3.9492391347885083,3.7687806638391588,0.18045847094934953
2014-11-06T13:00:00+09:30,lstm,3.761780381202692,3.617585155451956,0.14419522575073618
2014-11-06T14:00:00+09:30,lstm,3.3816415667533914,3.216084036079928,0.16555753067346357
2014-11-06T15:00:00+09:30,lstm,2.6936111648877588,2.522701089591007,0.17091007529675162
2014-11-06T16:00:00+09:30,lstm,1.7663999497890417,1.5466330867451346,0.21976686304390713
2014-11-06T17:00:00+09:30,lstm,0.6618891557057726,0.4851375038435176,0.17675165186225494
2014-11-07T07:00:00+09:30,lstm,0.9785611132780675,0.9168904661446915,0.061670647133376
2014-11-07T08:00:00+09:30,lstm,2.0698722104231497,2.046091425809609,0.023780784613540717
2014-11-07T09:00:00+09:30,lstm,2.9499832987785415,2.896335231926596,0.053648066851945675
2014-11-07T10:00:00+09:30,lstm,3.53748337427775,3.4893029509635682,0.04818042331418182
2014-11-07T11:00:00+09:30,lstm,3.8253945906957,3.8541404771442793,-0.028745886448579228
2014-11-07T12:00:00+09:30,lstm,3.859677632649742,3.671820607710029,0.18785702493971312
2014-11-07T13:00:00+09:30,lstm,3.661650160948433,3.5123977577989742,0.14925240314945887
2014-11-07T14:00:00+09:30,lstm,3.3379277785619164,3.0404275295944205,0.29750024896749583
2014-11-07T15:00:00+09:30,lstm,2.6869920889536583,2.302648286299769,0.38434380265388945
2014-11-07T16:00:00+09:30,lstm,1.7517750263214085,1.3709366326506862,0.38083839367072225
2014-11-07T17:00:00+09:30,lstm,0.6635583353539308,0.4284143587662198,0.23514397658771102
2014-11-08T07:00:00+09:30,lstm,0.9741722469528376,0.8299095623299174,0.14426268462292013
2014-11-08T08:00:00+09:30,lstm,2.101108362277342,1.9184985084079842,0.18260985386935769
2014-11-08T09:00:00+09:30,lstm,2.991574943065658,2.731794168832597,0.2597807742330609
2014-11-08T10:00:00+09:30,lstm,3.6047388116518753,3.290711258449507,0.3140275532023682
2014-11-08T11:00:00+09:30,lstm,3.9264390269915252,3.6707083509294445,0.2557306760620808
2014-11-08T12:00:00+09:30,lstm,3.9574277599652583,3.490620289099609,0.46680747086564933
2014-11-08T13:00:00+09:30,lstm,3.7964499791463084,3.3820394650480323,0.4144105140982761
2014-11-08T14:00:00+09:30,lstm,3.3903776407241835,3.030573955684499,0.3598036850396844
2014-11-08T15:00:00+09:30,lstm,2.714533249537142,2.3457657507326424,0.36876749880449955
2014-11-08T16:00:00+09:30,lstm,1.6054777503013684,1.429605930243409,0.17587182005795943
2014-11-08T17:00:00+09:30,lstm,0.5425555494924391,0.4589535000644469,0.08360204942799221
2014-11-09T07:00:00+09:30,lstm,0.4045722261071208,0.775354826050912,-0.3707825999437912
2014-11-09T08:00:00+09:30,lstm,1.9476777464151425,1.8131881297932941,0.13448961662184833
2014-11-09T09:00:00+09:30,lstm,2.8639555672804415,2.611144078013391,0.2528114892670503
2014-11-09T10:00:00+09:30,lstm,2.998772243658717,3.1530897949145094,-0.15431755125579238
2014-11-09T11:00:00+09:30,lstm,3.7642222046852,3.513110199232321,0.25111200545287904
2014-11-09T12:00:00+09:30,lstm,4.035705586274475,3.5237912229784008,0.5119143632960745
2014-11-09T13:00:00+09:30,lstm,3.854172190030408,2.8972946530568358,0.9568775369735723
2014-11-09T14:00:00+09:30,lstm,3.3946888248125666,2.790011659816339,0.6046771649962275
2014-11-09T15:00:00+09:30,lstm,2.4506277640660583,2.293993395101453,0.15663436896460547
2014-11-09T16:00:00+09:30,lstm,1.4541944364706652,1.331418524116427,0.12277591235423824
2014-11-09T17:00:00+09:30,lstm,0.5891944468021425,0.4835582586662659,0.10563618813587661
2014-11-10T07:00:00+09:30,lstm,1.0140277668833733,0.8098996905117444,0.20412807637162889
2014-11-10T08:00:00+09:30,lstm,1.9648444354534167,1.8826462503061185,0.08219818514729815
2014-11-10T09:00:00+09:30,lstm,3.0687054991722085,2.713917147351891,0.3547883518203174
2014-11-10T10:00:00+09:30,lstm,3.630577743053425,3.2871120721798053,0.3434656708736199
2014-11-10T11:00:00+09:30,lstm,3.9466556509335837,3.665324838127035,0.2813308128065488
2014-11-10T12:00:00+09:30,lstm,3.9789166251818333,3.5427665916688493,0.436150033512984
2014-11-10T13:00:00+09:30,lstm,3.815427859624217,3.5144969155936563,0.30093094403056053
2014-11-10T14:00:00+09:30,lstm,3.397815505663567,3.0658905256800533,0.3319249799835138
2014-11-10T15:00:00+09:30,lstm,2.711644530296317,2.4246852631092226,0.2869592671870942
2014-11-10T16:00:00+09:30,lstm,1.7741833627224002,1.4748271324516078,0.2993562302707924
2014-11-10T17:00:00+09:30,lstm,0.6711555793881442,0.49145999749218683,0.17969558189595736
2014-11-11T07:00:00+09:30,lstm,0.9384722138444525,0.9420753503270464,-0.003603136482593916
2014-11-11T08:00:00+09:30,lstm,1.6531000336011168,2.0564688986164095,-0.4033688650152927
2014-11-11T09:00:00+09:30,lstm,3.0656332969665496,2.9081105317885134,0.1575227651780362
2014-11-11T10:00:00+09:30,lstm,3.64242206017175,3.509161068515716,0.1332609916560341
2014-11-11T11:00:00+09:30,lstm,3.90311123927435,3.925309814128437,-0.02219857485408694
2014-11-11T12:00:00+09:30,lstm,3.9644279281298416,3.7463664082015113,0.21806151992833023
2014-11-11T13:00:00+09:30,lstm,3.8339667717615753,3.6683211632409956,0.16564560852057975
2014-11-11T14:00:00+09:30,lstm,3.430511176586142,3.236361137046448,0.1941500395396938
2014-11-11T15:00:00+09:30,lstm,2.7987611691157084,2.6048198032611385,0.1939413658545699
2014-11-11T16:00:00+09:30,lstm,1.87626111507415,1.65565901706364,0.2206020980105099
2014-11-11T17:00:00+09:30,lstm,0.732016675174235,0.5541368629619406,0.17787981221229432
2014-11-12T07:00:00+09:30,lstm,1.0365250259637875,0.9495933673488223,0.08693165861496521
2014-11-12T08:00:00+09:30,lstm,2.170861124992358,2.062612348947722,0.10824877604463623
2014-11-12T09:00:00+09:30,lstm,3.0222527583440004,2.9061387653072703,0.11611399303673009
2014-11-12T10:00:00+09:30,lstm,3.591830650965367,3.5106061372230206,0.08122451374234618
2014-11-12T11:00:00+09:30,lstm,3.8457581798235583,3.9445983177917325,-0.09884013796817426
2014-11-12T12:00:00+09:30,lstm,3.8682417472203503,3.729445415272792,0.13879633194755847
2014-11-12T13:00:00+09:30,lstm,3.740600109100342,3.6370417613677386,0.1035583477326032
2014-11-12T14:00:00+09:30,lstm,3.443488876024883,3.2166305804366524,0.22685829558823079
2014-11-12T15:00:00+09:30,lstm,2.7586527665456164,2.4673711915881835,0.2912815749574329
2014-11-12T16:00:00+09:30,lstm,1.8521484235922416,1.50768429524913,0.3444641283431116
2014-11-12T17:00:00+09:30,lstm,0.7210999876260775,0.48076599713428536,0.24033399049179216
2014-11-13T07:00:00+09:30,lstm,1.0039999932050692,0.9374349605875681,0.06656503261750102
2014-11-13T08:00:00+09:30,lstm,2.1058277587095917,2.034907706780738,0.07092005192885376
2014-11-13T09:00:00+09:30,lstm,2.952733238538108,2.8621773970337063,0.09055584150440188
2014-11-13T10:00:00+09:30,lstm,3.5466335415840167,3.450740362094557,0.09589317948945952
2014-11-13T11:00:00+09:30,lstm,3.8490275939305665,3.878879327401589,-0.029851733471022435
2014-11-13T12:00:00+09:30,lstm,3.888266483942658,3.690653488113808,0.1976129958288504
2014-11-13T13:00:00+09:30,lstm,3.674305637677508,3.541912340464484,0.13239329721302395
2014-11-13T14:00:00+09:30,lstm,3.33990557988485,3.0920819083168265,0.24782367156802332
2014-11-13T15:00:00+09:30,lstm,2.697299977143592,2.3349256150664486,0.36237436207714335
2014-11-13T16:00:00+09:30,lstm,1.7881444493929501,1.4116446456003189,0.37649980379263126
2014-11-13T17:00:00+09:30,lstm,0.6978499939044284,0.4593682427560022,0.23848175114842618
2014-11-14T07:00:00+09:30,lstm,0.49563888957103086,0.7777026810352285,-0.2820637914641977
2014-11-14T08:00:00+09:30,lstm,1.6138055374224916,1.8033220033438326,-0.18951646592134108
2014-11-14T09:00:00+09:30,lstm,2.816836039225267,2.599565208432382,0.21727083079288478
2014-11-14T10:00:00+09:30,lstm,3.359505613644908,3.1668506011995987,0.19265501244530947
2014-11-14T11:00:00+09:30,lstm,3.527411063512167,3.5621904592044804,-0.034779395692313475
2014-11-14T12:00:00+09:30,lstm,1.046844447652495,3.4099829447241,-2.3631384970716054
2014-11-14T13:00:00+09:30,lstm,2.4434111615022,2.891804104410512,-0.448392942908312
2014-11-14T14:00:00+09:30,lstm,2.2620887955029914,2.5736535438726538,-0.3115647483696624
2014-11-14T15:00:00+09:30,lstm,2.82341384887695,2.178873291650775,0.6445405572261751
2014-11-14T16:00:00+09:30,lstm,1.1327510972817783,1.393192836548924,-0.26044173926714564
2014-11-14T17:00:00+09:30,lstm,0.18970556987915252,0.49074611421308223,-0.3010405443339297
2014-11-15T07:00:00+09:30,lstm,0.7724443996945983,0.6029396524401485,0.16950474725444986
2014-11-15T08:00:00+09:30,lstm,2.0024944841861583,1.3757987061754513,0.626695778010707
2014-11-15T09:00:00+09:30,lstm,2.765502770741792,2.1017632108859825,0.6637395598558093
2014-11-15T10:00:00+09:30,lstm,1.5660139421621917,2.61277777407162,-1.0467638319094283
2014-11-15T11:00:00+09:30,lstm,1.1162194833159391,2.8761163136771324,-1.7598968303611933
2014-11-15T12:00:00+09:30,lstm,2.5599916676680166,3.1847457729739634,-0.6247541053059469
2014-11-15T13:00:00+09:30,lstm,3.2252471844355246,2.9661933374155707,0.25905384701995393
2014-11-15T14:00:00+09:30,lstm,1.7886027097702,2.7412884687054166,-0.9526857589352167
2014-11-15T15:00:00+09:30,lstm,0.5911916693051616,2.094613521844524,-1.5034218525393621
2014-11-15T16:00:00+09:30,lstm,0.2855027901629608,0.8431025040243172,-0.5575997138613564
2014-11-15T17:00:00+09:30,lstm,0.14158584922552067,0.2876654469677431,-0.14607959774222243
2014-11-16T07:00:00+09:30,lstm,0.28144444525242,0.475462846029268,-0.194018400776848
2014-11-16T08:00:00+09:30,lstm,0.41839439949641594,0.9605368070228513,-0.5421424075264354
2014-11-16T09:00:00+09:30,lstm,0.5506555587053309,1.564305705386035,-1.0136501466807042
2014-11-16T10:00:00+09:30,lstm,0.8780944397052134,2.1492851748516086,-1.2711907351463951
2014-11-16T11:00:00+09:30,lstm,1.402105525135985,2.5860471411213686,-1.1839416159853835
2014-11-16T12:00:00+09:30,lstm,1.404977753758429,2.817739371515451,-1.412761617757022
2014-11-16T13:00:00+09:30,lstm,2.1362999677658,2.4735685839137354,-0.33726861614793524
2014-11-16T14:00:00+09:30,lstm,2.1307166119416667,1.9016725924848337,0.22904401945683306
2014-11-16T15:00:00+09:30,lstm,1.3034610648950042,1.3053972792790933,-0.0019362143840890855
2014-11-16T16:00:00+09:30,lstm,0.7496555149555216,0.8367946090639473,-0.08713909410842569
2014-11-16T17:00:00+09:30,lstm,0.3154388877252742,0.4112423998611582,-0.095803512135884
2014-11-17T07:00:00+09:30,lstm,0.44788889090220163,0.6957896848289757,-0.2479007939267741
2014-11-17T08:00:00+09:30,lstm,1.868372147281974,1.512736650006718,0.355635497275256
2014-11-17T09:00:00+09:30,lstm,3.0500277082125336,2.30684643226022,0.7431812759523138
2014-11-17T10:00:00+09:30,lstm,3.6877056161562582,2.9198098378975406,0.7678957782587177
2014-11-17T11:00:00+09:30,lstm,3.0042389531930334,3.337775818052034,-0.33353686485900047
2014-11-17T12:00:00+09:30,lstm,2.2746111353238416,3.48467801865876,-1.2100668833349184
2014-11-17T13:00:00+09:30,lstm,2.7034333646297504,3.0200065833099297,-0.3165732186801793
2014-11-17T14:00:00+09:30,lstm,2.8400666415691336,2.9272799559550924,-0.0872133143859588
2014-11-17T15:00:00+09:30,lstm,1.6507666607697775,2.4744012922461875,-0.82363463147641
2014-11-17T16:00:00+09:30,lstm,0.3842177415887517,1.580927896985031,-1.1967101553962791
2014-11-17T17:00:00+09:30,lstm,0.24071666163702674,0.47124693144021146,-0.23053026980318472
2014-11-18T07:00:00+09:30,lstm,0.29461945345004587,0.6802695510721879,-0.38565009762214203
2014-11-18T08:00:00+09:30,lstm,0.7589999983708035,1.6170020721119385,-0.858002073741135
2014-11-18T09:00:00+09:30,lstm,1.1951444794734316,2.3752811815427157,-1.1801367020692841
2014-11-18T10:00:00+09:30,lstm,1.9229138493537918,2.8569820026954824,-0.9340681533416906
2014-11-18T11:00:00+09:30,lstm,1.0437277952829966,3.1144427308469727,-2.0707149355639762
2014-11-18T12:00:00+09:30,lstm,0.968424951036775,3.3980651565755133,-2.4296402055387385
2014-11-18T13:00:00+09:30,lstm,1.0483833303054158,2.7069116428862294,-1.6585283125808137
2014-11-18T14:00:00+09:30,lstm,0.821966643134755,2.058825553100572,-1.2368589099658172
2014-11-18T15:00:00+09:30,lstm,0.6497916132211692,1.4053138401349272,-0.755522226913758
2014-11-18T16:00:00+09:30,lstm,0.7487888932228133,0.8910671888502878,-0.14227829562747452
2014-11-18T17:00:00+09:30,lstm,0.2657555403808742,0.37774433662422124,-0.11198879624334707
2014-11-19T07:00:00+09:30,lstm,0.9957166761159909,0.6438697944509639,0.351846881665027
2014-11-19T08:00:00+09:30,lstm,2.094988872607558,1.4661073157869553,0.6288815568206028
2014-11-19T09:00:00+09:30,lstm,2.9378333489100084,2.2047070965395728,0.7331262523704356
2014-11-19T10:00:00+09:30,lstm,3.4833221435546835,2.794105314366566,0.6892168291881173
2014-11-19T11:00:00+09:30,lstm,3.7938945889472997,3.1827682391096888,0.6111263498376109
2014-11-19T12:00:00+09:30,lstm,3.8249552845955,3.1492081765051596,0.6757471080903406
2014-11-19T13:00:00+09:30,lstm,3.7064945499102415,3.262818837076163,0.4436757128340787
2014-11-19T14:00:00+09:30,lstm,2.9459161311387927,2.9181746151790975,0.027741515959695207
2014-11-19T15:00:00+09:30,lstm,2.8475527564684504,2.216219217143434,0.6313335393250163
2014-11-19T16:00:00+09:30,lstm,1.8576028545697418,1.2860924700365644,0.5715103845331775
2014-11-19T17:00:00+09:30,lstm,0.7587166726589225,0.45329077807173035,0.30542589458719216
2014-11-20T06:00:00+09:30,lstm,0.11053888996442175,0.16994561080100057,-0.059406720836578816
2014-11-20T07:00:00+09:30,lstm,0.971983318527545,0.7613945997753278,0.2105887187522173
2014-11-20T08:00:00+09:30,lstm,2.061530530452725,1.792609089362165,0.26892144109056026
2014-11-20T09:00:00+09:30,lstm,2.9126833875974083,2.593570183399683,0.31911320419772515
2014-11-20T10:00:00+09:30,lstm,3.408144394556683,3.1612282508881053,0.24691614366857761
2014-11-20T11:00:00+09:30,lstm,3.549488842487342,3.525819306258661,0.023669536228680954
2014-11-20T12:00:00+09:30,lstm,3.3543056050936335,3.378286594983423,-0.023980989889789583
2014-11-20T13:00:00+09:30,lstm,2.7892611225446,3.289828170329983,-0.500567047785383
2014-11-20T14:00:00+09:30,lstm,3.1343944867451916,2.860064838554921,0.2743296481902706
2014-11-20T15:00:00+09:30,lstm,2.46399983266989,2.169780673043232,0.2942191596266581
2014-11-20T16:00:00+09:30,lstm,1.736086110274,1.272043718672164,0.4640423916018359
2014-11-20T17:00:00+09:30,lstm,0.7550805533925741,0.43645277608854993,0.31862777730402414
2014-11-21T06:00:00+09:30,lstm,0.27759444961945273,0.16655744289869945,0.11103700672075328
2014-11-21T07:00:00+09:30,lstm,0.5626388986905416,0.7236883824720903,-0.1610494837815487
2014-11-21T08:00:00+09:30,lstm,1.8402722676595118,1.7215240579476199,0.11874820971189193
2014-11-21T09:00:00+09:30,lstm,2.8831666707992585,2.5265235075098245,0.356643163289434
2014-11-21T10:00:00+09:30,lstm,3.2355445424715668,3.0919977723761263,0.14354677009544048
2014-11-21T11:00:00+09:30,lstm,3.40988888343175,3.4430210591642467,-0.033132175732496716
2014-11-21T12:00:00+09:30,lstm,3.0970223248005087,3.6119833302388993,-0.5149610054383906
2014-11-21T13:00:00+09:30,lstm,2.1183832983176,2.9207914804153448,-0.8024081820977447
2014-11-21T14:00:00+09:30,lstm,1.688233345747,2.5263009543763597,-0.8380676086293597
2014-11-21T15:00:00+09:30,lstm,0.948611080646515,1.9851694562562092,-1.0365583756096943
2014-11-21T16:00:00+09:30,lstm,0.27908055608471416,1.131472959639252,-0.8523924035545379
2014-11-21T17:00:00+09:30,lstm,0.2477416619658475,0.4117552728787114,-0.1640136109128639
2014-11-22T06:00:00+09:30,lstm,0.16049998695962156,0.1142572020911824,0.04624278486843916
2014-11-22T07:00:00+09:30,lstm,0.6567611172795291,0.6086040283147638,0.04815708896476534
2014-11-22T08:00:00+09:30,lstm,0.9108999942739867,1.351903038835953,-0.44100304456196626
2014-11-22T09:00:00+09:30,lstm,2.8602889180183584,2.0518582999547244,0.808430618063634
2014-11-22T10:00:00+09:30,lstm,3.477894445260367,2.5661642577479666,0.9117301875124002
2014-11-22T11:00:00+09:30,lstm,3.7368777592976836,2.8917240395637167,0.8451537197339669
2014-11-22T12:00:00+09:30,lstm,3.8072389662265747,2.9107569124555708,0.8964820537710039
2014-11-22T13:00:00+09:30,lstm,3.0417167147000748,2.606241293549578,0.435475421150497
2014-11-22T14:00:00+09:30,lstm,2.92485547065735,1.963644734636769,0.961210736020581
2014-11-22T15:00:00+09:30,lstm,0.9639166394869543,1.7948732960889056,-0.8309566566019513
2014-11-22T16:00:00+09:30,lstm,1.222933327158301,1.179692554313785,0.043240772844515885
2014-11-22T17:00:00+09:30,lstm,0.7469944308201583,0.46730348329218163,0.27969094752797663
2014-11-23T06:00:00+09:30,lstm,0.09114721929654494,0.13898171870536868,-0.04783449940882374
2014-11-23T07:00:00+09:30,lstm,0.9385972221692483,0.6564130044006815,0.28218421776856684
2014-11-23T08:00:00+09:30,lstm,2.0233777761459497,1.491526038726373,0.5318517374195768
2014-11-23T09:00:00+09:30,lstm,2.842966596285508,2.217484224759906,0.6254823715256022
2014-11-23T10:00:00+09:30,lstm,3.47514164447785,2.703562150376024,0.7715794941018261
2014-11-23T11:00:00+09:30,lstm,3.7020694017410247,3.001616264739389,0.7004531370016358
2014-11-23T12:00:00+09:30,lstm,3.8154277205467246,2.881977840755535,0.9334498797911897
2014-11-23T13:00:00+09:30,lstm,3.5151722331841833,2.9702232114946217,0.5449490216895616
2014-11-23T14:00:00+09:30,lstm,2.9756694734096505,2.644510594028528,0.33115887938112243
2014-11-23T15:00:00+09:30,lstm,2.0531500528256124,2.0055429912596003,0.04760706156601202
2014-11-23T16:00:00+09:30,lstm,1.6450110624234018,1.2160423446184114,0.42896871780499035
2014-11-23T17:00:00+09:30,lstm,0.48947224890192165,0.46221461591113455,0.027257632990787095
2014-11-24T06:00:00+09:30,lstm,0.10685000537584292,0.16966682568297553,-0.0628168203071326
2014-11-24T07:00:00+09:30,lstm,0.6558221802115425,0.6867146864247404,-0.030892506213197946
2014-11-24T08:00:00+09:30,lstm,0.7580055693785342,1.5685187362835757,-0.8105131669050415
2014-11-24T09:00:00+09:30,lstm,1.0589944173892343,2.3143752419215664,-1.2553808245323321
2014-11-24T10:00:00+09:30,lstm,1.0492222607135833,2.8194712827141335,-1.7702490220005502
2014-11-24T11:00:00+09:30,lstm,2.388769427935283,3.112383605475688,-0.723614177540405
2014-11-24T12:00:00+09:30,lstm,2.9020717144012416,2.8815617410326784,0.020509973368563195
2014-11-24T13:00:00+09:30,lstm,2.3037777543068,2.565957988990122,-0.26218023468332197
2014-11-24T14:00:00+09:30,lstm,2.318455547094333,1.9057930484032677,0.4126624986910654
2014-11-24T15:00:00+09:30,lstm,2.2573889195919166,1.2756927334349721,0.9816961861569444
2014-11-24T16:00:00+09:30,lstm,1.5413500517606833,0.7827367158702448,0.7586133358904384
2014-11-24T17:00:00+09:30,lstm,0.4413388893008225,0.43749009929694826,0.003848790003874225
2014-11-25T06:00:00+09:30,lstm,0.18317222176119774,0.18491688900712844,-0.0017446672459306978
2014-11-25T07:00:00+09:30,lstm,0.67471660921971,0.6493103025680413,0.025406306651668653
2014-11-25T08:00:00+09:30,lstm,1.93473333120345,1.4502902678220975,0.48444306338135257
2014-11-25T09:00:00+09:30,lstm,2.9298332929611246,2.2306268184726545,0.6992064744884701
2014-11-25T10:00:00+09:30,lstm,2.90148333708445,2.7609574500199017,0.14052588706454827
2014-11-25T11:00:00+09:30,lstm,2.6255944569905667,3.1302875979535134,-0.5046931409629467
2014-11-25T12:00:00+09:30,lstm,2.7387111286322168,3.1684206864155646,-0.42970955778334785
2014-11-25T13:00:00+09:30,lstm,2.3653000593185585,2.8217124199087467,-0.4564123605901882
2014-11-25T14:00:00+09:30,lstm,2.387094418207808,2.6536415487703406,-0.26654713056253243
2014-11-25T15:00:00+09:30,lstm,1.5915666520595666,2.216598592206691,-0.6250319401471245
2014-11-25T16:00:00+09:30,lstm,1.0358277658621442,1.3075270126852896,-0.2716992468231454
2014-11-25T17:00:00+09:30,lstm,0.5441249907016751,0.48809235468832257,0.05603263601335251
2014-11-26T06:00:00+09:30,lstm,0.13222223101183717,0.1544295693417317,-0.02220733832989452
2014-11-26T07:00:00+09:30,lstm,0.9438666800657901,0.6995677023798934,0.2442989776858967
2014-11-26T08:00:00+09:30,lstm,2.1031944056352,1.6431937091920807,0.46000069644311914
2014-11-26T09:00:00+09:30,lstm,3.0107027490933667,2.439905217301371,0.5707975317919955
2014-11-26T10:00:00+09:30,lstm,3.592547237873075,3.013793585124409,0.5787536527486661
2014-11-26T11:00:00+09:30,lstm,3.8640083670616168,3.3869651494150608,0.477043217646556
2014-11-26T12:00:00+09:30,lstm,3.9572111765543667,3.3113605252504947,0.645850651303872
2014-11-26T13:00:00+09:30,lstm,3.825747291247042,3.283142077106938,0.5426052141401039
2014-11-26T14:00:00+09:30,lstm,3.461855709552775,2.9790371297985954,0.48281857975417974
2014-11-26T15:00:00+09:30,lstm,2.7445790767669584,2.330762921548752,0.41381615521820647
2014-11-26T16:00:00+09:30,lstm,1.9217167099317,1.453845562610638,0.46787114732106216
2014-11-26T17:00:00+09:30,lstm,0.8692333797613826,0.5513613946923175,0.3178719850690651
2014-11-27T06:00:00+09:30,lstm,0.0031249995032946666,0.1471789510972158,-0.14405395159392112
2014-11-27T07:00:00+09:30,lstm,0.3084194424251715,0.8661991555741488,-0.5577797131489773
2014-11-27T08:00:00+09:30,lstm,0.5939722359180458,1.9501478709398432,-1.3561756350217973
2014-11-27T09:00:00+09:30,lstm,1.3058138638734842,2.7776716653040383,-1.4718578014305541
2014-11-27T10:00:00+09:30,lstm,0.7789416412512468,3.3501765397150822,-2.5712348984638353
2014-11-27T11:00:00+09:30,lstm,1.2137971719105967,3.738480699307841,-2.5246835273972446
2014-11-27T12:00:00+09:30,lstm,1.617863903443025,3.365649749873894,-1.7477858464308689
2014-11-27T13:00:00+09:30,lstm,1.8046472271283418,2.873390377050018,-1.0687431499216762
2014-11-27T14:00:00+09:30,lstm,1.143077855308854,2.2582857456476653,-1.1152078903388112
2014-11-27T15:00:00+09:30,lstm,1.2724221547444583,1.6433245354910015,-0.37090238074654325
2014-11-27T16:00:00+09:30,lstm,1.2259611437718017,0.9144584222106398,0.3115027215611619
2014-11-27T17:00:00+09:30,lstm,0.9509776383638434,0.4443405629364011,0.5066370754274423
2014-11-28T06:00:00+09:30,lstm,0.1284888898953798,0.11953266127620121,0.00895622861917858
2014-11-28T07:00:00+09:30,lstm,0.9731444219748275,0.8421308802141697,0.13101354176065783
2014-11-28T08:00:00+09:30,lstm,2.0927778482437165,1.8828113840526335,0.209966464191083
2014-11-28T09:00:00+09:30,lstm,2.955527782440175,2.6533911764951936,0.30213660594498126
2014-11-28T10:00:00+09:30,lstm,3.5116832057635,3.2359625091015993,0.2757206966619008
2014-11-28T11:00:00+09:30,lstm,3.7930997610092168,3.6672630180835633,0.1258367429256535
2014-11-28T12:00:00+09:30,lstm,3.8738887111345996,3.606528573293155,0.2673601378414445
2014-11-28T13:00:00+09:30,lstm,3.7422999938329,3.5300349239971203,0.21226506983577975
2014-11-28T14:00:00+09:30,lstm,3.4384389519691414,3.185666857969933,0.2527720939992082
2014-11-28T15:00:00+09:30,lstm,2.7963777979214917,2.5395131807577727,0.256864617163719
2014-11-28T16:00:00+09:30,lstm,1.8890806039174333,1.6440457128133525,0.24503489110408072
2014-11-28T17:00:00+09:30,lstm,0.81546110659838,0.622035924138125,0.19342518246025497
2014-11-29T06:00:00+09:30,lstm,0.12436111814652934,0.14681713262642326,-0.022456014479893927
2014-11-29T07:00:00+09:30,lstm,0.9410527745882766,0.8754546815487269,0.06559809303954978
2014-11-29T08:00:00+09:30,lstm,2.0290916462739332,1.9729402294239022,0.056151416850031
2014-11-29T09:00:00+09:30,lstm,2.884952743848167,2.7823654669474034,0.10258727690076341
2014-11-29T10:00:00+09:30,lstm,3.4377136627833003,3.35536277409202,0.08235088869128004
2014-11-29T11:00:00+09:30,lstm,3.7640250722567252,3.773503472026596,-0.009478399769870638
2014-11-29T12:00:00+09:30,lstm,3.050761282443992,3.761677113861955,-0.7109158314179633
2014-11-29T13:00:00+09:30,lstm,3.471008251110708,3.574838330193335,-0.10383007908262698
2014-11-29T14:00:00+09:30,lstm,2.6975473314523586,3.1336014683920514,-0.43605413693969286
2014-11-29T15:00:00+09:30,lstm,1.1312999824682826,2.4209685240030185,-1.289668541534736
2014-11-29T16:00:00+09:30,lstm,0.8388777275880175,1.4994938904210193,-0.6606161628330018
2014-11-29T17:00:00+09:30,lstm,0.802544298271345,0.5648757301672516,0.23766856810409343
2014-11-30T06:00:00+09:30,lstm,0.17358333120743527,0.12060106898285206,0.052982262224583215
2014-11-30T07:00:00+09:30,lstm,1.00422219683726,0.8253855592281666,0.1788366376090934
2014-11-30T08:00:00+09:30,lstm,1.4920666019121782,1.8362496045473542,-0.344183002635176
2014-11-30T09:00:00+09:30,lstm,3.0331777532895337,2.6033949203944458,0.4297828328950879
2014-11-30T10:00:00+09:30,lstm,3.446183443069467,3.1268492198930526,0.31933422317641424
2014-11-30T11:00:00+09:30,lstm,3.7746054728825915,3.481577371763488,0.2930281011191034
2014-11-30T12:00:00+09:30,lstm,3.913122196992242,3.4473143669447235,0.4658078300475186
2014-11-30T13:00:00+09:30,lstm,3.0452110320329626,3.332902718647943,-0.28769168661498057
2014-11-30T14:00:00+09:30,lstm,0.9822833438714283,2.666552005316057,-1.6842686614446287
2014-11-30T15:00:00+09:30,lstm,0.45022224014004086,2.278328419456832,-1.8281061793167912
2014-11-30T16:00:00+09:30,lstm,0.049022212314109,1.461869434253704,-1.4128472219395949
2014-11-30T17:00:00+09:30,lstm,0.053299998243649754,0.5737192487164916,-0.5204192504728419
2014-12-01T06:00:00+09:30,lstm,0.09910000379507626,0.09351345198582017,0.005586551809256088
2014-12-01T07:00:00+09:30,lstm,0.9164166475335717,0.6265908421092157,0.289825805424356
2014-12-01T08:00:00+09:30,lstm,2.0305667320887166,1.4261843878525338,0.6043823442361829
2014-12-01T09:00:00+09:30,lstm,2.857938885688792,2.109493370066706,0.7484455156220862
2014-12-01T10:00:00+09:30,lstm,3.414805392424275,2.573169931842542,0.8416354605817333
2014-12-01T11:00:00+09:30,lstm,3.7485388120015415,2.8384247692748437,0.9101140427266978
2014-12-01T12:00:00+09:30,lstm,3.724710901578275,2.921095455426906,0.8036154461513689
2014-12-01T13:00:00+09:30,lstm,3.8565777937571166,3.062278956499724,0.7942988372573927
2014-12-01T14:00:00+09:30,lstm,2.5640694151321983,2.78891416075116,-0.22484474561896173
2014-12-01T15:00:00+09:30,lstm,2.5020444293816917,2.143470719796481,0.35857370958521084
2014-12-01T16:00:00+09:30,lstm,1.5340971996386876,1.2979273308504542,0.23616986878823343
2014-12-01T17:00:00+09:30,lstm,0.4739166547854741,0.5138334997835576,-0.03991684499808351
2014-12-02T06:00:00+09:30,lstm,0.08968888913902118,0.16677779085629874,-0.07708890171727756
2014-12-02T07:00:00+09:30,lstm,1.2402833377321534,0.7019453908492312,0.5383379468829221
2014-12-02T08:00:00+09:30,lstm,1.6695110748211544,1.6594465338336688,0.010064540987485548
2014-12-02T09:00:00+09:30,lstm,2.4427444835504,2.431812221876379,0.01093226167402106
2014-12-02T10:00:00+09:30,lstm,2.8551166852315166,2.9321896952043267,-0.07707300997281008
2014-12-02T11:00:00+09:30,lstm,2.7309167683124502,3.231020879616777,-0.500104111304327
2014-12-02T12:00:00+09:30,lstm,3.7495055397351584,3.090586629451362,0.6589189102837962
2014-12-02T13:00:00+09:30,lstm,3.488339026769008,3.2092622397267214,0.2790767870422868
2014-12-02T14:00:00+09:30,lstm,2.114944433172539,2.5926925234053653,-0.47774809023282616
2014-12-02T15:00:00+09:30,lstm,0.47029439359903336,1.9263244231099275,-1.456030029510894
2014-12-02T16:00:00+09:30,lstm,1.2177944108843668,1.1345821303873875,0.08321228049697926
2014-12-02T17:00:00+09:30,lstm,0.5317719628413575,0.4712801787071009,0.0604917841342566
2014-12-03T06:00:00+09:30,lstm,0.08311389200389392,0.11580930664240174,-0.03269541463850782
2014-12-03T07:00:00+09:30,lstm,0.8832416683435383,0.5915214638466959,0.29172020449684244
2014-12-03T08:00:00+09:30,lstm,2.087672193845117,1.3555489578711042,0.7321232359740126
2014-12-03T09:00:00+09:30,lstm,2.8841082652409917,2.0651626348357337,0.818945630405258
2014-12-03T10:00:00+09:30,lstm,3.3997250000635746,2.517944016363204,0.8817809837003705
2014-12-03T11:00:00+09:30,lstm,3.5275056163469833,2.8082055481059713,0.719300068241012
2014-12-03T12:00:00+09:30,lstm,2.1629500190417,2.8717202107755586,-0.7087701917338585
2014-12-03T13:00:00+09:30,lstm,1.2915555263559066,2.9436026677087135,-1.6520471413528068
2014-12-03T14:00:00+09:30,lstm,2.9668610990047544,2.719214319037736,0.24764677996701856
2014-12-03T15:00:00+09:30,lstm,0.9960680156946232,2.11828472772529,-1.1222167120306668
2014-12-03T16:00:00+09:30,lstm,1.8751221895218,1.2899002574616611,0.5852219320601388
2014-12-03T17:00:00+09:30,lstm,0.45285555844505665,0.5199189370267264,-0.06706337858166977
2014-12-04T06:00:00+09:30,lstm,0.11465555336326357,0.13443167756551822,-0.01977612420225465
2014-12-04T07:00:00+09:30,lstm,0.8935944388310074,0.6471373137891061,0.24645712504190131
2014-12-04T08:00:00+09:30,lstm,1.1895666966835658,1.4991435643090623,-0.3095768676254964
2014-12-04T09:00:00+09:30,lstm,2.773066719373075,2.2591991973425634,0.5138675220305116
2014-12-04T10:00:00+09:30,lstm,3.4086665312449167,2.776942260979421,0.6317242702654955
2014-12-04T11:00:00+09:30,lstm,3.663572251796708,3.10635346725806,0.557218784538648
2014-12-04T12:00:00+09:30,lstm,3.1872720817724915,3.0202425371274972,0.1670295446449943
2014-12-04T13:00:00+09:30,lstm,1.6936055570840984,2.9593632292456418,-1.2657576721615433
2014-12-04T14:00:00+09:30,lstm,3.178405523300175,2.354911123932035,0.8234943993681401
2014-12-04T15:00:00+09:30,lstm,2.4860055148601607,2.016913386906899,0.4690921279532616
2014-12-04T16:00:00+09:30,lstm,1.9449796875317833,1.387389110522524,0.5575905770092593
2014-12-04T17:00:00+09:30,lstm,1.0486777623494474,0.596485314719082,0.4521924476303655
2014-12-05T07:00:00+09:30,lstm,0.8642222061753267,0.7197632966538605,0.14445890952146623
2014-12-05T08:00:00+09:30,lstm,1.903261045614875,1.6548687583665915,0.24839228724828355
2014-12-05T09:00:00+09:30,lstm,2.757375041643767,2.4428759284495136,0.31449911319425317
2014-12-05T10:00:00+09:30,lstm,3.3078528642654503,2.998827056527837,0.30902580773761334
2014-12-05T11:00:00+09:30,lstm,3.627369364102675,3.3875775097899132,0.23979185431276173
2014-12-05T12:00:00+09:30,lstm,3.550752719243359,3.2341518900874227,0.3166008291559361
2014-12-05T13:00:00+09:30,lstm,2.4703444937864916,3.066979204041772,-0.5966347102552803
2014-12-05T14:00:00+09:30,lstm,0.9266500373681367,2.726825059463917,-1.8001750220957806
2014-12-05T15:00:00+09:30,lstm,1.5565580427646708,2.2121660190888863,-0.6556079763242155
2014-12-05T16:00:00+09:30,lstm,0.6737778050204116,1.4627555332864288,-0.7889777282660172
2014-12-05T17:00:00+09:30,lstm,0.08262221515178683,0.6246954086386883,-0.5420731934869015
2014-12-06T07:00:00+09:30,lstm,0.8062138780951442,0.6344093355462282,0.17180454254891597
2014-12-06T08:00:00+09:30,lstm,1.827313850323356,1.470587257778632,0.35672659254472383
2014-12-06T09:00:00+09:30,lstm,2.8051304817199667,2.2050553446973495,0.6000751370226172
2014-12-06T10:00:00+09:30,lstm,3.4094417095184415,2.7223675508959455,0.687074158622496
2014-12-06T11:00:00+09:30,lstm,3.7391278743744003,3.043857426209246,0.6952704481651542
2014-12-06T12:00:00+09:30,lstm,3.878186146418242,3.3251695061467914,0.5530166402714505
2014-12-06T13:00:00+09:30,lstm,3.6500916878382337,3.227385392759757,0.42270629507847657
2014-12-06T14:00:00+09:30,lstm,2.20321941375731,2.8242158034023968,-0.6209963896450867
2014-12-06T15:00:00+09:30,lstm,2.469180613756175,2.260378372729208,0.20880224102696676
2014-12-06T16:00:00+09:30,lstm,1.8010389109452583,1.4465747585255104,0.3544641524197478
2014-12-06T17:00:00+09:30,lstm,0.6169984787702475,0.5859327000599173,0.031065778710330227
2014-12-07T07:00:00+09:30,lstm,0.3293111262222133,0.534852684835919,-0.20554155861370565
2014-12-07T08:00:00+09:30,lstm,0.609300022323925,1.2530439234182866,-0.6437439010943616
2014-12-07T09:00:00+09:30,lstm,2.291405593355505,1.9550808493501175,0.33632474400538737
2014-12-07T10:00:00+09:30,lstm,2.7589222788810837,2.439236709756414,0.31968556912466983
2014-12-07T11:00:00+09:30,lstm,3.5929166674614,2.743164055593158,0.8497526118682424
2014-12-07T12:00:00+09:30,lstm,3.1982388893763165,2.565184820406028,0.6330540689702886
2014-12-07T13:00:00+09:30,lstm,2.8379388451576166,2.292522457984961,0.5454163871726556
2014-12-07T14:00:00+09:30,lstm,2.6106943835814698,1.808435806175047,0.8022585774064228
2014-12-07T15:00:00+09:30,lstm,2.203022276361774,1.6651510693533664,0.5378712070084077
2014-12-07T16:00:00+09:30,lstm,0.550949989507595,1.1919591419141145,-0.6410091524065195
2014-12-07T17:00:00+09:30,lstm,0.044461109985908,0.6274410646269042,-0.5829799546409962
2014-12-08T07:00:00+09:30,lstm,0.8585277944803233,0.5253969331335109,0.33313086134681247
2014-12-08T08:00:00+09:30,lstm,1.953116695086175,1.1829799838455555,0.7701367112406194
2014-12-08T09:00:00+09:30,lstm,2.8269167145093252,1.8807829615145482,0.9461337529947771
2014-12-08T10:00:00+09:30,lstm,3.4245999852816085,2.396475126782388,1.0281248584992206
2014-12-08T11:00:00+09:30,lstm,3.773910939693458,2.7551325627866428,1.0187783769068153
2014-12-08T12:00:00+09:30,lstm,3.5917942325274086,2.877257407372876,0.7145368251545325
2014-12-08T13:00:00+09:30,lstm,3.73853663603465,2.8834559871008167,0.8550806489338334
2014-12-08T14:00:00+09:30,lstm,3.0925556123256666,2.644137071162759,0.4484185411629076
2014-12-08T15:00:00+09:30,lstm,2.91333613793055,2.1570477331546583,0.7562884047758915
2014-12-08T16:00:00+09:30,lstm,1.6861721575260251,1.4442198003304747,0.24195235719555042
2014-12-08T17:00:00+09:30,lstm,0.7503472417592958,0.6352424255437339,0.1151048162155619
2014-12-09T07:00:00+09:30,lstm,0.7538333684205983,0.7312836654636017,0.022549702956996653
2014-12-09T08:00:00+09:30,lstm,1.767669429381675,1.7375008963482426,0.030168533033432476
2014-12-09T09:00:00+09:30,lstm,2.4703944226105916,2.523912579285522,-0.05351815667493032
2014-12-09T10:00:00+09:30,lstm,3.2119750181833915,3.0771655898784136,0.13480942830497789
2014-12-09T11:00:00+09:30,lstm,3.6672278245290086,3.433786121898948,0.2334417026300608
2014-12-09T12:00:00+09:30,lstm,3.8069862325986166,3.554429257932733,0.2525569746658838
2014-12-09T13:00:00+09:30,lstm,2.8361112574736183,3.067620062073958,-0.23150880460033996
2014-12-09T14:00:00+09:30,lstm,2.9825055400530416,2.6525976524415755,0.32990788761146606
2014-12-09T15:00:00+09:30,lstm,1.8412610764304749,2.032710164216689,-0.19144908778621406
2014-12-09T16:00:00+09:30,lstm,1.0145377268393734,1.3041921082615768,-0.28965438142220346
2014-12-09T17:00:00+09:30,lstm,0.7100222197671758,0.5713941452100912,0.1386280745570846
2014-12-10T07:00:00+09:30,lstm,0.3572722300887117,0.6449058878497451,-0.28763365776103345
2014-12-10T08:00:00+09:30,lstm,0.97995562354724,1.505053393220357,-0.5250977696731169
2014-12-10T09:00:00+09:30,lstm,1.9317000011603083,2.2600796562139407,-0.3283796550536324
2014-12-10T10:00:00+09:30,lstm,2.2788110772768664,2.7630096206057653,-0.4841985433288989
2014-12-10T11:00:00+09:30,lstm,2.6536443829536416,3.0796012914358957,-0.4259569084822541
2014-12-10T12:00:00+09:30,lstm,2.1705277760823667,3.0078657331411396,-0.8373379570587729
2014-12-10T13:00:00+09:30,lstm,2.067598293224967,2.417352714099872,-0.34975442087490505
2014-12-10T14:00:00+09:30,lstm,3.5197220643361415,1.9706878967210508,1.5490341676150907
2014-12-10T15:00:00+09:30,lstm,2.662488887707392,1.5738159927838766,1.0886728949235152
2014-12-10T16:00:00+09:30,lstm,1.8449944059054084,1.0428315000881037,0.8021629058173048
2014-12-10T17:00:00+09:30,lstm,0.8773361196120583,0.5338140894106755,0.3435220302013827
2014-12-11T07:00:00+09:30,lstm,0.48395555963118836,0.7026614156933586,-0.21870585606217025
2014-12-11T08:00:00+09:30,lstm,0.6120388855536775,1.5637325716972446,-0.9516936861435671
2014-12-11T09:00:00+09:30,lstm,2.786705613136283,2.275142958105209,0.5115626550310739
2014-12-11T10:00:00+09:30,lstm,2.948216736316683,2.794660170540013,0.15355656577666998
2014-12-11T11:00:00+09:30,lstm,3.4391055504480916,3.153299286621696,0.28580626382639585
2014-12-11T12:00:00+09:30,lstm,3.775961041450508,2.969797442923741,0.806163598526767
2014-12-11T13:00:00+09:30,lstm,3.757955590883883,2.6232236921446956,1.1347318987391875
2014-12-11T14:00:00+09:30,lstm,3.11019655068715,2.0034051580728223,1.1067913926143276
2014-12-11T15:00:00+09:30,lstm,2.3937803705533334,1.9812783386277477,0.41250203192558565
2014-12-11T16:00:00+09:30,lstm,1.665672202905025,1.3557427377002516,0.3099294652047735
2014-12-11T17:00:00+09:30,lstm,0.9257361044486375,0.6457342706449232,0.28000183380371435
2014-12-12T07:00:00+09:30,lstm,0.7971416736642567,0.7543971526830189,0.04274452098123782
2014-12-12T08:00:00+09:30,lstm,1.8523306051889994,1.7540277564983002,0.09830284869069916
2014-12-12T09:00:00+09:30,lstm,2.9587166309356583,2.58458799321431,0.3741286377213484
2014-12-12T10:00:00+09:30,lstm,3.549636244773858,3.164674771136376,0.38496147363748223
2014-12-12T11:00:00+09:30,lstm,3.9214361707369583,3.581886920402823,0.3395492503341351
2014-12-12T12:00:00+09:30,lstm,4.015894532203675,3.6445561525715053,0.37133837963216987
2014-12-12T13:00:00+09:30,lstm,3.94404733181,3.42287101025334,0.5211763215566596
2014-12-12T14:00:00+09:30,lstm,3.5907195806503083,3.0477076632697466,0.5430119173805616
2014-12-12T15:00:00+09:30,lstm,2.9814778367678336,2.5357662477051077,0.4457115890627259
2014-12-12T16:00:00+09:30,lstm,2.0761943856875167,1.7159564553677007,0.360237930319816
2014-12-12T17:00:00+09:30,lstm,0.9586972196896891,0.7534626670029461,0.20523455268674307
2014-12-13T07:00:00+09:30,lstm,0.875094433625541,0.9010373296286563,-0.02594289600311539
2014-12-13T08:00:00+09:30,lstm,2.0020611286163414,2.021803194758891,-0.019742066142549586
2014-12-13T09:00:00+09:30,lstm,2.888058304786675,2.8763839881013755,0.011674316685299502
2014-12-13T10:00:00+09:30,lstm,3.472104251384725,3.4918392424662823,-0.019734991081557407
2014-12-13T11:00:00+09:30,lstm,3.8414166967074,3.9270614022809935,-0.0856447055735936
2014-12-13T12:00:00+09:30,lstm,4.006266772747042,4.02895274053127,-0.022685967784228822
2014-12-13T13:00:00+09:30,lstm,3.8316110769907668,3.868577424275397,-0.03696634728463044
2014-12-13T14:00:00+09:30,lstm,3.518005549907675,3.5008387348007513,0.01716681510692375
2014-12-13T15:00:00+09:30,lstm,2.9314611355463582,2.8198617684711724,0.1115993670751858
2014-12-13T16:00:00+09:30,lstm,2.0538277924060666,1.8640671347557412,0.18976065765032546
2014-12-13T17:00:00+09:30,lstm,0.9603000208735509,0.8036223181538538,0.15667770271969717
2014-12-14T07:00:00+09:30,lstm,0.86429443210363,0.8858868384762594,-0.02159240637262938
2014-12-14T08:00:00+09:30,lstm,1.977994382381425,2.006054846503677,-0.02806046412225216
2014-12-14T09:00:00+09:30,lstm,2.867777844270075,2.8639330562801675,0.0038447879899075055
2014-12-14T10:00:00+09:30,lstm,3.4352110028266836,3.46410457598175,-0.028893573155066576
2014-12-14T11:00:00+09:30,lstm,3.7374329964319837,3.8721725394511943,-0.13473954301921065
2014-12-14T12:00:00+09:30,lstm,3.8142945170402505,3.954278700581786,-0.1399841835415354
2014-12-14T13:00:00+09:30,lstm,3.5466276605924,3.7670153357446736,-0.22038767515227375
2014-12-14T14:00:00+09:30,lstm,3.10102771719295,3.357767094300652,-0.256739377107702
2014-12-14T15:00:00+09:30,lstm,2.8849999904632497,2.697662117534438,0.18733787292881177
2014-12-14T16:00:00+09:30,lstm,2.0156111617883,1.7714573817217554,0.24415378006654453
2014-12-14T17:00:00+09:30,lstm,0.9516555493076567,0.736287485148543,0.2153680641591137
2014-12-15T07:00:00+09:30,lstm,0.8345222075780233,0.7787102131658336,0.05581199441218976
2014-12-15T08:00:00+09:30,lstm,1.9509777426719666,1.8199201924516812,0.1310575502202853
2014-12-15T09:00:00+09:30,lstm,2.84777772426605,2.6741712271878737,0.17360649707817633
2014-12-15T10:00:00+09:30,lstm,3.4283610184987414,3.270346968221858,0.1580140502768832
2014-12-15T11:00:00+09:30,lstm,3.751149932543433,3.648102075362619,0.103047857180814
2014-12-15T12:00:00+09:30,lstm,3.8067306081453918,3.7707441185036794,0.03598648964171236
2014-12-15T13:00:00+09:30,lstm,3.55845006306965,3.6426678435153117,-0.08421778044566164
2014-12-15T14:00:00+09:30,lstm,3.197325090567275,3.217386786129476,-0.020061695562200832
2014-12-15T15:00:00+09:30,lstm,2.4043027857939334,2.551654030926562,-0.14735124513262843
2014-12-15T16:00:00+09:30,lstm,1.5985944420099216,1.6517314292189478,-0.053136987209026154
2014-12-15T17:00:00+09:30,lstm,0.41311775396267336,0.6820760353816174,-0.26895828141894407
2014-12-16T07:00:00+09:30,lstm,0.9002583424250233,0.7042957054527819,0.19596263697224148
2014-12-16T08:00:00+09:30,lstm,1.5275555352369974,1.639409118520796,-0.11185358328379857
2014-12-16T09:00:00+09:30,lstm,2.224927783012375,2.4061924886754102,-0.1812647056630352
2014-12-16T10:00:00+09:30,lstm,2.146155556042985,2.932940981658682,-0.786785425615697
2014-12-16T11:00:00+09:30,lstm,1.0401333471139276,3.3113003069864857,-2.2711669598725583
2014-12-16T12:00:00+09:30,lstm,1.4240582982698948,3.0644541080472965,-1.6403958097774016
2014-12-16T13:00:00+09:30,lstm,2.177197178204875,2.9727785014355583,-0.7955813232306834
2014-12-16T14:00:00+09:30,lstm,2.9353916744391166,2.540406785869884,0.3949848885692324
2014-12-16T15:00:00+09:30,lstm,1.37563052773475,1.984183403386675,-0.608552875651925
2014-12-16T16:00:00+09:30,lstm,1.462332586447406,1.1677506576559804,0.29458192879142553
2014-12-16T17:00:00+09:30,lstm,1.088016639153171,0.502522686291845,0.5854939528613259
2014-12-17T07:00:00+09:30,lstm,0.481566657622655,0.6614023420172008,-0.17983568439454584
2014-12-17T08:00:00+09:30,lstm,0.4721888775626825,1.6248429565654274,-1.1526540790027449
2014-12-17T09:00:00+09:30,lstm,1.0939277658859943,2.404907125589414,-1.3109793597034198
2014-12-17T10:00:00+09:30,lstm,1.36434440811475,2.955602556251048,-1.5912581481362982
2014-12-17T11:00:00+09:30,lstm,2.652138918638225,3.336105312519749,-0.6839663938815241
2014-12-17T12:00:00+09:30,lstm,1.5409556130568143,3.2255676493312473,-1.684612036274433
2014-12-17T13:00:00+09:30,lstm,1.8466340700785349,2.750950701201811,-0.904316631123276
2014-12-17T14:00:00+09:30,lstm,2.749544491370525,2.0338801796420483,0.7156643117284767
2014-12-17T15:00:00+09:30,lstm,2.3325749933719666,1.4965862812284016,0.835988712143565
2014-12-17T16:00:00+09:30,lstm,1.2243583500385167,0.9785149591409483,0.24584339089756835
2014-12-17T17:00:00+09:30,lstm,0.08820832396547075,0.5830955716805273,-0.49488724771505654
2014-12-18T07:00:00+09:30,lstm,0.08463333531593276,0.5886788649348712,-0.5040455296189384
2014-12-18T08:00:00+09:30,lstm,1.3015055259068757,1.3037417434983543,-0.0022362175914785176
2014-12-18T09:00:00+09:30,lstm,2.6935527821382084,1.9842471838578506,0.7093055982803578
2014-12-18T10:00:00+09:30,lstm,2.687683284282683,2.4672617809394914,0.22042150334319155
2014-12-18T11:00:00+09:30,lstm,3.830274840195983,2.785623868731488,1.0446509714644954
2014-12-18T12:00:00+09:30,lstm,3.453305552403117,2.667752638760159,0.7855529136429578
2014-12-18T13:00:00+09:30,lstm,3.900511264801034,2.1836871057498763,1.7168241590511575
2014-12-18T14:00:00+09:30,lstm,2.7156167030334584,2.188256145327949,0.5273605577055092
2014-12-18T15:00:00+09:30,lstm,2.820383310317999,2.144633271549681,0.6757500387683177
2014-12-18T16:00:00+09:30,lstm,1.1643554766972883,1.3993126660541428,-0.2349571893568545
2014-12-18T17:00:00+09:30,lstm,0.3890014265974358,0.7554102825677431,-0.3664088559703073
2014-12-19T07:00:00+09:30,lstm,0.8719944829742041,0.6123867530680089,0.2596077299061952
2014-12-19T08:00:00+09:30,lstm,1.6386221994956383,1.4585073467967307,0.1801148526989076
2014-12-19T09:00:00+09:30,lstm,2.533177872498842,2.265332639568027,0.26784523293081497
2014-12-19T10:00:00+09:30,lstm,2.974194407463075,2.8373243865181483,0.13687002094492673
2014-12-19T11:00:00+09:30,lstm,3.381722331047058,3.19619385866328,0.185528472383778
2014-12-19T12:00:00+09:30,lstm,3.2023333609103974,3.533003938856136,-0.3306705779457384
2014-12-19T13:00:00+09:30,lstm,3.376627907156939,3.413950904250015,-0.03732299709307618
2014-12-19T14:00:00+09:30,lstm,2.855077783266706,2.87365482852492,-0.01857704525821413
2014-12-19T15:00:00+09:30,lstm,1.9382220009962916,2.2739787948773382,-0.3357567938810466
2014-12-19T16:00:00+09:30,lstm,1.6466999898354224,1.46341301495206,0.18328697488336232
2014-12-19T17:00:00+09:30,lstm,1.072063878178595,0.6634887776434302,0.40857510053516477
2014-12-20T07:00:00+09:30,lstm,0.787044456849495,0.722579730305901,0.06446472654359403
2014-12-20T08:00:00+09:30,lstm,1.9048722287019164,1.7768604018491259,0.12801182685279056
2014-12-20T09:00:00+09:30,lstm,2.7974111040433165,2.6174266240531194,0.17998447999019707
2014-12-20T10:00:00+09:30,lstm,3.4197388291358917,3.1820851434782393,0.23765368565765232
2014-12-20T11:00:00+09:30,lstm,3.7198833425839584,3.5769600486334063,0.14292329395055203
2014-12-20T12:00:00+09:30,lstm,3.8921222289403334,3.652826240581358,0.23929598835897536
2014-12-20T13:00:00+09:30,lstm,3.8147777716318667,3.573813432302792,0.24096433932907457
2014-12-20T14:00:00+09:30,lstm,3.48994463682175,3.193045546043539,0.296899090778211
2014-12-20T15:00:00+09:30,lstm,2.427738895018901,2.5775665436308537,-0.14982764861195275
2014-12-20T16:00:00+09:30,lstm,2.1503221889336834,1.7473666835398785,0.402955505393805
2014-12-20T17:00:00+09:30,lstm,1.0945482974251117,0.7788050569316478,0.3157432404934639
2014-12-21T07:00:00+09:30,lstm,0.28795277389387275,0.6850534256681976,-0.39710065177432485
2014-12-21T08:00:00+09:30,lstm,0.8252083460489867,1.6885938699031797,-0.863385523854193
2014-12-21T09:00:00+09:30,lstm,1.7409888704617833,2.518580803301486,-0.7775919328397025
2014-12-21T10:00:00+09:30,lstm,2.032127767801275,3.081499438969026,-1.049371671167751
2014-12-21T11:00:00+09:30,lstm,2.7560472687085498,3.433335248248987,-0.6772879795404374
2014-12-21T12:00:00+09:30,lstm,2.9749638636906917,3.3293562869700914,-0.3543924232793998
2014-12-21T13:00:00+09:30,lstm,3.562794685363775,2.81053116049911,0.7522635248646647
2014-12-21T14:00:00+09:30,lstm,3.4942056934038668,2.2968437545360336,1.1973619388678332
2014-12-21T15:00:00+09:30,lstm,2.9292278289794833,1.7920578802103413,1.137169948769142
2014-12-21T16:00:00+09:30,lstm,1.6944471597671418,1.131423120544339,0.5630240392228028
2014-12-21T17:00:00+09:30,lstm,0.9960027833779583,0.5987739480092515,0.3972288353687068
2014-12-22T07:00:00+09:30,lstm,0.99750003094475,0.66750961898288,0.32999041196187007
2014-12-22T08:00:00+09:30,lstm,1.698263982931775,1.6671730035855408,0.03109097934623417
2014-12-22T09:00:00+09:30,lstm,2.806158244609833,2.4604208165191492,0.345737428090684
2014-12-22T10:00:00+09:30,lstm,3.3434666593869586,3.0111821480133685,0.33228451137359016
2014-12-22T11:00:00+09:30,lstm,3.4791518449783414,3.4070504000813155,0.07210144489702586
2014-12-22T12:00:00+09:30,lstm,3.5991445183754003,3.4443926785523518,0.15475183982304852
2014-12-22T13:00:00+09:30,lstm,2.6212111512819836,3.3831732647005297,-0.7619621134185461
2014-12-22T14:00:00+09:30,lstm,1.901605655749625,2.8385504642991553,-0.9369448085495302
2014-12-22T15:00:00+09:30,lstm,1.547694444656374,2.3232799965082913,-0.7755855518519172
2014-12-22T16:00:00+09:30,lstm,0.22975554068883333,1.5372078258397845,-1.3074522851509511
2014-12-22T17:00:00+09:30,lstm,0.45222779115041084,0.6730700547412375,-0.22084226359082665
2014-12-23T07:00:00+09:30,lstm,0.27804447213808753,0.5984808292481032,-0.32043635711001567
2014-12-23T08:00:00+09:30,lstm,0.6116166537006683,1.4208211881124202,-0.8092045344117519
2014-12-23T09:00:00+09:30,lstm,1.570305546124775,2.2108598764610843,-0.6405543303363093
2014-12-23T10:00:00+09:30,lstm,2.0672110915184,2.7546197745835457,-0.6874086830651458
2014-12-23T11:00:00+09:30,lstm,2.7474222183227504,3.114192528200738,-0.36677030987798753
2014-12-23T12:00:00+09:30,lstm,2.5309389332930334,3.089536796110652,-0.5585978628176185
2014-12-23T13:00:00+09:30,lstm,2.2130054632822667,2.5430870923194817,-0.33008162903721505
2014-12-23T14:00:00+09:30,lstm,1.9395889242490167,2.0138543839096954,-0.07426545966067866
2014-12-23T15:00:00+09:30,lstm,1.220116684834154,1.6108868649945904,-0.3907701801604364
2014-12-23T16:00:00+09:30,lstm,0.989738826950395,1.1311075153504508,-0.1413686884000559
2014-12-23T17:00:00+09:30,lstm,0.76937186717987,0.6578603630983075,0.11151150408156252
2014-12-23T18:00:00+09:30,lstm,0.23964723525568957,0.16572939936134667,0.07391783589434289
2014-12-24T07:00:00+09:30,lstm,0.10773056466132401,0.5782885427379338,-0.4705579780766098
2014-12-24T08:00:00+09:30,lstm,0.23459999759991915,1.4404447936927576,-1.2058447960928385
2014-12-24T09:00:00+09:30,lstm,0.3806138957540183,2.2441594738701602,-1.8635455781161419
2014-12-24T10:00:00+09:30,lstm,0.7787499601642258,2.782516945566446,-2.00376698540222
2014-12-24T11:00:00+09:30,lstm,0.70396945377191,3.169209460859627,-2.4652400070877167
2014-12-24T12:00:00+09:30,lstm,1.0060582906007818,2.848148916324374,-1.842090625723592
2014-12-24T13:00:00+09:30,lstm,1.0540972004334057,2.398922278291477,-1.3448250778580715
2014-12-24T14:00:00+09:30,lstm,1.2785999973615083,1.935483366622336,-0.6568833692608278
2014-12-24T15:00:00+09:30,lstm,1.0307219475507774,1.4072605439443184,-0.37653859639354104
2014-12-24T16:00:00+09:30,lstm,0.9329777906338367,1.0067625635791018,-0.07378477294526509
2014-12-24T17:00:00+09:30,lstm,0.3165610941747817,0.5223094748862014,-0.2057483807114197
2014-12-24T18:00:00+09:30,lstm,0.05556665541371336,0.137448867035741,-0.08188221162202763
2014-12-25T07:00:00+09:30,lstm,0.49250830089052583,0.43062135814215174,0.061886942748374085
2014-12-25T08:00:00+09:30,lstm,0.8319277440508158,0.8365027201124161,-0.004574976061600289
2014-12-25T09:00:00+09:30,lstm,1.7480055391788418,1.364621645081404,0.3833838940974379
2014-12-25T10:00:00+09:30,lstm,1.8666471540927916,1.91337401895527,-0.046726864862478346
2014-12-25T11:00:00+09:30,lstm,2.075291683276492,2.375863856857846,-0.300572173581354
2014-12-25T12:00:00+09:30,lstm,2.1289360523223917,2.7635556560757517,-0.63461960375336
2014-12-25T13:00:00+09:30,lstm,2.3676000237465,2.6646109416680135,-0.2970109179215137
2014-12-25T14:00:00+09:30,lstm,3.09285831451415,2.3099966107980006,0.7828617037161494
2014-12-25T15:00:00+09:30,lstm,1.9544443885485334,1.9799331813500243,-0.025488792801490856
2014-12-25T16:00:00+09:30,lstm,1.2296999593575835,1.2944612396663808,-0.06476128030879735
2014-12-25T17:00:00+09:30,lstm,1.064997230966891,0.6642797996705858,0.4007174312963051
2014-12-25T18:00:00+09:30,lstm,0.30143332667648787,0.17133003717201445,0.13010328950447342
2014-12-26T07:00:00+09:30,lstm,0.5441944599151608,0.6853638253748274,-0.14116936545966663
2014-12-26T08:00:00+09:30,lstm,1.4243944634993893,1.6613735606891868,-0.2369790971897976
2014-12-26T09:00:00+09:30,lstm,2.02533332506815,2.540775898383923,-0.5154425733157728
2014-12-26T10:00:00+09:30,lstm,1.6281722386678001,3.124344140110276,-1.496171901442476
2014-12-26T11:00:00+09:30,lstm,2.9390112260977497,3.5093418929366558,-0.5703306668389061
2014-12-26T12:00:00+09:30,lstm,3.9768499533335504,3.530727179589855,0.44612277374369524
2014-12-26T13:00:00+09:30,lstm,3.7455999453862585,3.241416078644955,0.5041838667413034
2014-12-26T14:00:00+09:30,lstm,2.23982788125675,2.9609465455167987,-0.7211186642600489
2014-12-26T15:00:00+09:30,lstm,2.7072277466456,2.4257227983537617,0.28150494829183836
2014-12-26T16:00:00+09:30,lstm,1.9599778552850082,1.4743693888306826,0.48560846645432565
2014-12-26T17:00:00+09:30,lstm,0.8833333104848884,0.8570004446835189,0.02633286580136951
2014-12-26T18:00:00+09:30,lstm,0.31826190650463,0.2815785678788163,0.03668333862581369
2014-12-27T07:00:00+09:30,lstm,0.7478777666886617,0.7937382958541024,-0.0458605291654407
2014-12-27T08:00:00+09:30,lstm,1.8436277806758916,1.8186836824925432,0.024944098183348418
2014-12-27T09:00:00+09:30,lstm,2.811713933944708,2.689203741431487,0.12251019251322104
2014-12-27T10:00:00+09:30,lstm,3.4997999270757085,3.3431483049751183,0.15665162210059025
2014-12-27T11:00:00+09:30,lstm,3.880064030488325,3.7656177631329255,0.11444626735539964
2014-12-27T12:00:00+09:30,lstm,3.9846557180086664,3.8251960172543598,0.1594597007543066
2014-12-27T13:00:00+09:30,lstm,3.949194570382442,3.7256648956954117,0.22352967468703033
2014-12-27T14:00:00+09:30,lstm,3.63619166612625,3.3623960976993654,0.27379556842688446
2014-12-27T15:00:00+09:30,lstm,3.0744637648264668,2.7472948588752666,0.3271689059512002
2014-12-27T16:00:00+09:30,lstm,2.212024986743925,1.9062070277647156,0.30581795897920916
2014-12-27T17:00:00+09:30,lstm,1.1096388995647393,0.9354844931366763,0.174154406428063
2014-12-27T18:00:00+09:30,lstm,0.19823332751790768,0.1978275999962139,0.00040572752169376614
2014-12-28T07:00:00+09:30,lstm,0.7536166658004109,0.8383311077551981,-0.08471444195478728
2014-12-28T08:00:00+09:30,lstm,1.9838055968284667,1.9722357605494527,0.011569836279013979
2014-12-28T09:00:00+09:30,lstm,2.893572211265567,2.8804957929452613,0.013076418320305816
2014-12-28T10:00:00+09:30,lstm,3.6002777417500664,3.527803964537269,0.07247377721279724
2014-12-28T11:00:00+09:30,lstm,3.3532776633898416,3.9903804828142353,-0.6371028194243937
2014-12-28T12:00:00+09:30,lstm,4.151994466781616,4.056043834921013,0.09595063186060315
2014-12-28T13:00:00+09:30,lstm,3.6152444283167586,4.047981711958133,-0.43273728364137476
2014-12-28T14:00:00+09:30,lstm,3.6041554411252332,3.7002380305681846,-0.09608258944295134
2014-12-28T15:00:00+09:30,lstm,2.866483370463058,3.0425204111193325,-0.17603704065627435
2014-12-28T16:00:00+09:30,lstm,1.9002166589101324,2.1466989276341044,-0.24648226872397205
2014-12-28T17:00:00+09:30,lstm,1.194755514462785,0.9086642802178078,0.2860912342449773
2014-12-28T18:00:00+09:30,lstm,0.23683333583176125,0.19125583666032975,0.0455774991714315
2014-12-29T07:00:00+09:30,lstm,0.6296777824560792,0.6852986454651218,-0.055620863009042565
2014-12-29T08:00:00+09:30,lstm,1.6536166568597084,1.7365137408907758,-0.08289708403106744
2014-12-29T09:00:00+09:30,lstm,2.756066759427375,2.602647026518344,0.15341973290903077
2014-12-29T10:00:00+09:30,lstm,3.45611667633055,3.201764132898574,0.2543525434319758
2014-12-29T11:00:00+09:30,lstm,3.5824389457702748,3.616110062427103,-0.033671116656828204
2014-12-29T12:00:00+09:30,lstm,3.801577687263492,3.5900058690514585,0.2115718182120334
2014-12-29T13:00:00+09:30,lstm,2.871277779340742,3.2895204634823423,-0.4182426841416005
2014-12-29T14:00:00+09:30,lstm,2.968788901964825,2.9857037156966797,-0.01691481373185466
2014-12-29T15:00:00+09:30,lstm,3.273000061512,2.5297581612461304,0.7432419002658697
2014-12-29T16:00:00+09:30,lstm,2.2818451325098583,1.79778887784042,0.48405625466943825
2014-12-29T17:00:00+09:30,lstm,1.2339444408814166,0.8329130118582114,0.4010314290232052
2014-12-29T18:00:00+09:30,lstm,0.24542222358286325,0.18556207257658885,0.0598601510062744
2014-12-30T07:00:00+09:30,lstm,0.71826388686895,0.7835498108596657,-0.06528592399071564
2014-12-30T08:00:00+09:30,lstm,1.8998583058516167,1.906680970946804,-0.0068226650951872525
2014-12-30T09:00:00+09:30,lstm,2.859461148579925,2.8112130687281702,0.04824807985175461
2014-12-30T10:00:00+09:30,lstm,3.483886063098909,3.443886166619025,0.039999896479884
2014-12-30T11:00:00+09:30,lstm,3.816344241301225,3.9100611926500424,-0.09371695134881719
2014-12-30T12:00:00+09:30,lstm,3.9613639116287334,3.949126052729563,0.012237858899170284
2014-12-30T13:00:00+09:30,lstm,3.948419551054633,3.8910736106778794,0.05734594037675356
2014-12-30T14:00:00+09:30,lstm,3.6484780311584504,3.5648721226853795,0.08360590847307092
2014-12-30T15:00:00+09:30,lstm,3.06421105066935,2.961748381387139,0.10246266928221104
2014-12-30T16:00:00+09:30,lstm,2.2042860885461084,2.10615643009604,0.09812965845006838
2014-12-30T17:00:00+09:30,lstm,1.1114333520333084,1.028825740376492,0.0826076116568164
2014-12-30T18:00:00+09:30,lstm,0.2088369966174163,0.2070772101624615,0.0017597864549548092
2014-12-31T07:00:00+09:30,lstm,0.7122444311777717,0.7582694839093986,-0.046025052731626936
2014-12-31T08:00:00+09:30,lstm,1.855588863293325,1.8816169420638453,-0.02602807877052027
2014-12-31T09:00:00+09:30,lstm,2.787566701571142,2.7859816161083755,0.001585085462766589
2014-12-31T10:00:00+09:30,lstm,3.3978221416473335,3.425818651869355,-0.02799651022202143
2014-12-31T11:00:00+09:30,lstm,3.7536776860554837,3.8438779279258344,-0.0902002418703507
2014-12-31T12:00:00+09:30,lstm,3.9031553864479,3.9626604044161957,-0.05950501796829588
2014-12-31T13:00:00+09:30,lstm,3.8997499148050747,3.895245464156862,0.00450445064821281
2014-12-31T14:00:00+09:30,lstm,3.6035778522491504,3.552116876594785,0.05146097565436536
2014-12-31T15:00:00+09:30,lstm,2.9924054741859503,2.9168837391534383,0.07552173503251192
2014-12-31T16:00:00+09:30,lstm,2.1621220111847,2.0313279430215405,0.13079406816315942
2014-12-31T17:00:00+09:30,lstm,1.1148055493831608,0.9666846889095084,0.14812086047365236
2014-12-31T18:00:00+09:30,lstm,0.19438333126405816,0.19389746771783123,0.00048586354622692784
2014-01-02T11:00:00+09:30,lstm_residual,3.1779055396715834,3.533431803718577,-0.3555262640469934
2014-01-02T12:00:00+09:30,lstm_residual,3.8523385723431915,3.7870127729074086,0.06532579943578298
2014-01-02T13:00:00+09:30,lstm_residual,3.252622117598849,3.5025471959520633,-0.2499250783532143
2014-01-02T14:00:00+09:30,lstm_residual,2.631272281209624,2.988592152016081,-0.3573198708064571
2014-01-02T15:00:00+09:30,lstm_residual,1.9498027712106634,2.2639220501217228,-0.3141192789110594
2014-01-02T16:00:00+09:30,lstm_residual,2.216680516799283,1.3716208918687944,0.8450596249304887
2014-01-02T17:00:00+09:30,lstm_residual,0.7124944484482109,0.6600901549038214,0.05240429354438947
2014-01-02T18:00:00+09:30,lstm_residual,0.1037222063168886,0.1459761094808314,-0.0422539031639428
2014-01-03T07:00:00+09:30,lstm_residual,0.6222611044843983,0.5552512836581325,0.06700982082626583
2014-01-03T08:00:00+09:30,lstm_residual,1.79816113909085,1.5824252786186581,0.21573586047219195
2014-01-03T09:00:00+09:30,lstm_residual,2.65522772073745,2.364958292674043,0.2902694280634073
2014-01-03T10:00:00+09:30,lstm_residual,3.4993111093838998,2.835418045371957,0.6638930640119427
2014-01-03T11:00:00+09:30,lstm_residual,3.9208472569783663,3.003427051107976,0.9174202058703904
2014-01-03T12:00:00+09:30,lstm_residual,4.101238767306024,3.396134563959338,0.7051042033466866
2014-01-03T13:00:00+09:30,lstm_residual,3.989433368047075,3.281888503721372,0.707544864325703
2014-01-03T14:00:00+09:30,lstm_residual,3.632830381393433,2.8757781878417097,0.7570521935517234
2014-01-03T15:00:00+09:30,lstm_residual,3.1362027923266,2.2781472172042676,0.8580555751223322
2014-01-03T16:00:00+09:30,lstm_residual,2.2141444782416166,1.6636532372464548,0.5504912409951619
2014-01-03T17:00:00+09:30,lstm_residual,1.01744720588127,0.7869257249700157,0.23052148091125435
2014-01-03T18:00:00+09:30,lstm_residual,0.21023055476446884,0.17420754178038278,0.036023012984086056
2014-01-04T07:00:00+09:30,lstm_residual,0.6401722133159616,0.6581346977998739,-0.017962484483912244
2014-01-04T08:00:00+09:30,lstm_residual,1.815733363231,1.841644118521144,-0.025910755290144083
2014-01-04T09:00:00+09:30,lstm_residual,2.8411693970362335,2.666275510065832,0.17489388697040154
2014-01-04T10:00:00+09:30,lstm_residual,3.565502802530917,3.2371569014566557,0.3283459010742611
2014-01-04T11:00:00+09:30,lstm_residual,3.9859833518664,3.6107849076936507,0.3751984441727494
2014-01-04T12:00:00+09:30,lstm_residual,4.117530465126033,3.8249683571621227,0.29256210796391047
2014-01-04T13:00:00+09:30,lstm_residual,4.012616892655683,3.8608094695197535,0.15180742313592965
2014-01-04T14:00:00+09:30,lstm_residual,3.7073471546173082,3.5149355758283756,0.19241157878893267
2014-01-04T15:00:00+09:30,lstm_residual,3.103313783804575,2.939611482149676,0.16370230165489907
2014-01-04T16:00:00+09:30,lstm_residual,2.278427779674533,2.1733264960942593,0.10510128358027382
2014-01-04T17:00:00+09:30,lstm_residual,1.1863444298505834,1.0764831527757823,0.10986127707480109
2014-01-04T18:00:00+09:30,lstm_residual,0.21671666173885298,0.20450634988304106,0.012210311855811923
2014-01-05T07:00:00+09:30,lstm_residual,0.6450999863445733,0.6735757963232452,-0.02847580997867183
2014-01-05T08:00:00+09:30,lstm_residual,1.839300026496267,1.9084203015430676,-0.06912027504680074
2014-01-05T09:00:00+09:30,lstm_residual,2.861616571744283,2.7459404644251504,0.1156761073191328
2014-01-05T10:00:00+09:30,lstm_residual,3.561288774013517,3.3660559649863355,0.19523280902718154
2014-01-05T11:00:00+09:30,lstm_residual,4.005827724933633,3.7044163102806915,0.30141141465294163
2014-01-05T12:00:00+09:30,lstm_residual,4.174755692481983,3.974354888735313,0.20040080374667024
2014-01-05T13:00:00+09:30,lstm_residual,4.090672135353084,3.99363324077426,0.09703889457882386
2014-01-05T14:00:00+09:30,lstm_residual,3.7816778222719836,3.624211766477353,0.15746605579463058
2014-01-05T15:00:00+09:30,lstm_residual,3.18976668516795,3.0707063193327535,0.11906036583519652
2014-01-05T16:00:00+09:30,lstm_residual,2.326816668113075,2.2897675408487537,0.03704912726432141
2014-01-05T17:00:00+09:30,lstm_residual,1.2216110626856567,1.190413709820311,0.03119735286534575
2014-01-05T18:00:00+09:30,lstm_residual,0.27370555574695193,0.22645086749874388,0.047254688248208054
2014-01-06T07:00:00+09:30,lstm_residual,0.66221111888687,0.707651209266995,-0.045440090380124976
2014-01-06T08:00:00+09:30,lstm_residual,1.8946555256843498,1.879489895186555,0.015165630497794735
2014-01-06T09:00:00+09:30,lstm_residual,2.9116971890131667,2.766296730217804,0.14540045879536256
2014-01-06T10:00:00+09:30,lstm_residual,3.6422224044799667,3.3960813944005475,0.24614101007941924
2014-01-06T11:00:00+09:30,lstm_residual,4.0577112634976755,3.7868810293836757,0.27083023411399987
2014-01-06T12:00:00+09:30,lstm_residual,4.219196836153675,3.9264485648358627,0.29274827131781267
2014-01-06T13:00:00+09:30,lstm_residual,3.9933834473292005,4.058782004571503,-0.06539855724230259
2014-01-06T14:00:00+09:30,lstm_residual,3.8104526797930416,3.6788214220601327,0.13163125773290885
2014-01-06T15:00:00+09:30,lstm_residual,3.2198471426963917,3.1207484136875854,0.09909872900880634
2014-01-06T16:00:00+09:30,lstm_residual,2.346813907225908,2.3454529052196182,0.0013610020062899686
2014-01-06T17:00:00+09:30,lstm_residual,1.2386555671691983,1.235668309293563,0.002987257875635363
2014-01-06T18:00:00+09:30,lstm_residual,0.2200861026843405,0.24497137024040505,-0.024885267556064544
2014-01-07T07:00:00+09:30,lstm_residual,0.6538250067581741,0.6866340521296384,-0.03280904537146423
2014-01-07T08:00:00+09:30,lstm_residual,1.9047083258628668,1.888934734232191,0.01577359163067582
2014-01-07T09:00:00+09:30,lstm_residual,2.9615916411081913,2.829627147285529,0.1319644938226623
2014-01-07T10:00:00+09:30,lstm_residual,3.7036778330803,3.502496365208678,0.2011814678716224
2014-01-07T11:00:00+09:30,lstm_residual,4.121522108713791,3.8012242489541785,0.3202978597596129
2014-01-07T12:00:00+09:30,lstm_residual,4.278999805450425,4.062652037220977,0.2163477682294479
2014-01-07T13:00:00+09:30,lstm_residual,4.22178614139555,4.177510561879467,0.044275579516082963
2014-01-07T14:00:00+09:30,lstm_residual,3.892902791500083,3.7940324517534627,0.0988703397466204
2014-01-07T15:00:00+09:30,lstm_residual,3.3212611873944584,3.311173257244853,0.010087930149605295
2014-01-07T16:00:00+09:30,lstm_residual,2.4438860714435666,2.4606044186537117,-0.01671834721014509
2014-01-07T17:00:00+09:30,lstm_residual,1.29191665848095,1.2921637044888075,-0.00024704600785740993
2014-01-07T18:00:00+09:30,lstm_residual,0.2389860972762108,0.25682020134801287,-0.017834104071802054
2014-01-08T07:00:00+09:30,lstm_residual,0.64104443415999,0.74164890304163,-0.10060446888163999
2014-01-08T08:00:00+09:30,lstm_residual,1.864288866519925,1.9375046516442782,-0.07321578512435312
2014-01-08T09:00:00+09:30,lstm_residual,2.8977611660957248,2.8194743585165094,0.07828680757921536
2014-01-08T10:00:00+09:30,lstm_residual,3.657797217369083,3.4915672668471815,0.1662299505219016
2014-01-08T11:00:00+09:30,lstm_residual,4.088661233584092,3.8279473530841113,0.26071388049998045
2014-01-08T12:00:00+09:30,lstm_residual,4.260875145594283,4.01462737675085,0.2462477688434328
2014-01-08T13:00:00+09:30,lstm_residual,4.190311113993325,4.089746521318318,0.10056459267500717
2014-01-08T14:00:00+09:30,lstm_residual,3.8529363473256333,3.6334773071039357,0.2194590402216976
2014-01-08T15:00:00+09:30,lstm_residual,3.283583422501875,3.26182782521174,0.021755597290134876
2014-01-08T16:00:00+09:30,lstm_residual,2.4200360973676083,2.4436472567843444,-0.023611159416736083
2014-01-08T17:00:00+09:30,lstm_residual,1.2923194319009625,1.3113199907003206,-0.019000558799358025
2014-01-08T18:00:00+09:30,lstm_residual,0.23903888774414792,0.2564423529449701,-0.01740346520082217
2014-01-09T07:00:00+09:30,lstm_residual,0.6294444327553058,0.7104777578636525,-0.08103332510834671
2014-01-09T08:00:00+09:30,lstm_residual,1.8478777706623,1.9555448632241725,-0.10766709256187257
2014-01-09T09:00:00+09:30,lstm_residual,2.866427759329483,2.871852182962094,-0.005424423632610864
2014-01-09T10:00:00+09:30,lstm_residual,3.5868278741836668,3.555856255838019,0.030971618345647656
2014-01-09T11:00:00+09:30,lstm_residual,3.990872164567317,3.9293947833254883,0.06147738124182878
2014-01-09T12:00:00+09:30,lstm_residual,4.1003942886988165,3.9951516814879877,0.10524260721082879
2014-01-09T13:00:00+09:30,lstm_residual,4.047122319539383,4.005549993104131,0.04157232643525255
2014-01-09T14:00:00+09:30,lstm_residual,3.7454220453898164,3.5771357776046897,0.16828626778512668
2014-01-09T15:00:00+09:30,lstm_residual,3.2118444244066833,3.238810890203526,-0.026966465796842698
2014-01-09T16:00:00+09:30,lstm_residual,2.363083342711125,2.3879982865140175,-0.02491494380289261
2014-01-09T17:00:00+09:30,lstm_residual,1.2746333529551734,1.272071187091406,0.0025621658637673406
2014-01-09T18:00:00+09:30,lstm_residual,0.2389666540548205,0.2412310587347134,-0.0022644046798928896
2014-01-10T07:00:00+09:30,lstm_residual,0.6132388872404925,0.6617877739049252,-0.04854888666443269
2014-01-10T08:00:00+09:30,lstm_residual,1.824677765369425,1.8659608589575911,-0.041283093588166064
2014-01-10T09:00:00+09:30,lstm_residual,2.8058888713518915,2.793089169259017,0.012799702092874288
2014-01-10T10:00:00+09:30,lstm_residual,3.478288849194858,3.467176310846781,0.011112538348077017
2014-01-10T11:00:00+09:30,lstm_residual,3.902366499106092,3.8140948132008905,0.08827168590520129
2014-01-10T12:00:00+09:30,lstm_residual,3.9988058408101583,4.0017094249409,-0.0029035841307418764
2014-01-10T13:00:00+09:30,lstm_residual,4.001227736473067,3.891019804215885,0.11020793225718162
2014-01-10T14:00:00+09:30,lstm_residual,3.716249982515975,3.493337355747828,0.22291262676814716
2014-01-10T15:00:00+09:30,lstm_residual,3.1646834810574913,2.9656534313182368,0.19903004973925453
2014-01-10T16:00:00+09:30,lstm_residual,2.3793499966462335,2.0981404270445236,0.28120956960170984
2014-01-10T17:00:00+09:30,lstm_residual,1.282900025447215,1.131690400925238,0.15120962452197695
2014-01-10T18:00:00+09:30,lstm_residual,0.24483888410031732,0.22116296543740432,0.023675918662912993
2014-01-11T07:00:00+09:30,lstm_residual,0.5698722141484432,0.6267770171304503,-0.05690480298200706
2014-01-11T08:00:00+09:30,lstm_residual,1.7125222086906415,1.8387138084015673,-0.12619159971092575
2014-01-11T09:00:00+09:30,lstm_residual,2.6736162702242665,2.7648800419811383,-0.09126377175687184
2014-01-11T10:00:00+09:30,lstm_residual,2.679922193288792,3.4223868429448285,-0.7424646496560365
2014-01-11T11:00:00+09:30,lstm_residual,3.3457471927006996,3.7724018542448765,-0.42665466154417686
2014-01-11T12:00:00+09:30,lstm_residual,3.8498390316963165,3.858768095594419,-0.008929063898102552
2014-01-11T13:00:00+09:30,lstm_residual,3.585708389679583,3.739573861058665,-0.1538654713790817
2014-01-11T14:00:00+09:30,lstm_residual,3.022838880618417,3.29696570400153,-0.2741268233831131
2014-01-11T15:00:00+09:30,lstm_residual,2.902858267227803,2.7303255163302853,0.17253275089751785
2014-01-11T16:00:00+09:30,lstm_residual,1.6045222034056998,1.6289718483463722,-0.024449644940672366
2014-01-11T17:00:00+09:30,lstm_residual,1.1369027545054784,0.8166547812081126,0.32024797329736576
2014-01-11T18:00:00+09:30,lstm_residual,0.2656499876951185,0.16117867017148235,0.10447131752363614
2014-01-12T07:00:00+09:30,lstm_residual,0.5576027755935958,0.5141140562029753,0.04348871939062049
2014-01-12T08:00:00+09:30,lstm_residual,1.7021139164765666,1.6917304487278197,0.010383467748746877
2014-01-12T09:00:00+09:30,lstm_residual,2.6921360890070587,2.5785258584924655,0.11361023051459318
2014-01-12T10:00:00+09:30,lstm_residual,3.33166376749675,3.106096886609562,0.2255668808871878
2014-01-12T11:00:00+09:30,lstm_residual,3.4897472659746662,3.441385166519932,0.04836209945473424
2014-01-12T12:00:00+09:30,lstm_residual,3.912852883338925,3.6891197111563474,0.2237331721825777
2014-01-12T13:00:00+09:30,lstm_residual,3.4925890862941706,3.541582865681743,-0.048993779387572545
2014-01-12T14:00:00+09:30,lstm_residual,2.643247202038776,3.0720224462840626,-0.42877524424528657
2014-01-12T15:00:00+09:30,lstm_residual,0.6885000020265584,2.744906993494107,-2.0564069914675485
2014-01-12T16:00:00+09:30,lstm_residual,2.348016679286958,1.8233046134580764,0.5247120658288817
2014-01-12T17:00:00+09:30,lstm_residual,0.8503027533491417,0.9770454843948175,-0.1267427310456758
2014-01-12T18:00:00+09:30,lstm_residual,0.10410277172922959,0.20592861039986365,-0.10182583867063406
2014-01-13T07:00:00+09:30,lstm_residual,0.5569444298744175,0.45244060861195745,0.10450382126246005
2014-01-13T08:00:00+09:30,lstm_residual,1.65767775972685,1.5194681400797467,0.1382096196471032
2014-01-13T09:00:00+09:30,lstm_residual,2.6263833443323668,2.3519360147346373,0.27444732959772944
2014-01-13T10:00:00+09:30,lstm_residual,3.477261324723566,2.871332451422779,0.6059288733007873
2014-01-13T11:00:00+09:30,lstm_residual,3.0317388127247455,2.8569423753069207,0.1747964374178248
2014-01-13T12:00:00+09:30,lstm_residual,2.0427055160204586,3.2554790821262416,-1.212773566105783
2014-01-13T13:00:00+09:30,lstm_residual,3.6277277370293834,3.1071652608602585,0.520562476169125
2014-01-13T14:00:00+09:30,lstm_residual,2.6074139475822498,2.7093950399798676,-0.10198109239761788
2014-01-13T15:00:00+09:30,lstm_residual,0.8376694520314558,2.204184652570297,-1.3665152005388412
2014-01-13T16:00:00+09:30,lstm_residual,0.5924833218256625,1.42243838163093,-0.8299550598052675
2014-01-13T17:00:00+09:30,lstm_residual,0.6058861017227175,0.6599672694814602,-0.05408116775874272
2014-01-13T18:00:00+09:30,lstm_residual,0.1697500050067894,0.15537545478538461,0.014374550221404797
2014-01-14T07:00:00+09:30,lstm_residual,0.5260833241045484,0.43561614897402845,0.09046717513051994
2014-01-14T08:00:00+09:30,lstm_residual,1.6637805600961,1.3057271404067392,0.3580534196893608
2014-01-14T09:00:00+09:30,lstm_residual,2.550611138343817,2.102016819826562,0.44859431851725473
2014-01-14T10:00:00+09:30,lstm_residual,3.2749417225519752,2.7271438579523837,0.5477978645995916
2014-01-14T11:00:00+09:30,lstm_residual,3.3645777304967335,2.796047185351832,0.5685305451449016
2014-01-14T12:00:00+09:30,lstm_residual,2.8237555623054664,3.1840172316806883,-0.36026166937522186
2014-01-14T13:00:00+09:30,lstm_residual,2.8001945018768253,3.0465169461328414,-0.24632244425601613
2014-01-14T14:00:00+09:30,lstm_residual,2.1651833206415243,2.7336744397767063,-0.568491119135182
2014-01-14T15:00:00+09:30,lstm_residual,2.1954304774602282,1.8836682921931298,0.3117621852670984
2014-01-14T16:00:00+09:30,lstm_residual,1.2272722174723967,1.332321360424664,-0.1050491429522673
2014-01-14T17:00:00+09:30,lstm_residual,1.1954944531122842,0.7483349030453309,0.4471595500669533
2014-01-14T18:00:00+09:30,lstm_residual,0.31033332676937175,0.19035707639866328,0.11997625037070847
2014-01-15T07:00:00+09:30,lstm_residual,0.5500638907154358,0.45013375629229324,0.09993013442314258
2014-01-15T08:00:00+09:30,lstm_residual,1.6535084446271335,1.4296092776808604,0.2238991669462731
2014-01-15T09:00:00+09:30,lstm_residual,2.6262027422586915,2.264222185522638,0.36198055673605367
2014-01-15T10:00:00+09:30,lstm_residual,3.2989695072174,2.903031432282484,0.3959380749349162
2014-01-15T11:00:00+09:30,lstm_residual,3.6855666438738415,3.2268507869678498,0.4587158569059917
2014-01-15T12:00:00+09:30,lstm_residual,3.091277798016858,3.28722156497834,-0.19594376696148164
2014-01-15T13:00:00+09:30,lstm_residual,2.7641389568646666,3.2279177173742397,-0.4637787605095731
2014-01-15T14:00:00+09:30,lstm_residual,2.2352666358152997,2.9003901741386846,-0.6651235383233849
2014-01-15T15:00:00+09:30,lstm_residual,1.6738389333089334,2.1283513499317497,-0.4545124166228163
2014-01-15T16:00:00+09:30,lstm_residual,1.094808345039685,1.724338394370302,-0.6295300493306168
2014-01-15T17:00:00+09:30,lstm_residual,0.43513889362414754,1.0248359793648938,-0.5896970857407462
2014-01-15T18:00:00+09:30,lstm_residual,0.1676416757206111,0.23255856437064215,-0.06491688865003106
2014-01-16T07:00:00+09:30,lstm_residual,0.3838111360867817,0.3406047810528555,0.04320635503392617
2014-01-16T08:00:00+09:30,lstm_residual,0.6862889031569167,0.9324497192364325,-0.2461608160795158
2014-01-16T09:00:00+09:30,lstm_residual,1.1751333127419235,1.3914200377158674,-0.21628672497394397
2014-01-16T10:00:00+09:30,lstm_residual,0.9883111367622891,2.11932785156674,-1.131016714804451
2014-01-16T11:00:00+09:30,lstm_residual,0.6318721994757642,2.551596128932676,-1.9197239294569117
2014-01-16T12:00:00+09:30,lstm_residual,0.4571166634559642,2.886993896066762,-2.429877232610798
2014-01-16T13:00:00+09:30,lstm_residual,0.9156055425604243,2.294371050999377,-1.3787655084389527
2014-01-16T14:00:00+09:30,lstm_residual,0.7376222163438784,2.1723225808343933,-1.434700364490515
2014-01-16T15:00:00+09:30,lstm_residual,1.1086388429005876,1.6468575314723206,-0.538218688571733
2014-01-16T16:00:00+09:30,lstm_residual,0.8913722137610108,1.1521051260468123,-0.2607329122858014
2014-01-16T17:00:00+09:30,lstm_residual,0.48377776642640336,0.4952031299230699,-0.011425363496666563
2014-01-16T18:00:00+09:30,lstm_residual,0.20861112078030927,0.17776458701129683,0.030846533769012446
2014-01-17T07:00:00+09:30,lstm_residual,0.2617333357532825,0.28172839853557863,-0.019995062782296125
2014-01-17T08:00:00+09:30,lstm_residual,0.6188333183527001,0.9124693797448399,-0.2936360613921398
2014-01-17T09:00:00+09:30,lstm_residual,0.9606666664282408,1.5187344658380932,-0.5580677994098524
2014-01-17T10:00:00+09:30,lstm_residual,0.9740666747093192,2.310470717904026,-1.3364040431947068
2014-01-17T11:00:00+09:30,lstm_residual,1.0870055605967783,2.3654010444473137,-1.2783954838505354
2014-01-17T12:00:00+09:30,lstm_residual,1.0868500123421292,3.135649016457684,-2.048799004115555
2014-01-17T13:00:00+09:30,lstm_residual,0.9517832994461058,2.9727433179915175,-2.0209600185454115
2014-01-17T14:00:00+09:30,lstm_residual,0.7149888972441358,2.499415668063132,-1.784426770818996
2014-01-17T15:00:00+09:30,lstm_residual,1.0469222515821384,2.126386573262385,-1.0794643216802464
2014-01-17T16:00:00+09:30,lstm_residual,0.5119666978716858,1.3568873646948902,-0.8449206668232044
2014-01-17T17:00:00+09:30,lstm_residual,0.4027444422245025,0.5715444784402437,-0.1688000362157412
2014-01-17T18:00:00+09:30,lstm_residual,0.06709998935305835,0.19551976101027901,-0.12841977165722068
2014-01-18T07:00:00+09:30,lstm_residual,0.08999999053776249,0.20856246231841047,-0.11856247178064798
2014-01-18T08:00:00+09:30,lstm_residual,0.28283332288265267,0.5075623331065158,-0.2247290102238631
2014-01-18T09:00:00+09:30,lstm_residual,0.44901110231876334,1.0990262635173025,-0.6500151611985392
2014-01-18T10:00:00+09:30,lstm_residual,0.7691722810268383,1.6524815928560246,-0.8833093118291863
2014-01-18T11:00:00+09:30,lstm_residual,1.033161118626594,1.610223588144832,-0.5770624695182378
2014-01-18T12:00:00+09:30,lstm_residual,0.7826721916596083,1.9760513630004901,-1.1933791713408817
2014-01-18T13:00:00+09:30,lstm_residual,0.6695221761862425,1.6100520855684008,-0.9405299093821583
2014-01-18T14:00:00+09:30,lstm_residual,0.6132611036300675,1.9206328152845757,-1.3073717116545083
2014-01-18T15:00:00+09:30,lstm_residual,0.8234833280245475,2.0689548441463828,-1.2454715161218353
2014-01-18T16:00:00+09:30,lstm_residual,0.8234721769889192,1.2057318149089493,-0.38225963792003015
2014-01-18T17:00:00+09:30,lstm_residual,0.2773807458579542,0.6306631361684942,-0.35328239031054004
2014-01-18T18:00:00+09:30,lstm_residual,0.035658329550642215,0.23314474576582034,-0.19748641621517812
2014-01-19T07:00:00+09:30,lstm_residual,0.12309721112251167,0.21806464935990943,-0.09496743823739777
2014-01-19T08:00:00+09:30,lstm_residual,0.30185003330310334,0.6721151517721135,-0.3702651184690101
2014-01-19T09:00:00+09:30,lstm_residual,0.37944445759058,1.3497432938091343,-0.9702988362185543
2014-01-19T10:00:00+09:30,lstm_residual,0.7385472208261484,1.9889359753306448,-1.2503887545044963
2014-01-19T11:00:00+09:30,lstm_residual,0.8482027848561607,2.323191403943534,-1.4749886190873736
2014-01-19T12:00:00+09:30,lstm_residual,0.8024499515692392,2.4892687729065957,-1.6868188213373565
2014-01-19T13:00:00+09:30,lstm_residual,0.8254138827323908,2.2311612180385687,-1.4057473353061778
2014-01-19T14:00:00+09:30,lstm_residual,0.9749416510264074,1.8290481362422433,-0.8541064852158359
2014-01-19T15:00:00+09:30,lstm_residual,1.1347444454829083,1.9182758438719465,-0.7835313983890382
2014-01-19T16:00:00+09:30,lstm_residual,0.8423277636369009,1.3086692054689304,-0.4663414418320295
2014-01-19T17:00:00+09:30,lstm_residual,0.29218610251943167,0.5515608905436172,-0.25937478802418557
2014-01-19T18:00:00+09:30,lstm_residual,0.08549167355522558,0.22539467742756913,-0.13990300387234356
2014-01-20T07:00:00+09:30,lstm_residual,0.4495166676739841,0.28557805025041394,0.1639386174235702
2014-01-20T08:00:00+09:30,lstm_residual,1.0623027682304391,0.8566706347869225,0.2056321334435166
2014-01-20T09:00:00+09:30,lstm_residual,1.9726916650931166,1.7249973059315182,0.24769435916159832
2014-01-20T10:00:00+09:30,lstm_residual,2.3923832774162417,2.3243472469801802,0.06803603043606143
2014-01-20T11:00:00+09:30,lstm_residual,2.1946111520131417,2.4712473777540094,-0.27663622574086766
2014-01-20T12:00:00+09:30,lstm_residual,1.3881555000941,3.0899141750920265,-1.7017586749979265
2014-01-20T13:00:00+09:30,lstm_residual,1.255602816740675,2.65630740395226,-1.400704587211585
2014-01-20T14:00:00+09:30,lstm_residual,1.3213138779004334,2.584974874591948,-1.2636609966915147
2014-01-20T15:00:00+09:30,lstm_residual,1.08754999438921,2.2543304308034298,-1.1667804364142198
2014-01-20T16:00:00+09:30,lstm_residual,0.5348111043373741,1.3831354313352695,-0.8483243269978954
2014-01-20T17:00:00+09:30,lstm_residual,0.37818886339664504,0.6299139652139386,-0.2517251018172936
2014-01-20T18:00:00+09:30,lstm_residual,0.10630277342473517,0.14509729290726703,-0.03879451948253186
2014-01-21T07:00:00+09:30,lstm_residual,0.30356111129124835,0.3080505793142241,-0.004489468022975729
2014-01-21T08:00:00+09:30,lstm_residual,0.6415277446309716,0.9847882748375374,-0.3432605302065658
2014-01-21T09:00:00+09:30,lstm_residual,1.7823944588502165,1.6623588999055678,0.12003555894464868
2014-01-21T10:00:00+09:30,lstm_residual,2.486316621303575,2.4891746955452083,-0.0028580742416335347
2014-01-21T11:00:00+09:30,lstm_residual,3.6305333177248666,2.9945968527631015,0.6359364649617651
2014-01-21T12:00:00+09:30,lstm_residual,2.697522282600408,3.360673636269901,-0.6631513536694928
2014-01-21T13:00:00+09:30,lstm_residual,2.440883378187808,2.8483515761911113,-0.40746819800330325
2014-01-21T14:00:00+09:30,lstm_residual,1.472261076172212,2.3765318105587903,-0.9042707343865783
2014-01-21T15:00:00+09:30,lstm_residual,0.8444166978200283,1.9338372602294247,-1.0894205624093964
2014-01-21T16:00:00+09:30,lstm_residual,1.0318888773520691,1.3186567477489233,-0.28676787039685414
2014-01-21T17:00:00+09:30,lstm_residual,0.6096388598283108,0.8367000888786316,-0.22706122905032078
2014-01-21T18:00:00+09:30,lstm_residual,0.36262778068582163,0.1767689355379326,0.18585884514788903
2014-01-22T07:00:00+09:30,lstm_residual,0.5920611247420292,0.4013914993173938,0.1906696254246354
2014-01-22T08:00:00+09:30,lstm_residual,1.1187834342320733,1.2982218227863356,-0.1794383885542623
2014-01-22T09:00:00+09:30,lstm_residual,1.2954333126544917,2.341420830116583,-1.0459875174620912
2014-01-22T10:00:00+09:30,lstm_residual,2.0405499835808976,2.9749712715455026,-0.934421287964605
2014-01-22T11:00:00+09:30,lstm_residual,3.6348001956939666,3.3386169203699914,0.29618327532397526
2014-01-22T12:00:00+09:30,lstm_residual,3.8235055208206163,3.614884563492876,0.20862095732774044
2014-01-22T13:00:00+09:30,lstm_residual,3.656066536903383,3.081388210713266,0.5746783261901172
2014-01-22T14:00:00+09:30,lstm_residual,3.4799999197324163,2.53037345572966,0.9496264640027561
2014-01-22T15:00:00+09:30,lstm_residual,1.6716666917006198,1.8674081878659756,-0.19574149616535585
2014-01-22T16:00:00+09:30,lstm_residual,1.7705777660012256,1.266908285538038,0.5036694804631876
2014-01-22T17:00:00+09:30,lstm_residual,0.45334998766581247,0.741084397736588,-0.2877344100707755
2014-01-22T18:00:00+09:30,lstm_residual,0.2736722292999425,0.2167743789780483,0.056897850321894206
2014-01-23T07:00:00+09:30,lstm_residual,0.4746889000137633,0.43557125241479666,0.03911764759896663
2014-01-23T08:00:00+09:30,lstm_residual,1.4910833537578574,1.2324151595133672,0.25866819424449017
2014-01-23T09:00:00+09:30,lstm_residual,2.4693832794825252,2.1160042116769078,0.35337906780561745
2014-01-23T10:00:00+09:30,lstm_residual,3.1427000959714166,2.7437876472479923,0.39891244872342435
2014-01-23T11:00:00+09:30,lstm_residual,3.569372196992242,3.1758301304443246,0.39354206654791746
2014-01-23T12:00:00+09:30,lstm_residual,3.750858704249058,3.4392814993637773,0.31157720488528096
2014-01-23T13:00:00+09:30,lstm_residual,3.6129249930381753,3.1175696219338302,0.495355371104345
2014-01-23T14:00:00+09:30,lstm_residual,3.295136193434408,2.8467247440590846,0.4484114493753233
2014-01-23T15:00:00+09:30,lstm_residual,2.019577796260521,2.060022157333193,-0.04044436107267213
2014-01-23T16:00:00+09:30,lstm_residual,1.0368666946888017,1.4959772955334936,-0.4591106008446919
2014-01-23T17:00:00+09:30,lstm_residual,0.5425666744510391,0.8063642923030476,-0.2637976178520085
2014-01-23T18:00:00+09:30,lstm_residual,0.17108055374895606,0.2240288611976481,-0.05294830744869203
2014-01-24T07:00:00+09:30,lstm_residual,0.5812388981382033,0.3588013454687645,0.22243755266943877
2014-01-24T08:00:00+09:30,lstm_residual,1.1839305460453133,1.2265296095297893,-0.04259906348447595
2014-01-24T09:00:00+09:30,lstm_residual,2.1868916352589833,2.033163654069388,0.1537279811895953
2014-01-24T10:00:00+09:30,lstm_residual,2.399216671784725,2.6017358118173766,-0.20251914003265137
2014-01-24T11:00:00+09:30,lstm_residual,2.7959972222646083,2.9434491889621617,-0.14745196669755334
2014-01-24T12:00:00+09:30,lstm_residual,2.9271139403184248,3.222391967321658,-0.29527802700323313
2014-01-24T13:00:00+09:30,lstm_residual,2.7515195409457003,2.894082524353271,-0.1425629834075708
2014-01-24T14:00:00+09:30,lstm_residual,2.940933316946033,2.091176347824371,0.8497569691216622
2014-01-24T15:00:00+09:30,lstm_residual,1.6790471772352917,1.5946794394811126,0.08436773775417916
2014-01-24T16:00:00+09:30,lstm_residual,1.1312555621067542,1.0415862509943346,0.0896693111124196
2014-01-24T17:00:00+09:30,lstm_residual,0.8216027816136675,0.5908890288023643,0.23071375281130324
2014-01-24T18:00:00+09:30,lstm_residual,0.21781944390386343,0.17955176066021306,0.038267683243650374
2014-01-25T07:00:00+09:30,lstm_residual,0.4318944464127225,0.40555433685678854,0.026340109555933966
2014-01-25T08:00:00+09:30,lstm_residual,1.5401305357615085,1.260025758719624,0.2801047770418845
2014-01-25T09:00:00+09:30,lstm_residual,2.498574932416275,2.103235961575752,0.39533897084052283
2014-01-25T10:00:00+09:30,lstm_residual,3.2753776510556496,2.7931727297456796,0.48220492130996995
2014-01-25T11:00:00+09:30,lstm_residual,3.6144556204477998,3.0118370463525874,0.6026185740952124
2014-01-25T12:00:00+09:30,lstm_residual,2.2806666096051584,3.219120085468692,-0.9384534758635334
2014-01-25T13:00:00+09:30,lstm_residual,2.353852848211925,3.0825378463122663,-0.7286849981003414
2014-01-25T14:00:00+09:30,lstm_residual,1.0711110730965925,2.5420673221296757,-1.4709562490330832
2014-01-25T15:00:00+09:30,lstm_residual,0.7775971914331091,2.0709496363587427,-1.2933524449256337
2014-01-25T16:00:00+09:30,lstm_residual,1.948827813069025,1.571546385355116,0.37728142771390916
2014-01-25T17:00:00+09:30,lstm_residual,1.1439499805371083,0.8265033606858857,0.3174466198512226
2014-01-25T18:00:00+09:30,lstm_residual,0.20018612096706967,0.15454206428136952,0.04564405668570015
2014-01-26T07:00:00+09:30,lstm_residual,0.5102833360433592,0.37765760372032553,0.13262573232303365
2014-01-26T08:00:00+09:30,lstm_residual,1.565961132446925,1.3232617203322528,0.24269941211467216
2014-01-26T09:00:00+09:30,lstm_residual,2.5784056385358,2.1151829263257156,0.46322271221008426
2014-01-26T10:00:00+09:30,lstm_residual,3.3039833505948413,2.7948563841206537,0.5091269664741875
2014-01-26T11:00:00+09:30,lstm_residual,3.722355306148533,3.0950685065184156,0.6272867996301175
2014-01-26T12:00:00+09:30,lstm_residual,3.9160779118537916,3.4823617541921723,0.4337161576616193
2014-01-26T13:00:00+09:30,lstm_residual,3.829322437445325,3.560401842693527,0.2689205947517981
2014-01-26T14:00:00+09:30,lstm_residual,3.4553889433542917,3.2134748762313072,0.24191406712298447
2014-01-26T15:00:00+09:30,lstm_residual,2.1512501140435503,2.595542857417165,-0.4442927433736146
2014-01-26T16:00:00+09:30,lstm_residual,1.0850055714448283,1.9590028753212416,-0.8739973038764133
2014-01-26T17:00:00+09:30,lstm_residual,1.0792222196857217,1.0061940030136054,0.07302821667211634
2014-01-26T18:00:00+09:30,lstm_residual,0.2968555570890507,0.1850353792942776,0.1118201777947731
2014-01-27T07:00:00+09:30,lstm_residual,0.4875444353868558,0.3861910626929539,0.10135337269390193
2014-01-27T08:00:00+09:30,lstm_residual,1.5584666331609,1.5336385269824477,0.024828106178452325
2014-01-27T09:00:00+09:30,lstm_residual,2.561802705129,2.48423556883435,0.0775671362946504
2014-01-27T10:00:00+09:30,lstm_residual,3.290036102135975,3.0502371842346094,0.23979891790136554
2014-01-27T11:00:00+09:30,lstm_residual,3.800014038880675,3.401201702779114,0.3988123361015612
2014-01-27T12:00:00+09:30,lstm_residual,3.834722379843408,3.472727193049947,0.361995186793461
2014-01-27T13:00:00+09:30,lstm_residual,3.4948750138282834,3.348709802853139,0.14616521097514434
2014-01-27T14:00:00+09:30,lstm_residual,3.292975038290025,2.9420450905048563,0.35092994778516884
2014-01-27T15:00:00+09:30,lstm_residual,3.0044584671656334,2.3483666704899724,0.656091796675661
2014-01-27T16:00:00+09:30,lstm_residual,1.678024999797355,1.8311669592485362,-0.15314195945118114
2014-01-27T17:00:00+09:30,lstm_residual,1.1883527934551175,0.903367385276916,0.2849854081782015
2014-01-27T18:00:00+09:30,lstm_residual,0.26186387240886694,0.22115631758008214,0.0407075548287848
2014-01-28T07:00:00+09:30,lstm_residual,0.3328166784097752,0.320210018312004,0.012606660097771172
2014-01-28T08:00:00+09:30,lstm_residual,1.5199083387851582,1.2789140450437142,0.240994293741444
2014-01-28T09:00:00+09:30,lstm_residual,2.6284917195637916,2.1320921248853937,0.4963995946783979
2014-01-28T10:00:00+09:30,lstm_residual,3.255202790101375,2.743042765485794,0.5121600246155813
2014-01-28T11:00:00+09:30,lstm_residual,1.9253944257895335,3.05168600675105,-1.1262915809615166
2014-01-28T12:00:00+09:30,lstm_residual,3.302616655826567,3.2490984836626304,0.053518172163936395
2014-01-28T13:00:00+09:30,lstm_residual,2.6041222165028164,2.861450448863426,-0.25732823236060964
2014-01-28T14:00:00+09:30,lstm_residual,1.23996669550737,2.7337740412411966,-1.4938073457338266
2014-01-28T15:00:00+09:30,lstm_residual,1.6105945110320918,2.3197646350266794,-0.7091701239945876
2014-01-28T16:00:00+09:30,lstm_residual,1.0352722654740059,1.635601463166971,-0.6003291976929652
2014-01-28T17:00:00+09:30,lstm_residual,0.7440055410067191,0.756073348680909,-0.012067807674189912
2014-01-28T18:00:00+09:30,lstm_residual,0.32736666748920934,0.20158136105210445,0.1257853064371049
2014-01-29T07:00:00+09:30,lstm_residual,0.6399611259500209,0.366013077588074,0.27394804836194686
2014-01-29T08:00:00+09:30,lstm_residual,1.592633346716564,1.322399741484398,0.2702336052321661
2014-01-29T09:00:00+09:30,lstm_residual,2.2263943652312,2.2817654391645785,-0.05537107393337859
2014-01-29T10:00:00+09:30,lstm_residual,3.3036832809448167,2.8637225545764364,0.43996072636838024
2014-01-29T11:00:00+09:30,lstm_residual,3.688011070092525,2.962436918679075,0.7255741514134502
2014-01-29T12:00:00+09:30,lstm_residual,3.74991673231125,3.381616063584158,0.368300668727092
2014-01-29T13:00:00+09:30,lstm_residual,3.3915499250094086,2.7704420540503194,0.6211078709590891
2014-01-29T14:00:00+09:30,lstm_residual,3.536527852217358,2.7175678885336154,0.8189599636837426
2014-01-29T15:00:00+09:30,lstm_residual,2.6213728686173794,1.9861592183969332,0.6352136502204462
2014-01-29T16:00:00+09:30,lstm_residual,1.9744528134663917,1.5550718054371409,0.4193810080292508
2014-01-29T17:00:00+09:30,lstm_residual,1.2392138540744866,0.851941674042876,0.38727218003161057
2014-01-29T18:00:00+09:30,lstm_residual,0.3205916726340851,0.24991750112817035,0.07067417150591476
2014-01-30T07:00:00+09:30,lstm_residual,0.4519083214302853,0.45193374347533777,-2.542204505245893e-05
2014-01-30T08:00:00+09:30,lstm_residual,1.5812277595202,1.503943615132686,0.07728414438751408
2014-01-30T09:00:00+09:30,lstm_residual,2.5929305950800416,2.2846931796290217,0.3082374154510199
2014-01-30T10:00:00+09:30,lstm_residual,3.2957444389661332,3.0189336983436528,0.27681074062248046
2014-01-30T11:00:00+09:30,lstm_residual,3.715894520282742,3.390775081696234,0.32511943858650794
2014-01-30T12:00:00+09:30,lstm_residual,3.90482529004415,3.554889217044505,0.349936072999645
2014-01-30T13:00:00+09:30,lstm_residual,3.9065307378768996,3.2771333628860857,0.6293973749908139
2014-01-30T14:00:00+09:30,lstm_residual,3.6488556265831082,2.939024866454819,0.7098307601282894
2014-01-30T15:00:00+09:30,lstm_residual,3.0292862256368003,2.309071760711502,0.7202144649252982
2014-01-30T16:00:00+09:30,lstm_residual,2.348494470119492,1.8042014946088172,0.5442929755106747
2014-01-30T17:00:00+09:30,lstm_residual,1.2817861189444824,0.976830790982022,0.3049553279624604
2014-01-30T18:00:00+09:30,lstm_residual,0.2530638842533035,0.23823845480468608,0.014825429448617422
2014-01-31T07:00:00+09:30,lstm_residual,0.4615388792008151,0.38522865310705867,0.07631022609375643
2014-01-31T08:00:00+09:30,lstm_residual,1.6336777508258917,1.6347163330403989,-0.0010385822145071444
2014-01-31T09:00:00+09:30,lstm_residual,2.669091602166491,2.5610505002985775,0.10804110186791371
2014-01-31T10:00:00+09:30,lstm_residual,3.4076916575431837,3.235258944795136,0.17243271274804783
2014-01-31T11:00:00+09:30,lstm_residual,3.8312609990437747,3.6266350387887267,0.20462596025504798
2014-01-31T12:00:00+09:30,lstm_residual,4.061841726303109,3.8856054255938473,0.17623630070926133
2014-01-31T13:00:00+09:30,lstm_residual,4.040794432163233,3.7393214941466497,0.3014729380165835
2014-01-31T14:00:00+09:30,lstm_residual,3.7449805736541664,3.4478448294863147,0.2971357441678517
2014-01-31T15:00:00+09:30,lstm_residual,3.195341746012367,2.92288648186433,0.2724552641480371
2014-01-31T16:00:00+09:30,lstm_residual,2.391613841056842,2.2187696115236353,0.17284422953320666
2014-01-31T17:00:00+09:30,lstm_residual,1.2917111267646166,1.1661604115769064,0.12555071518771022
2014-01-31T18:00:00+09:30,lstm_residual,0.27261388643334283,0.23113554647864154,0.04147833995470129
2014-02-01T07:00:00+09:30,lstm_residual,0.4589888757715628,0.4266087968632021,0.0323800789083607
2014-02-01T08:00:00+09:30,lstm_residual,1.6290721793969334,1.7212410192446093,-0.09216883984767588
2014-02-01T09:00:00+09:30,lstm_residual,2.640033364295958,2.684123637594574,-0.04409027329861592
2014-02-01T10:00:00+09:30,lstm_residual,3.3583166996637916,3.3903897938453955,-0.03207309418160387
2014-02-01T11:00:00+09:30,lstm_residual,3.7674000263214,3.730905080635017,0.03649494568638323
2014-02-01T12:00:00+09:30,lstm_residual,3.9377056757609004,3.9865816396925515,-0.04887596393165117
2014-02-01T13:00:00+09:30,lstm_residual,3.9381111661593167,3.825411523566859,0.11269964259245757
2014-02-01T14:00:00+09:30,lstm_residual,3.6280722419421,3.4814802372170464,0.14659200472505374
2014-02-01T15:00:00+09:30,lstm_residual,3.201649943987517,2.8789821174398487,0.3226678265476681
2014-02-01T16:00:00+09:30,lstm_residual,1.356200019518539,2.178773386774765,-0.8225733672562261
2014-02-01T17:00:00+09:30,lstm_residual,0.7774888748924008,1.1846727199042901,-0.4071838450118893
2014-02-01T18:00:00+09:30,lstm_residual,0.219416674226523,0.23162053443965314,-0.012203860213130135
2014-02-02T07:00:00+09:30,lstm_residual,0.4326555530230199,0.3163579546475166,0.1162975983755033
2014-02-02T08:00:00+09:30,lstm_residual,1.57725006341935,1.2318804272898332,0.3453696361295169
2014-02-02T09:00:00+09:30,lstm_residual,2.590683321158075,2.075337403910252,0.515345917247823
2014-02-02T10:00:00+09:30,lstm_residual,3.2824833989143336,2.6742519129271223,0.6082314859872113
2014-02-02T11:00:00+09:30,lstm_residual,3.690377891063683,2.999339864051331,0.6910380270123522
2014-02-02T12:00:00+09:30,lstm_residual,3.91593861579895,3.210144352409023,0.7057942633899272
2014-02-02T13:00:00+09:30,lstm_residual,3.1709112028280835,3.0279894195022643,0.14292178332581917
2014-02-02T14:00:00+09:30,lstm_residual,1.7416777958472534,2.8661084457602692,-1.124430649913016
2014-02-02T15:00:00+09:30,lstm_residual,2.3003944158554024,2.4487187952802305,-0.14832437942482812
2014-02-02T16:00:00+09:30,lstm_residual,1.7117723276217784,1.759963455644122,-0.04819112802234349
2014-02-02T17:00:00+09:30,lstm_residual,1.089216619729989,0.9240642938354613,0.16515232589452777
2014-02-02T18:00:00+09:30,lstm_residual,0.316633339039983,0.2132608629140076,0.10337247612597539
2014-02-03T07:00:00+09:30,lstm_residual,0.41364998618761634,0.3384976540837188,0.07515233210389755
2014-02-03T08:00:00+09:30,lstm_residual,1.5375278095404417,1.4824958687719532,0.055031940768488496
2014-02-03T09:00:00+09:30,lstm_residual,2.5467111468315164,2.395635418190805,0.1510757286407114
2014-02-03T10:00:00+09:30,lstm_residual,2.5323778515060726,3.0347208458285637,-0.5023429943224911
2014-02-03T11:00:00+09:30,lstm_residual,3.524155577023833,3.2980015487005314,0.22615402832330167
2014-02-03T12:00:00+09:30,lstm_residual,3.819300015767421,3.458157857650642,0.36114215811677886
2014-02-03T13:00:00+09:30,lstm_residual,1.5825722391406634,3.2586425857571344,-1.676070346616471
2014-02-03T14:00:00+09:30,lstm_residual,1.5896055152018869,2.9124196088257386,-1.3228140936238517
2014-02-03T15:00:00+09:30,lstm_residual,2.088577826817833,2.378344163613238,-0.28976633679540464
2014-02-03T16:00:00+09:30,lstm_residual,2.5655000706513835,1.4873679725725695,1.078132098078814
2014-02-03T17:00:00+09:30,lstm_residual,0.49986667154977743,0.8652543566535469,-0.36538768510376946
2014-02-03T18:00:00+09:30,lstm_residual,0.006833332382787758,0.19850276757686625,-0.19166943519407847
2014-02-04T07:00:00+09:30,lstm_residual,0.2928111044069125,0.24558552547158397,0.04722557893532853
2014-02-04T08:00:00+09:30,lstm_residual,0.4043888909121367,1.0871471306559477,-0.682758239743811
2014-02-04T09:00:00+09:30,lstm_residual,1.1148222014308082,2.0955608597861692,-0.980738658355361
2014-02-04T10:00:00+09:30,lstm_residual,2.2611611386140167,2.798101397556465,-0.5369402589424483
2014-02-04T11:00:00+09:30,lstm_residual,0.7700721919536551,3.444956870595505,-2.67488467864185
2014-02-04T12:00:00+09:30,lstm_residual,0.42801669985056084,3.4600082249514292,-3.0319915251008682
2014-02-04T13:00:00+09:30,lstm_residual,0.5942555467287691,2.7494123316025707,-2.1551567848738014
2014-02-04T14:00:00+09:30,lstm_residual,1.127466678619374,2.0545074482938643,-0.9270407696744902
2014-02-04T15:00:00+09:30,lstm_residual,0.5576500246922184,1.4681275274604508,-0.9104775027682325
2014-02-04T16:00:00+09:30,lstm_residual,1.0661388337612066,1.3596147586247418,-0.29347592486353524
2014-02-04T17:00:00+09:30,lstm_residual,0.4688833331068342,0.4781421636727694,-0.009258830565935183
2014-02-04T18:00:00+09:30,lstm_residual,0.19917223179557608,0.04899827602153306,0.15017395577404302
2014-02-05T07:00:00+09:30,lstm_residual,0.15305001412828667,0.3379844730380157,-0.18493445890972904
2014-02-05T08:00:00+09:30,lstm_residual,0.418016659716765,1.0509040490004193,-0.6328873892836544
2014-02-05T09:00:00+09:30,lstm_residual,1.263475005825365,1.9843096214656337,-0.7208346156402687
2014-02-05T10:00:00+09:30,lstm_residual,2.0900638600190584,2.7574743206232,-0.6674104606041418
2014-02-05T11:00:00+09:30,lstm_residual,3.1178723176320333,3.2581466909120844,-0.1402743732800511
2014-02-05T12:00:00+09:30,lstm_residual,3.717877884705867,3.545703151093038,0.17217473361282876
2014-02-05T13:00:00+09:30,lstm_residual,4.276177823543558,3.190720854349948,1.0854569691936105
2014-02-05T14:00:00+09:30,lstm_residual,2.14209724466005,2.506220714829014,-0.36412347016896396
2014-02-05T15:00:00+09:30,lstm_residual,2.374891678492225,2.1050401769169715,0.2698515015752534
2014-02-05T16:00:00+09:30,lstm_residual,2.046063870191575,1.5640250260700594,0.48203884412151554
2014-02-05T17:00:00+09:30,lstm_residual,0.987122257550555,0.824495769434556,0.162626488115999
2014-02-05T18:00:00+09:30,lstm_residual,0.2462999979034081,0.1897034399408124,0.05659655796259569
2014-02-07T07:00:00+09:30,lstm_residual,0.4003894720226537,0.3477530312369611,0.05263644078569257
2014-02-07T08:00:00+09:30,lstm_residual,1.55073885122935,1.5402932431524086,0.010445608076941504
2014-02-07T09:00:00+09:30,lstm_residual,2.59209444125495,2.4640078450183225,0.12808659623662733
2014-02-07T10:00:00+09:30,lstm_residual,3.380955457687367,3.132367403712491,0.24858805397487593
2014-02-07T11:00:00+09:30,lstm_residual,3.6107501387596166,3.439653487631777,0.17109665112783956
2014-02-07T12:00:00+09:30,lstm_residual,3.734016597270975,3.664273666992301,0.06974293027867384
2014-02-07T13:00:00+09:30,lstm_residual,4.022244215011608,3.419264719652974,0.602979495358634
2014-02-07T14:00:00+09:30,lstm_residual,3.7556167642275415,3.1537797444622395,0.601837019765302
2014-02-07T15:00:00+09:30,lstm_residual,3.187088827292133,2.581199769421752,0.6058890578703813
2014-02-07T16:00:00+09:30,lstm_residual,2.3948111236095415,1.965436540504145,0.42937458310539656
2014-02-07T17:00:00+09:30,lstm_residual,1.3101444443067016,0.9740825791417872,0.33606186516491443
2014-02-07T18:00:00+09:30,lstm_residual,0.2781222363313029,0.17134774355753957,0.10677449277376333
2014-02-08T07:00:00+09:30,lstm_residual,0.3882166687399146,0.3458745565722592,0.04234211216765543
2014-02-08T08:00:00+09:30,lstm_residual,1.551094442605975,1.5700949615499047,-0.019000518943929734
2014-02-08T09:00:00+09:30,lstm_residual,2.5431667566299416,2.551050355370392,-0.007883598740450193
2014-02-08T10:00:00+09:30,lstm_residual,3.1297499338785832,3.215248749194307,-0.08549881531572368
2014-02-08T11:00:00+09:30,lstm_residual,3.878733197848016,3.521133650950804,0.35759954689721196
2014-02-08T12:00:00+09:30,lstm_residual,3.3448723455270084,3.655328823390243,-0.3104564778632346
2014-02-08T13:00:00+09:30,lstm_residual,2.9609832763671915,3.322065040994925,-0.36108176462773356
2014-02-08T14:00:00+09:30,lstm_residual,2.903183331092208,3.241227621881613,-0.338044290789405
2014-02-08T15:00:00+09:30,lstm_residual,2.378511180480317,2.6572573871119554,-0.2787462066316384
2014-02-08T16:00:00+09:30,lstm_residual,2.105166683594375,1.7777164629256048,0.32745022066877016
2014-02-08T17:00:00+09:30,lstm_residual,0.9993499517440759,0.9551374446648644,0.04421250707921154
2014-02-08T18:00:00+09:30,lstm_residual,0.23600555552790484,0.18892504259462217,0.047080512933282664
2014-02-09T07:00:00+09:30,lstm_residual,0.37578332486252136,0.32780629014580287,0.04797703471671849
2014-02-09T08:00:00+09:30,lstm_residual,1.5028555442889415,1.5134844448611549,-0.010628900572213329
2014-02-09T09:00:00+09:30,lstm_residual,2.535161157449083,2.4705325794753916,0.06462857797369148
2014-02-09T10:00:00+09:30,lstm_residual,2.957261085510259,3.121554634600173,-0.16429354908991423
2014-02-09T11:00:00+09:30,lstm_residual,3.3890667160352166,3.4702317329603347,-0.08116501692511813
2014-02-09T12:00:00+09:30,lstm_residual,2.911188880602517,3.7046913018080594,-0.7935024212055426
2014-02-09T13:00:00+09:30,lstm_residual,3.833494504292817,3.3230969849816194,0.5103975193111974
2014-02-09T14:00:00+09:30,lstm_residual,3.410938918590558,2.8607226917996003,0.5502162267909578
2014-02-09T15:00:00+09:30,lstm_residual,3.1531388163566585,2.260374961673457,0.8927638546832015
2014-02-09T16:00:00+09:30,lstm_residual,2.325600018103925,1.5332086294815284,0.7923913886223968
2014-02-09T17:00:00+09:30,lstm_residual,1.3287388980388732,0.7980502794498882,0.5306886185889851
2014-02-09T18:00:00+09:30,lstm_residual,0.31430000159889293,0.18010839174593585,0.13419160985295708
2014-02-10T07:00:00+09:30,lstm_residual,0.3952250089496376,0.3547311898227662,0.04049381912687139
2014-02-10T08:00:00+09:30,lstm_residual,1.5568694571653834,1.5202406665793518,0.036628790586031634
2014-02-10T09:00:00+09:30,lstm_residual,2.5621333519617666,2.4914546110949125,0.0706787408668541
2014-02-10T10:00:00+09:30,lstm_residual,3.3184944788614916,3.088339845231599,0.23015463362989275
2014-02-10T11:00:00+09:30,lstm_residual,2.94053611159325,3.3458221311891094,-0.4052860195958594
2014-02-10T12:00:00+09:30,lstm_residual,3.0453998645146747,3.612430202470758,-0.5670303379560835
2014-02-10T13:00:00+09:30,lstm_residual,2.30967779954275,3.3565889868658383,-1.0469111873230883
2014-02-10T14:00:00+09:30,lstm_residual,2.1748083531856417,3.004477155345946,-0.8296688021603043
2014-02-10T15:00:00+09:30,lstm_residual,1.9716361264387918,2.3996322309794547,-0.42799610454066284
2014-02-10T16:00:00+09:30,lstm_residual,1.7659944345553675,1.8448049556563353,-0.07881052110096776
2014-02-10T17:00:00+09:30,lstm_residual,0.43568055952588586,0.8402839530578792,-0.4046033935319933
2014-02-11T07:00:00+09:30,lstm_residual,0.3877000076075383,0.23981684485355714,0.14788316275398117
2014-02-11T08:00:00+09:30,lstm_residual,1.6037554840246893,1.2198858844980471,0.3838695995266421
2014-02-11T09:00:00+09:30,lstm_residual,2.4684806565443664,2.0481458438726983,0.42033481267166817
2014-02-11T10:00:00+09:30,lstm_residual,3.2902500033378748,2.7603168237504194,0.5299331795874553
2014-02-11T11:00:00+09:30,lstm_residual,2.7986444334189087,2.8632523613120062,-0.06460792789309755
2014-02-11T12:00:00+09:30,lstm_residual,3.0799000362555087,3.3448675879646177,-0.264967551709109
2014-02-11T13:00:00+09:30,lstm_residual,3.2776472171147666,3.1274511232164257,0.15019609389834088
2014-02-11T14:00:00+09:30,lstm_residual,2.3403554906447614,2.7722972609864422,-0.4319417703416808
2014-02-11T15:00:00+09:30,lstm_residual,2.74186951915423,1.9411404694242154,0.8007290497300148
2014-02-11T16:00:00+09:30,lstm_residual,2.23773054281871,1.542796014027083,0.6949345287916269
2014-02-11T17:00:00+09:30,lstm_residual,1.1408944328625983,0.6773556019352698,0.4635388309273285
2014-02-12T07:00:00+09:30,lstm_residual,0.41947222252686917,0.1699881196597528,0.24948410286711636
2014-02-12T08:00:00+09:30,lstm_residual,1.5523916482925417,1.0983242346014492,0.4540674136910925
2014-02-12T09:00:00+09:30,lstm_residual,2.4340139031410333,1.9083492523297143,0.525664650811319
2014-02-12T10:00:00+09:30,lstm_residual,3.0521722733974497,2.538394550422828,0.5137777229746217
2014-02-12T11:00:00+09:30,lstm_residual,3.7518362998962416,2.581863099297782,1.1699732005984598
2014-02-12T12:00:00+09:30,lstm_residual,3.9451389908790584,3.061851608704025,0.8832873821750336
2014-02-12T13:00:00+09:30,lstm_residual,3.3135500152905752,2.7190085304522844,0.5945414848382908
2014-02-12T14:00:00+09:30,lstm_residual,2.986916740735383,2.286755580381593,0.7001611603537903
2014-02-12T15:00:00+09:30,lstm_residual,3.0613611141840837,1.6592388216921283,1.4021222924919554
2014-02-12T16:00:00+09:30,lstm_residual,2.7638832430045,1.2962516129710835,1.4676316300334165
2014-02-12T17:00:00+09:30,lstm_residual,0.7566972225904466,0.7468748680709636,0.00982235451948299
2014-02-13T07:00:00+09:30,lstm_residual,0.43233054193357773,0.21891896537536426,0.21341157655821347
2014-02-13T08:00:00+09:30,lstm_residual,1.5988221665223417,1.0051091492171162,0.5937130173052254
2014-02-13T09:00:00+09:30,lstm_residual,2.5204278230667003,1.619593827770812,0.9008339952958884
2014-02-13T10:00:00+09:30,lstm_residual,3.3053540984789667,2.1540663541138816,1.151287744365085
2014-02-13T11:00:00+09:30,lstm_residual,3.7259777983029747,2.471115358101537,1.2548624402014377
2014-02-13T12:00:00+09:30,lstm_residual,3.9252724647522004,2.732293031828366,1.1929794329238343
2014-02-13T13:00:00+09:30,lstm_residual,3.849049965540567,2.505427754297652,1.343622211242915
2014-02-13T14:00:00+09:30,lstm_residual,3.1701277295748334,2.2192314400568414,0.950896289517992
2014-02-13T15:00:00+09:30,lstm_residual,1.4142722189426393,2.066337142844283,-0.6520649239016436
2014-02-13T16:00:00+09:30,lstm_residual,1.447027737895646,1.4925581667806496,-0.04553042888500358
2014-02-13T17:00:00+09:30,lstm_residual,0.6128777613242474,0.6349382093743869,-0.022060448050139514
2014-02-14T07:00:00+09:30,lstm_residual,0.2655166654537124,0.23914899742377804,0.026367668029934344
2014-02-14T08:00:00+09:30,lstm_residual,0.7975222220023467,1.1205858359149388,-0.3230636139125921
2014-02-14T09:00:00+09:30,lstm_residual,1.6672110458215041,1.8068817639477506,-0.13967071812624643
2014-02-14T10:00:00+09:30,lstm_residual,2.53869993487995,2.4773329197882097,0.06136701509174047
2014-02-14T11:00:00+09:30,lstm_residual,3.014233370621992,2.638039593423851,0.3761937771981412
2014-02-14T12:00:00+09:30,lstm_residual,3.378716657559067,2.8839727306724887,0.4947439268865783
2014-02-14T13:00:00+09:30,lstm_residual,3.2647556066513004,2.3814348121824316,0.8833207944688688
2014-02-14T14:00:00+09:30,lstm_residual,2.175811151663475,1.9133901404393736,0.26242101122410144
2014-02-14T15:00:00+09:30,lstm_residual,1.867705563704175,1.6039814480444212,0.26372411565975384
2014-02-14T16:00:00+09:30,lstm_residual,1.8107777436574402,1.1086340148094043,0.7021437288480359
2014-02-14T17:00:00+09:30,lstm_residual,1.1367833216985017,0.5974898534965308,0.5392934682019709
2014-02-15T07:00:00+09:30,lstm_residual,0.3553222256402184,0.17034322685493863,0.1849789987852798
2014-02-15T08:00:00+09:30,lstm_residual,1.3758166780074468,0.952766779238102,0.42304989876934473
2014-02-15T09:00:00+09:30,lstm_residual,2.0375054677327418,1.8437498445880824,0.19375562314465933
2014-02-15T10:00:00+09:30,lstm_residual,2.7296000023683002,2.567793065926436,0.1618069364418644
2014-02-15T11:00:00+09:30,lstm_residual,3.31686105330785,2.9242672686852638,0.3925937846225862
2014-02-15T12:00:00+09:30,lstm_residual,2.6295499602953583,3.1122390853373485,-0.48268912504199024
2014-02-15T13:00:00+09:30,lstm_residual,3.9678053458531832,2.6654837635981092,1.302321582255074
2014-02-15T14:00:00+09:30,lstm_residual,3.158016721407583,2.245308815230451,0.9127079061771322
2014-02-15T15:00:00+09:30,lstm_residual,1.3736222187677916,1.9241170236510987,-0.5504948048833072
2014-02-15T16:00:00+09:30,lstm_residual,1.00007229546706,1.365995594326146,-0.3659232988590859
2014-02-15T17:00:00+09:30,lstm_residual,0.4608000094691917,0.7963993864999548,-0.3355993770307631
2014-02-16T07:00:00+09:30,lstm_residual,0.4599444456398483,0.22241842802227862,0.2375260176175697
2014-02-16T08:00:00+09:30,lstm_residual,1.1605860739946374,1.1445818460158768,0.016004227978760666
2014-02-16T09:00:00+09:30,lstm_residual,1.8719694713751498,1.9322354549012761,-0.06026598352612633
2014-02-16T10:00:00+09:30,lstm_residual,3.502363801002508,2.642061734552743,0.8603020664497651
2014-02-16T11:00:00+09:30,lstm_residual,3.9151667555173333,2.6950078553712205,1.2201589001461128
2014-02-16T12:00:00+09:30,lstm_residual,4.092611074447617,3.333658711530539,0.7589523629170776
2014-02-16T13:00:00+09:30,lstm_residual,4.151930332183841,2.97755572254399,1.1743746096398513
2014-02-16T14:00:00+09:30,lstm_residual,3.8809444506963,2.611189911295737,1.2697545394005627
2014-02-16T15:00:00+09:30,lstm_residual,3.3283639152844664,2.036192636140546,1.2921712791439206
2014-02-16T16:00:00+09:30,lstm_residual,2.5020194649696332,1.6796726870864829,0.8223467778831504
2014-02-16T17:00:00+09:30,lstm_residual,1.2592110981543982,0.8018859555342354,0.4573251426201629
2014-02-17T07:00:00+09:30,lstm_residual,0.4114277691890798,0.32601675663132523,0.08541101255775457
2014-02-17T08:00:00+09:30,lstm_residual,1.7144944171110668,1.5177631328358427,0.19673128427522402
2014-02-17T09:00:00+09:30,lstm_residual,2.8561389048894252,2.455241950349583,0.4008969545398422
2014-02-17T10:00:00+09:30,lstm_residual,3.634977738062542,3.336452660293549,0.29852507776899273
2014-02-17T11:00:00+09:30,lstm_residual,4.0717777808507245,3.707407729932773,0.3643700509179517
2014-02-17T12:00:00+09:30,lstm_residual,4.2727222839991255,3.8496312228026035,0.42309106119652196
2014-02-17T13:00:00+09:30,lstm_residual,4.182055672009783,3.8010743576311476,0.38098131437863536
2014-02-17T14:00:00+09:30,lstm_residual,3.6446332732836417,3.6811292180486372,-0.036495944764995514
2014-02-17T15:00:00+09:30,lstm_residual,3.360922237237308,3.1885376076458414,0.1723846295914666
2014-02-17T16:00:00+09:30,lstm_residual,2.5017443895340166,2.4367806167333406,0.064963772800676
2014-02-17T17:00:00+09:30,lstm_residual,1.2604333360989874,1.2373506502024498,0.023082685896537614
2014-02-18T07:00:00+09:30,lstm_residual,0.3851472285265735,0.3703097436527836,0.014837484873789941
2014-02-18T08:00:00+09:30,lstm_residual,1.6711443960666668,1.7502710634190075,-0.07912666735234075
2014-02-18T09:00:00+09:30,lstm_residual,2.8083306153615415,2.829656565270226,-0.021325949908684638
2014-02-18T10:00:00+09:30,lstm_residual,3.619319558143625,3.551608154803017,0.0677114033406081
2014-02-18T11:00:00+09:30,lstm_residual,4.099441746870666,4.006626400753538,0.0928153461171286
2014-02-18T12:00:00+09:30,lstm_residual,4.31929155190785,4.12841995755511,0.19087159435273993
2014-02-18T13:00:00+09:30,lstm_residual,4.260911027590425,3.9948440505452947,0.2660669770451305
2014-02-18T14:00:00+09:30,lstm_residual,3.978194276491808,3.767038790733835,0.21115548575797272
2014-02-18T15:00:00+09:30,lstm_residual,3.398083508014684,3.21321948543356,0.18486402258112378
2014-02-18T16:00:00+09:30,lstm_residual,2.5344222784042167,2.4597536797721373,0.07466859863207942
2014-02-18T17:00:00+09:30,lstm_residual,1.3192916810512518,1.2175647017374034,0.10172697931384844
2014-02-19T07:00:00+09:30,lstm_residual,0.36374168222149267,0.37942399647474256,-0.015682314253249896
2014-02-19T08:00:00+09:30,lstm_residual,1.5639055569966667,1.708807665382258,-0.14490210838559126
2014-02-19T09:00:00+09:30,lstm_residual,2.750119427839925,2.757686273069635,-0.007566845229709962
2014-02-19T10:00:00+09:30,lstm_residual,3.5621722141901664,3.426570899189524,0.13560131500064232
2014-02-19T11:00:00+09:30,lstm_residual,4.049052913983666,3.845465175108302,0.2035877388753642
2014-02-19T12:00:00+09:30,lstm_residual,4.2576417128245,4.0478351116187845,0.20980660120571581
2014-02-19T13:00:00+09:30,lstm_residual,4.217827836672483,3.8400410425532954,0.3777867941191877
2014-02-19T14:00:00+09:30,lstm_residual,3.7680749694506415,3.4985326116806474,0.269542357769994
2014-02-19T15:00:00+09:30,lstm_residual,3.358699977397908,3.1869212189392777,0.17177875845863033
2014-02-19T16:00:00+09:30,lstm_residual,2.501411219437925,2.3760171812319983,0.12539403820592687
2014-02-19T17:00:00+09:30,lstm_residual,1.2767778163154782,1.1627514516092001,0.11402636470627803
2014-02-20T07:00:00+09:30,lstm_residual,0.3712666699041911,0.37395719883548695,-0.0026905289312958436
2014-02-20T08:00:00+09:30,lstm_residual,1.6813999613126,1.6809530347791157,0.0004469265334843264
2014-02-20T09:00:00+09:30,lstm_residual,2.736111124356592,2.764648433674784,-0.028537309318191983
2014-02-20T10:00:00+09:30,lstm_residual,3.649983187516533,3.5172879573255145,0.1326952301910187
2014-02-20T11:00:00+09:30,lstm_residual,4.150172412395475,3.939195269552191,0.21097714284328362
2014-02-20T12:00:00+09:30,lstm_residual,4.364222049713125,4.101979365194193,0.26224268451893185
2014-02-20T13:00:00+09:30,lstm_residual,4.304394483566275,3.9635688556769146,0.34082562788936066
2014-02-20T14:00:00+09:30,lstm_residual,4.032977859179167,3.805796104062486,0.2271817551166806
2014-02-20T15:00:00+09:30,lstm_residual,3.4450333913167417,3.344261156031423,0.10077223528531887
2014-02-20T16:00:00+09:30,lstm_residual,2.559405465920767,2.5068820307143778,0.052523435206389024
2014-02-20T17:00:00+09:30,lstm_residual,1.2971721986929465,1.2320973329557323,0.06507486573721422
2014-02-21T07:00:00+09:30,lstm_residual,0.37202222614238756,0.3974047203902158,-0.025382494247828236
2014-02-21T08:00:00+09:30,lstm_residual,1.6930722296238085,1.7328590945903966,-0.03978686496658801
2014-02-21T09:00:00+09:30,lstm_residual,2.8645276824633417,2.827887032865382,0.03664064959795965
2014-02-21T10:00:00+09:30,lstm_residual,3.682311157385508,3.54890042503313,0.13341073235237788
2014-02-21T11:00:00+09:30,lstm_residual,4.168961127599075,4.0050816450876585,0.16387948251141626
2014-02-21T12:00:00+09:30,lstm_residual,4.390966693560292,4.15151659301374,0.23945010054655125
2014-02-21T13:00:00+09:30,lstm_residual,4.370549996693925,4.016104040549837,0.35444595614408847
2014-02-21T14:00:00+09:30,lstm_residual,4.038105626900983,3.8370873665231953,0.20101826037778814
2014-02-21T15:00:00+09:30,lstm_residual,3.463472386201225,3.4204035245007693,0.04306886170045576
2014-02-21T16:00:00+09:30,lstm_residual,2.562838832537342,2.5457552689059852,0.017083563631356657
2014-02-21T17:00:00+09:30,lstm_residual,1.281488897899784,1.2820300372390872,-0.0005411393393031094
2014-02-22T07:00:00+09:30,lstm_residual,0.3767000064253805,0.3632467620510925,0.013453244374287965
2014-02-22T08:00:00+09:30,lstm_residual,1.7108778357505834,1.67981468204123,0.03106315370935331
2014-02-22T09:00:00+09:30,lstm_residual,2.876111129919708,2.767999331504404,0.10811179841530416
2014-02-22T10:00:00+09:30,lstm_residual,3.683127820491775,3.528226315712881,0.15490150477889397
2014-02-22T11:00:00+09:30,lstm_residual,4.1912389198939,3.9874785085479125,0.20376041134598744
2014-02-22T12:00:00+09:30,lstm_residual,4.426430026690174,4.1102804305941,0.31614959609607407
2014-02-22T13:00:00+09:30,lstm_residual,4.397744615872708,3.9679445985834985,0.42980001728920936
2014-02-22T14:00:00+09:30,lstm_residual,4.068844437599183,3.7519845528496703,0.31685988474951277
2014-02-22T15:00:00+09:30,lstm_residual,3.4033499956131,3.444829918300883,-0.04147992268778289
2014-02-22T16:00:00+09:30,lstm_residual,2.543683330218008,2.5718085664498482,-0.028125236231840045
2014-02-22T17:00:00+09:30,lstm_residual,1.2690055395166033,1.2712795277976177,-0.0022739882810143275
2014-02-23T07:00:00+09:30,lstm_residual,0.307038892060517,0.37331144553956797,-0.06627255347905098
2014-02-23T08:00:00+09:30,lstm_residual,1.5155471960703633,1.7549342056157926,-0.23938700954542935
2014-02-23T09:00:00+09:30,lstm_residual,2.656061053276067,2.8324284920550196,-0.17636743877895267
2014-02-23T10:00:00+09:30,lstm_residual,3.004822115103417,3.5998338556319514,-0.5950117405285344
2014-02-23T11:00:00+09:30,lstm_residual,2.7205444574356084,3.868988143390151,-1.1484436859545428
2014-02-23T12:00:00+09:30,lstm_residual,1.8939305146535332,4.187221579223747,-2.293291064570214
2014-02-23T13:00:00+09:30,lstm_residual,2.46770002444585,3.8352540114578755,-1.3675539870120255
2014-02-23T14:00:00+09:30,lstm_residual,2.3883722027142835,3.2576114637067026,-0.8692392609924191
2014-02-23T15:00:00+09:30,lstm_residual,1.9709555308024251,2.955051279028514,-0.984095748226089
2014-02-23T16:00:00+09:30,lstm_residual,0.9724888155857766,2.041715126167925,-1.0692263105821485
2014-02-23T17:00:00+09:30,lstm_residual,0.7932610933979326,0.8230993192873302,-0.02983822588939755
2014-02-24T07:00:00+09:30,lstm_residual,0.050216665801902004,0.2947149224679607,-0.2444982566660587
2014-02-24T08:00:00+09:30,lstm_residual,0.4441833409170292,1.1970938104718158,-0.7529104695547866
2014-02-24T09:00:00+09:30,lstm_residual,2.1329166392485335,2.2662343813059627,-0.1333177420574292
2014-02-24T10:00:00+09:30,lstm_residual,2.360716725389157,2.7829001978011636,-0.4221834724120068
2014-02-24T11:00:00+09:30,lstm_residual,2.1858556121587758,3.1864440999564443,-1.0005884877976685
2014-02-24T12:00:00+09:30,lstm_residual,3.7680943608284,3.5722158583238692,0.19587850250453087
2014-02-24T13:00:00+09:30,lstm_residual,3.7929278214772584,2.7549662250276103,1.037961596449648
2014-02-24T14:00:00+09:30,lstm_residual,3.060677717129392,2.022752044108915,1.0379256730204771
2014-02-24T15:00:00+09:30,lstm_residual,2.3663610021273165,2.151406818137928,0.2149541839893887
2014-02-24T16:00:00+09:30,lstm_residual,2.0075332572062803,1.4541644379014,0.5533688193048802
2014-02-24T17:00:00+09:30,lstm_residual,0.6670277689894007,0.6972238946467434,-0.030196125657342643
2014-02-25T07:00:00+09:30,lstm_residual,0.12330000785489985,0.23842422417815734,-0.11512421632325749
2014-02-25T08:00:00+09:30,lstm_residual,0.3847833822170892,1.1403591812597598,-0.7555757990426706
2014-02-25T09:00:00+09:30,lstm_residual,0.5870777716239283,2.081900906302478,-1.4948231346785499
2014-02-25T10:00:00+09:30,lstm_residual,0.9774610946575774,2.7548599894754737,-1.7773988948178965
2014-02-25T11:00:00+09:30,lstm_residual,1.0428555707136817,3.0528206776090276,-2.009965106895346
2014-02-25T12:00:00+09:30,lstm_residual,1.0654333581527158,3.3038010064651893,-2.2383676483124733
2014-02-25T13:00:00+09:30,lstm_residual,1.0265777657429325,2.565955868974694,-1.5393781032317617
2014-02-25T14:00:00+09:30,lstm_residual,1.0137388755877859,1.9977051999713793,-0.9839663243835934
2014-02-25T15:00:00+09:30,lstm_residual,0.7263999829689659,1.5601219735054106,-0.8337219905364447
2014-02-25T16:00:00+09:30,lstm_residual,0.7003722041845317,0.8855103813296787,-0.18513817714514702
2014-02-25T17:00:00+09:30,lstm_residual,0.39194443821907,0.4064576732002032,-0.014513234981133216
2014-02-26T07:00:00+09:30,lstm_residual,0.011927774796883242,0.17302214968436846,-0.16109437488748524
2014-02-26T08:00:00+09:30,lstm_residual,0.1989944453040753,0.6854512291239987,-0.4864567838199234
2014-02-26T09:00:00+09:30,lstm_residual,0.8389444276690425,1.2522774321589902,-0.4133330044899477
2014-02-26T10:00:00+09:30,lstm_residual,1.0360333422819743,2.148647818087839,-1.1126144758058645
2014-02-26T11:00:00+09:30,lstm_residual,1.2953500375151543,2.802367793425777,-1.5070177559106226
2014-02-26T12:00:00+09:30,lstm_residual,1.6646055380503333,2.664995986635031,-1.0003904485846975
2014-02-26T13:00:00+09:30,lstm_residual,2.03693333268165,1.4748825104143215,0.5620508222673286
2014-02-26T14:00:00+09:30,lstm_residual,2.1656277875105414,1.3367019579652832,0.8289258295452582
2014-02-26T15:00:00+09:30,lstm_residual,1.9699778159459418,1.5042070339494604,0.46577078199648136
2014-02-26T16:00:00+09:30,lstm_residual,1.1257055600484325,1.0648772640349193,0.06082829601351314
2014-02-26T17:00:00+09:30,lstm_residual,0.457422201832135,0.4650748474399051,-0.0076526456077701255
2014-02-27T07:00:00+09:30,lstm_residual,0.38049166835844583,0.23943636708821558,0.14105530127023025
2014-02-27T08:00:00+09:30,lstm_residual,1.613699952761345,0.865155080393198,0.7485448723681469
2014-02-27T09:00:00+09:30,lstm_residual,2.748244404792775,1.8663367253818217,0.8819076794109533
2014-02-27T10:00:00+09:30,lstm_residual,3.5744889974593996,2.7032059879032433,0.8712830095561563
2014-02-27T11:00:00+09:30,lstm_residual,4.056941787401834,3.1759920666773906,0.880949720724443
2014-02-27T12:00:00+09:30,lstm_residual,4.20441377162935,3.476313450150497,0.7281003214788533
2014-02-27T13:00:00+09:30,lstm_residual,4.1263835430145335,3.2627938904089118,0.8635896526056217
2014-02-27T14:00:00+09:30,lstm_residual,3.8326194485028586,3.322257036294559,0.5103624122082997
2014-02-27T15:00:00+09:30,lstm_residual,3.2045693993568416,2.9257656675352326,0.278803731821609
2014-02-27T16:00:00+09:30,lstm_residual,2.2297138373056917,2.114035808687234,0.11567802861845777
2014-02-27T17:00:00+09:30,lstm_residual,1.0911333262920409,0.8868283116491051,0.2043050146429357
2014-02-28T07:00:00+09:30,lstm_residual,0.31421666840712253,0.33179484444961493,-0.0175781760424924
2014-02-28T08:00:00+09:30,lstm_residual,1.5998333891232859,1.6066345902230939,-0.006801201099807974
2014-02-28T09:00:00+09:30,lstm_residual,2.7341028253237254,2.6647483574171282,0.06935446790659716
2014-02-28T10:00:00+09:30,lstm_residual,3.508794486522675,3.4337575065564776,0.0750369799661974
2014-02-28T11:00:00+09:30,lstm_residual,3.9513527750969,3.7570907653833743,0.1942620097135257
2014-02-28T12:00:00+09:30,lstm_residual,4.086938937505091,3.9951787762283377,0.09176016127675357
2014-02-28T13:00:00+09:30,lstm_residual,3.0294415950775075,3.690973630152426,-0.6615320350749183
2014-02-28T14:00:00+09:30,lstm_residual,2.8876944283644264,3.4944394540418133,-0.606745025677387
2014-02-28T15:00:00+09:30,lstm_residual,2.6074805756409916,3.0781588612592103,-0.4706782856182188
2014-02-28T16:00:00+09:30,lstm_residual,1.5116360684235908,2.2005464036154305,-0.6889103351918398
2014-02-28T17:00:00+09:30,lstm_residual,0.4888333491981,0.9324068311996081,-0.4435734820015081
2014-03-01T07:00:00+09:30,lstm_residual,0.2968694446608414,0.1979543014186208,0.09891514324222062
2014-03-01T08:00:00+09:30,lstm_residual,1.5818860729535391,1.1851219220673206,0.3967641508862185
2014-03-01T09:00:00+09:30,lstm_residual,2.68981953461965,2.1837479570052865,0.5060715776143634
2014-03-01T10:00:00+09:30,lstm_residual,3.390075008074442,2.859741661682373,0.530333346392069
2014-03-01T11:00:00+09:30,lstm_residual,3.658022224903091,3.173801875669114,0.48422034923397694
2014-03-01T12:00:00+09:30,lstm_residual,2.9128555059432966,3.2692027840020175,-0.3563472780587209
2014-03-01T13:00:00+09:30,lstm_residual,3.4783831536769916,2.8865153698084343,0.5918677838685573
2014-03-01T14:00:00+09:30,lstm_residual,2.109844421346985,3.0593777024942006,-0.9495332811472155
2014-03-01T15:00:00+09:30,lstm_residual,2.321594397226974,2.503079136317475,-0.181484739090501
2014-03-01T16:00:00+09:30,lstm_residual,1.8673500418663043,1.78325555341821,0.0840944884480943
2014-03-01T17:00:00+09:30,lstm_residual,1.210294435421615,0.6199685038206184,0.5903259316009966
2014-03-02T07:00:00+09:30,lstm_residual,0.3350305621279405,0.21407565600693046,0.12095490612101006
2014-03-02T08:00:00+09:30,lstm_residual,1.6585444509983,1.5183949839246993,0.14014946707360076
2014-03-02T09:00:00+09:30,lstm_residual,2.75992224613825,2.6578881320310384,0.10203411410721186
2014-03-02T10:00:00+09:30,lstm_residual,3.5190693736076413,3.3649475065010894,0.15412186710655185
2014-03-02T11:00:00+09:30,lstm_residual,3.98058889309565,3.7933344968800182,0.18725439621563167
2014-03-02T12:00:00+09:30,lstm_residual,4.260880351066592,3.8474250197934072,0.4134553312731848
2014-03-02T13:00:00+09:30,lstm_residual,4.236969391504917,3.561918784015508,0.6750506074894087
2014-03-02T14:00:00+09:30,lstm_residual,3.9223833878835084,3.4302273129674883,0.4921560749160201
2014-03-02T15:00:00+09:30,lstm_residual,3.1959249774614835,2.957486097663891,0.23843887979759248
2014-03-02T16:00:00+09:30,lstm_residual,2.435266663630817,2.150936578002209,0.28433008562860795
2014-03-02T17:00:00+09:30,lstm_residual,1.0163222352663575,0.9928513329895385,0.023470902276818917
2014-03-03T07:00:00+09:30,lstm_residual,0.3251027725636964,0.3531594933895429,-0.028056720825846482
2014-03-03T08:00:00+09:30,lstm_residual,1.6434055765469833,1.6788850318060902,-0.035479455259106896
2014-03-03T09:00:00+09:30,lstm_residual,2.7284500400225418,2.7946812364575964,-0.0662311964350546
2014-03-03T10:00:00+09:30,lstm_residual,3.5995193322499497,3.487950234298412,0.1115690979515378
2014-03-03T11:00:00+09:30,lstm_residual,4.005174914995825,3.9386460042740206,0.06652891072180456
2014-03-03T12:00:00+09:30,lstm_residual,4.0323473612467415,3.977675181363045,0.05467217988369644
2014-03-03T13:00:00+09:30,lstm_residual,3.797008325656259,3.8663645315720334,-0.06935620591577463
2014-03-03T14:00:00+09:30,lstm_residual,3.637863894303633,3.593893625783554,0.04397026852007935
2014-03-03T15:00:00+09:30,lstm_residual,3.0471999148527833,3.1133127223668424,-0.06611280751405912
2014-03-03T16:00:00+09:30,lstm_residual,2.188505552709096,2.0955463787304316,0.09295917397866438
2014-03-03T17:00:00+09:30,lstm_residual,0.9694833060105666,0.9134105614603754,0.05607274455019129
2014-03-04T07:00:00+09:30,lstm_residual,0.2796250047783036,0.20896725684249084,0.07065774793581275
2014-03-04T08:00:00+09:30,lstm_residual,1.5834666738907341,1.4550238841598548,0.1284427897308793
2014-03-04T09:00:00+09:30,lstm_residual,2.6069054802258833,2.5155988482638487,0.09130663196203459
2014-03-04T10:00:00+09:30,lstm_residual,3.5073194503784335,3.2601854450983394,0.2471340052800941
2014-03-04T11:00:00+09:30,lstm_residual,3.450083315372456,3.7183776595999363,-0.26829434422748033
2014-03-04T12:00:00+09:30,lstm_residual,4.2947330872217915,3.778882166511867,0.5158509207099247
2014-03-04T13:00:00+09:30,lstm_residual,2.5145193437735216,3.5067898606489116,-0.99227051687539
2014-03-04T14:00:00+09:30,lstm_residual,3.0402277857065236,3.2459381253286943,-0.20571033962217067
2014-03-04T15:00:00+09:30,lstm_residual,2.7926611403624335,2.8748499681337814,-0.08218882777134784
2014-03-04T16:00:00+09:30,lstm_residual,2.02645278722047,2.115595392739936,-0.08914260551946596
2014-03-04T17:00:00+09:30,lstm_residual,0.9080583794663442,0.7660726772005068,0.1419857022658374
2014-03-05T07:00:00+09:30,lstm_residual,0.2769666736324629,0.22637561410292562,0.0505910595295373
2014-03-05T08:00:00+09:30,lstm_residual,1.5563444544871785,1.3965913291873053,0.15975312529987318
2014-03-05T09:00:00+09:30,lstm_residual,2.5335583289464334,2.374738740969728,0.15881958797670537
2014-03-05T10:00:00+09:30,lstm_residual,2.3053694268067666,3.0685392396277473,-0.7631698128209807
2014-03-05T11:00:00+09:30,lstm_residual,1.9460805952548916,3.5259888824080114,-1.5799082871531198
2014-03-05T12:00:00+09:30,lstm_residual,1.5920972128709083,3.6731291429833415,-2.081031930112433
2014-03-05T13:00:00+09:30,lstm_residual,1.6250555266936682,3.3711104833791317,-1.7460549566854635
2014-03-05T14:00:00+09:30,lstm_residual,1.8807361523310335,3.1424118522236295,-1.261675699892596
2014-03-05T15:00:00+09:30,lstm_residual,1.5559833546479502,2.3091843780608357,-0.7532010234128854
2014-03-05T16:00:00+09:30,lstm_residual,0.9278583029905983,1.3920368655243651,-0.46417856253376677
2014-03-05T17:00:00+09:30,lstm_residual,0.5440889025727916,0.4871626832912068,0.05692621928158481
2014-03-06T07:00:00+09:30,lstm_residual,0.16891475766897301,0.16088340527695133,0.008031352392021684
2014-03-06T08:00:00+09:30,lstm_residual,0.7167888805270176,1.0314944508942423,-0.3147055703672247
2014-03-06T09:00:00+09:30,lstm_residual,2.0791222155094085,1.8972601119237629,0.18186210358564558
2014-03-06T10:00:00+09:30,lstm_residual,2.7925833761692,2.574090793721698,0.2184925824475017
2014-03-06T11:00:00+09:30,lstm_residual,2.7055944601694666,3.223262604443427,-0.5176681442739604
2014-03-06T12:00:00+09:30,lstm_residual,2.684450060129167,3.4869643672217605,-0.8025143070925935
2014-03-06T13:00:00+09:30,lstm_residual,4.2708000143369,3.0407921326385194,1.2300078816983806
2014-03-06T14:00:00+09:30,lstm_residual,3.609711031119025,2.4231557788067746,1.1865552523122505
2014-03-06T15:00:00+09:30,lstm_residual,1.7941333552201748,2.087742504761584,-0.29360914954140926
2014-03-06T16:00:00+09:30,lstm_residual,1.4163388361533473,1.395420728319513,0.0209181078338343
2014-03-06T17:00:00+09:30,lstm_residual,0.8729666297634434,0.5423250781630055,0.33064155160043796
2014-03-07T07:00:00+09:30,lstm_residual,0.28249998763203615,0.15552374489655718,0.12697624273547897
2014-03-07T08:00:00+09:30,lstm_residual,1.4929888596137542,1.3011006711947728,0.19188818841898136
2014-03-07T09:00:00+09:30,lstm_residual,2.612294395764683,2.331189386469516,0.281105009295167
2014-03-07T10:00:00+09:30,lstm_residual,3.1813833018144,2.7743324058672156,0.40705089594718435
2014-03-07T11:00:00+09:30,lstm_residual,3.620166738828033,3.276210755102393,0.3439559837256403
2014-03-07T12:00:00+09:30,lstm_residual,3.9753498037656083,3.546761235403773,0.42858856836183534
2014-03-07T13:00:00+09:30,lstm_residual,2.247411111990617,3.3324232067285937,-1.0850120947379769
2014-03-07T14:00:00+09:30,lstm_residual,3.1446998715400674,3.215380349262985,-0.07068047772291752
2014-03-07T15:00:00+09:30,lstm_residual,1.8005500435829251,2.544076809755068,-0.7435267661721428
2014-03-07T16:00:00+09:30,lstm_residual,1.3775444179773324,1.5783004504088687,-0.20075603243153628
2014-03-07T17:00:00+09:30,lstm_residual,0.9636777987082751,0.6110894154304163,0.3525883832778588
2014-03-08T07:00:00+09:30,lstm_residual,0.30624999074886355,0.11000106362592221,0.19624892712294134
2014-03-08T08:00:00+09:30,lstm_residual,0.2867166772484783,1.0440933800335839,-0.7573767027851055
2014-03-08T09:00:00+09:30,lstm_residual,0.3629388896127533,2.0655850082289584,-1.7026461186162052
2014-03-08T10:00:00+09:30,lstm_residual,0.7468333293994266,2.5623442365769167,-1.8155109071774902
2014-03-08T11:00:00+09:30,lstm_residual,0.9962832679351167,2.8947089029171256,-1.8984256349820088
2014-03-08T12:00:00+09:30,lstm_residual,1.8075389166672833,2.8672371064287816,-1.0596981897614983
2014-03-08T13:00:00+09:30,lstm_residual,1.3531221747398166,2.570765210353146,-1.2176430356133296
2014-03-08T14:00:00+09:30,lstm_residual,1.8342777192592667,1.7808007487344297,0.05347697052483702
2014-03-08T15:00:00+09:30,lstm_residual,1.8954444825649333,1.5653323607745249,0.3301121217904084
2014-03-08T16:00:00+09:30,lstm_residual,2.0736388862133,0.929538040378242,1.144100845835058
2014-03-08T17:00:00+09:30,lstm_residual,0.864155558248365,0.40345393162363197,0.460701626624733
2014-03-09T07:00:00+09:30,lstm_residual,0.22042222150290958,0.23585019309835487,-0.015427971595445289
2014-03-09T08:00:00+09:30,lstm_residual,1.576277757684391,1.083129511615464,0.49314824606892693
2014-03-09T09:00:00+09:30,lstm_residual,2.6583805084228413,2.19152624449389,0.46685426392895124
2014-03-09T10:00:00+09:30,lstm_residual,3.381233195463825,2.75893838541838,0.6222948100454451
2014-03-09T11:00:00+09:30,lstm_residual,3.8152805169423414,3.370397463848989,0.4448830530933523
2014-03-09T12:00:00+09:30,lstm_residual,3.9429083863894085,3.4873287859782733,0.4555796004111352
2014-03-09T13:00:00+09:30,lstm_residual,3.3786085446675647,3.4592902930629017,-0.08068174839533704
2014-03-09T14:00:00+09:30,lstm_residual,3.1058527032534236,3.3594377651695257,-0.2535850619161022
2014-03-09T15:00:00+09:30,lstm_residual,3.036663800477975,2.8660128074710656,0.17065099300690934
2014-03-09T16:00:00+09:30,lstm_residual,2.4059195220470415,1.9217432015598608,0.48417632048718073
2014-03-09T17:00:00+09:30,lstm_residual,0.6069833294798975,0.6710335798831035,-0.064050250403206
2014-03-10T07:00:00+09:30,lstm_residual,0.29121109439680953,0.1923896448294078,0.09882144956740174
2014-03-10T08:00:00+09:30,lstm_residual,1.5861221551895193,1.4947887605483658,0.09133339464115342
2014-03-10T09:00:00+09:30,lstm_residual,2.6364111900329585,2.6306020089249307,0.005809181108027861
2014-03-10T10:00:00+09:30,lstm_residual,3.0356500744819748,3.3852267423439533,-0.3495766678619785
2014-03-10T11:00:00+09:30,lstm_residual,3.6621278723080835,3.685615470188233,-0.023487597880149647
2014-03-10T12:00:00+09:30,lstm_residual,3.6490500271320414,3.843855795880522,-0.19480576874848055
2014-03-10T13:00:00+09:30,lstm_residual,3.8370445619026725,3.7123063426671936,0.1247382192354789
2014-03-10T14:00:00+09:30,lstm_residual,2.9971444805463108,3.4943381120268953,-0.4971936314805845
2014-03-10T15:00:00+09:30,lstm_residual,2.61748889088631,2.869123912291302,-0.2516350214049923
2014-03-10T16:00:00+09:30,lstm_residual,1.7060500284035969,1.726603370295207,-0.020553341891610177
2014-03-10T17:00:00+09:30,lstm_residual,0.5069555814067483,0.539703421694582,-0.03274784028783362
2014-03-11T07:00:00+09:30,lstm_residual,0.2645499883219586,0.18343181092447536,0.08111817739748323
2014-03-11T08:00:00+09:30,lstm_residual,1.5713277459144617,1.3519251421089504,0.21940260380551124
2014-03-11T09:00:00+09:30,lstm_residual,2.6484167377154084,2.4461381077354285,0.20227862997997992
2014-03-11T10:00:00+09:30,lstm_residual,3.412977794806167,3.055553068610115,0.3574247261960517
2014-03-11T11:00:00+09:30,lstm_residual,3.878938913345325,3.572300455448359,0.3066384578969661
2014-03-11T12:00:00+09:30,lstm_residual,4.070488890012109,3.6521108286788824,0.4183780613332262
2014-03-11T13:00:00+09:30,lstm_residual,4.047605693340292,3.5447822418947075,0.5028234514455843
2014-03-11T14:00:00+09:30,lstm_residual,3.775305688381175,3.2832822499591425,0.49202343842203256
2014-03-11T15:00:00+09:30,lstm_residual,3.237494488557175,2.761234334913458,0.4762601536437172
2014-03-11T16:00:00+09:30,lstm_residual,2.3697388668854997,1.9294209778736513,0.44031788901184843
2014-03-11T17:00:00+09:30,lstm_residual,0.7589278059701176,0.6813309948428805,0.07759681112723704
2014-03-12T07:00:00+09:30,lstm_residual,0.261483327175181,0.30909314645287045,-0.047609819277689425
2014-03-12T08:00:00+09:30,lstm_residual,1.5787221888701073,1.6265503955489342,-0.04782820667882692
2014-03-12T09:00:00+09:30,lstm_residual,2.66481109460195,2.733473381363165,-0.068662286761215
2014-03-12T10:00:00+09:30,lstm_residual,3.4256056149800664,3.459292783611442,-0.03368716863137555
2014-03-12T11:00:00+09:30,lstm_residual,3.8712721268336083,3.8830174239474635,-0.011745297113855191
2014-03-12T12:00:00+09:30,lstm_residual,3.986410836378733,4.059278640558338,-0.0728678041796047
2014-03-12T13:00:00+09:30,lstm_residual,4.084416707356767,3.7451230326268012,0.33929367472996574
2014-03-12T14:00:00+09:30,lstm_residual,3.7882887522379582,3.5293063179921087,0.25898243424584955
2014-03-12T15:00:00+09:30,lstm_residual,3.211961209774025,3.0463288960855244,0.1656323136885005
2014-03-12T16:00:00+09:30,lstm_residual,2.312855571508408,2.1474047326517196,0.16545083885668843
2014-03-12T17:00:00+09:30,lstm_residual,0.7165833401183234,0.7669948520616923,-0.0504115119433689
2014-03-13T07:00:00+09:30,lstm_residual,0.257749992888421,0.2745733939582716,-0.01682340106985064
2014-03-13T08:00:00+09:30,lstm_residual,1.5666210850079876,1.612643204524452,-0.04602211951646451
2014-03-13T09:00:00+09:30,lstm_residual,2.626188913981108,2.6567657545081076,-0.030576840526999494
2014-03-13T10:00:00+09:30,lstm_residual,3.384730597337075,3.4144693808291606,-0.029738783492085474
2014-03-13T11:00:00+09:30,lstm_residual,3.8363278309504167,3.86954207734025,-0.03321424638983306
2014-03-13T12:00:00+09:30,lstm_residual,4.025914231936125,3.982982804151092,0.04293142778503256
2014-03-13T13:00:00+09:30,lstm_residual,3.9713083306948334,3.714524026314965,0.25678430437986854
2014-03-13T14:00:00+09:30,lstm_residual,3.716130614280692,3.5106997195591183,0.2054308947215735
2014-03-13T15:00:00+09:30,lstm_residual,3.2169166405995835,2.9775520375359443,0.23936460306363916
2014-03-13T16:00:00+09:30,lstm_residual,1.6937139108777084,2.1033767289532506,-0.40966281807554217
2014-03-13T17:00:00+09:30,lstm_residual,0.6958527838190475,0.7462668293397651,-0.0504140455207176
2014-03-14T07:00:00+09:30,lstm_residual,0.2467777874941631,0.2664646834374429,-0.019686895943279797
2014-03-14T08:00:00+09:30,lstm_residual,1.5545472304026315,1.5159726423114217,0.03857458809120984
2014-03-14T09:00:00+09:30,lstm_residual,2.6121138532956665,2.4205378191245517,0.1915760341711148
2014-03-14T10:00:00+09:30,lstm_residual,3.3432083725929167,3.091509894196382,0.2516984783965346
2014-03-14T11:00:00+09:30,lstm_residual,3.7503832777341084,3.536564810883639,0.21381846685046924
2014-03-14T12:00:00+09:30,lstm_residual,3.9424750208854835,3.6663705463631278,0.27610447452235576
2014-03-14T13:00:00+09:30,lstm_residual,3.9042139252026917,3.477310923689176,0.4269030015135158
2014-03-14T14:00:00+09:30,lstm_residual,3.5221583445866833,3.2842288176277235,0.23792952695895986
2014-03-14T15:00:00+09:30,lstm_residual,3.0961555639902834,2.829362596851878,0.2667929671384055
2014-03-14T16:00:00+09:30,lstm_residual,2.1056444247563664,1.963824439751006,0.1418199850053603
2014-03-14T17:00:00+09:30,lstm_residual,0.6343083418905758,0.7173877340914441,-0.08307939220086824
2014-03-15T07:00:00+09:30,lstm_residual,0.23696944034114983,0.2600918620832743,-0.02312242174212445
2014-03-15T08:00:00+09:30,lstm_residual,1.5246777534484799,1.502550557487629,0.022127195960850887
2014-03-15T09:00:00+09:30,lstm_residual,2.6243443687756915,2.487278214308426,0.13706615446726556
2014-03-15T10:00:00+09:30,lstm_residual,3.3598361412684166,3.310532592095503,0.04930354917291346
2014-03-15T11:00:00+09:30,lstm_residual,3.7625191013018333,3.6346561296211473,0.12786297168068606
2014-03-15T12:00:00+09:30,lstm_residual,3.9136639038721834,3.9218274513405387,-0.008163547468355237
2014-03-15T13:00:00+09:30,lstm_residual,3.8882470925649084,3.678776047041541,0.20947104552336748
2014-03-15T14:00:00+09:30,lstm_residual,3.3183165788650584,3.33763337591907,-0.01931679705401157
2014-03-15T15:00:00+09:30,lstm_residual,2.099900022149088,2.8656834073280804,-0.7657833851789921
2014-03-15T16:00:00+09:30,lstm_residual,2.018252730369571,1.9736765266354364,0.04457620373413462
2014-03-15T17:00:00+09:30,lstm_residual,0.7199805850784008,0.6507223516836871,0.06925823339471371
2014-03-16T07:00:00+09:30,lstm_residual,0.3163611047590764,0.15746277095338013,0.1588983338056963
2014-03-16T08:00:00+09:30,lstm_residual,1.4881888777017533,1.3117501304608203,0.176438747240933
2014-03-16T09:00:00+09:30,lstm_residual,2.6250499288241,2.376393138791284,0.24865679003281604
2014-03-16T10:00:00+09:30,lstm_residual,3.3783886830011913,3.123989936028412,0.2543987469727793
2014-03-16T11:00:00+09:30,lstm_residual,3.8190445502598998,3.5554125012577016,0.26363204900219817
2014-03-16T12:00:00+09:30,lstm_residual,4.041094303131125,3.6968708392173864,0.3442234639137385
2014-03-16T13:00:00+09:30,lstm_residual,3.9581779638926164,3.530858867073677,0.4273190968189393
2014-03-16T14:00:00+09:30,lstm_residual,3.6314055720965084,3.1317838127985027,0.4996217592980057
2014-03-16T15:00:00+09:30,lstm_residual,3.0485221743583835,2.6641082969557774,0.384413877402606
2014-03-16T16:00:00+09:30,lstm_residual,2.206455548604333,1.8512774801027163,0.3551780685016168
2014-03-16T17:00:00+09:30,lstm_residual,0.5432166494429058,0.5537485811809136,-0.010531931738007816
2014-03-17T07:00:00+09:30,lstm_residual,0.26150000281631924,0.22748351612067308,0.034016486695646164
2014-03-17T08:00:00+09:30,lstm_residual,1.5422111004590917,1.4377507647094694,0.10446033574962232
2014-03-17T09:00:00+09:30,lstm_residual,2.6577388644218503,2.5264456262025305,0.1312932382193197
2014-03-17T10:00:00+09:30,lstm_residual,3.397516787052158,3.2823580293869647,0.11515875766519335
2014-03-17T11:00:00+09:30,lstm_residual,3.6874111890792833,3.742818047448411,-0.05540685836912784
2014-03-17T12:00:00+09:30,lstm_residual,4.014805793762217,3.8530669450104282,0.16173884875178857
2014-03-17T13:00:00+09:30,lstm_residual,3.909983555475883,3.70823929061503,0.20174426486085295
2014-03-17T14:00:00+09:30,lstm_residual,3.6162944038708917,3.4261142748441342,0.19018012902675752
2014-03-17T15:00:00+09:30,lstm_residual,3.05396113793055,2.9945315695671306,0.05942956836341917
2014-03-17T16:00:00+09:30,lstm_residual,2.1464611291885416,2.110338770023937,0.03612235916460449
2014-03-17T17:00:00+09:30,lstm_residual,0.48292779798309243,0.6959441786301563,-0.2130163806470639
2014-03-18T07:00:00+09:30,lstm_residual,0.22803888532022598,0.19480505633899659,0.033233828981229396
2014-03-18T08:00:00+09:30,lstm_residual,1.4983166803916335,1.4129544524465287,0.08536222794510473
2014-03-18T09:00:00+09:30,lstm_residual,2.617866714795425,2.4931513191753707,0.12471539562005418
2014-03-18T10:00:00+09:30,lstm_residual,3.3682888746261583,3.2212393797976384,0.14704949482851992
2014-03-18T11:00:00+09:30,lstm_residual,3.792794386545825,3.663394759974447,0.1293996265713777
2014-03-18T12:00:00+09:30,lstm_residual,3.984822312990833,3.779439512946553,0.20538280004428033
2014-03-18T13:00:00+09:30,lstm_residual,3.9112498958905504,3.623483490492199,0.2877664053983513
2014-03-18T14:00:00+09:30,lstm_residual,3.614277819792433,3.4370550069378214,0.1772228128546116
2014-03-18T15:00:00+09:30,lstm_residual,3.064461092154183,2.9141046339440155,0.15035645821016752
2014-03-18T16:00:00+09:30,lstm_residual,2.186411112546917,2.0240309545301653,0.16238015801675143
2014-03-18T17:00:00+09:30,lstm_residual,0.48828891913096584,0.6222332947949423,-0.13394437566397643
2014-03-19T07:00:00+09:30,lstm_residual,0.20808888864121364,0.25030293411644555,-0.042214045475231915
2014-03-19T08:00:00+09:30,lstm_residual,1.5406555533409134,1.5028916388442293,0.03776391449668415
2014-03-19T09:00:00+09:30,lstm_residual,2.6790055235226915,2.507072208763442,0.17193331475924944
2014-03-19T10:00:00+09:30,lstm_residual,3.4463834762573082,3.235872921617149,0.21051055464015933
2014-03-19T11:00:00+09:30,lstm_residual,3.8911389311154747,3.655808207263587,0.23533072385188758
2014-03-19T12:00:00+09:30,lstm_residual,4.149766484896342,3.765718622521079,0.38404786237526345
2014-03-19T13:00:00+09:30,lstm_residual,4.112205545107517,3.5202088245801213,0.5919967205273955
2014-03-19T14:00:00+09:30,lstm_residual,3.7871278325716666,3.3422255148232862,0.4449023177483804
2014-03-19T15:00:00+09:30,lstm_residual,3.204333345095325,3.0323990093815487,0.17193433571377614
2014-03-19T16:00:00+09:30,lstm_residual,2.2722610831260748,2.1309559273848677,0.14130515574120706
2014-03-19T17:00:00+09:30,lstm_residual,0.5148500191668617,0.6959246048093313,-0.1810745856424696
2014-03-20T07:00:00+09:30,lstm_residual,0.20484999287873532,0.2402723401627992,-0.035422347284063876
2014-03-20T08:00:00+09:30,lstm_residual,1.5471023072799117,1.5332215268399656,0.013880780439946117
2014-03-20T09:00:00+09:30,lstm_residual,2.6796694000562002,2.519027091822091,0.16064230823410908
2014-03-20T10:00:00+09:30,lstm_residual,3.3898305098215666,3.1894728477089482,0.2003576621126184
2014-03-20T11:00:00+09:30,lstm_residual,3.826861143112183,3.6257100424612254,0.20115110065095765
2014-03-20T12:00:00+09:30,lstm_residual,4.011864066123958,3.794196798086702,0.217667268037256
2014-03-20T13:00:00+09:30,lstm_residual,3.7906834483146503,3.560988572670958,0.2296948756436925
2014-03-20T14:00:00+09:30,lstm_residual,3.6509194374084495,3.348397838985723,0.3025215984227265
2014-03-20T15:00:00+09:30,lstm_residual,3.0834443370501248,2.994847253366083,0.08859708368404196
2014-03-20T16:00:00+09:30,lstm_residual,2.198861082394925,2.0509506210396897,0.14791046135523533
2014-03-20T17:00:00+09:30,lstm_residual,0.5060166896631259,0.6171078934338294,-0.11109120377070358
2014-03-21T07:00:00+09:30,lstm_residual,0.20396944601088673,0.16323467328138463,0.0407347727295021
2014-03-21T08:00:00+09:30,lstm_residual,1.493013898531589,1.3681011268076575,0.12491277172393156
2014-03-21T09:00:00+09:30,lstm_residual,2.608738879362733,2.496015341866528,0.11272353749620523
2014-03-21T10:00:00+09:30,lstm_residual,3.3583388527234503,3.2283557729997154,0.1299830797237349
2014-03-21T11:00:00+09:30,lstm_residual,3.7904527982075913,3.746512457049613,0.0439403411579784
2014-03-21T12:00:00+09:30,lstm_residual,3.9426972667376248,3.8304283862078488,0.11226888052977602
2014-03-21T13:00:00+09:30,lstm_residual,2.8204610347747767,3.460842538884578,-0.6403815041098011
2014-03-21T14:00:00+09:30,lstm_residual,1.9105416635672166,3.338493819417583,-1.4279521558503663
2014-03-21T15:00:00+09:30,lstm_residual,2.0079444746176334,2.838531685927361,-0.8305872113097275
2014-03-21T16:00:00+09:30,lstm_residual,1.5053889105717468,1.9523867245571322,-0.4469978139853854
2014-03-21T17:00:00+09:30,lstm_residual,0.37324167042970663,0.5414576650807819,-0.16821599465107523
2014-03-22T07:00:00+09:30,lstm_residual,0.1952694384381175,0.10913242323752148,0.08613701520059602
2014-03-22T08:00:00+09:30,lstm_residual,1.524644444386164,1.3169616568462654,0.20768278753989855
2014-03-22T09:00:00+09:30,lstm_residual,2.66297511259715,2.487990717439732,0.17498439515741815
2014-03-22T10:00:00+09:30,lstm_residual,3.3908555905024165,3.204791777312724,0.18606381318969234
2014-03-22T11:00:00+09:30,lstm_residual,3.82989728450775,3.6503196723362814,0.17957761217146873
2014-03-22T12:00:00+09:30,lstm_residual,3.986947377522792,3.7465919877173675,0.24035538980542448
2014-03-22T13:00:00+09:30,lstm_residual,3.9570835431416835,3.3129608940003266,0.644122649141357
2014-03-22T14:00:00+09:30,lstm_residual,3.703002691268925,3.190372604776412,0.5126300864925128
2014-03-22T15:00:00+09:30,lstm_residual,3.1858556071917086,2.6054769353372893,0.5803786718544193
2014-03-22T16:00:00+09:30,lstm_residual,2.0279138783613724,1.7441472835915852,0.28376659476978716
2014-03-22T17:00:00+09:30,lstm_residual,0.35656666010618193,0.42143011019489207,-0.06486345008871014
2014-03-23T07:00:00+09:30,lstm_residual,0.19579444204767468,0.1503878407749173,0.04540660127275739
2014-03-23T08:00:00+09:30,lstm_residual,1.4489944875240148,1.3980926299811554,0.050901857542859474
2014-03-23T09:00:00+09:30,lstm_residual,2.6165388226509165,2.6187473672063764,-0.0022085445554598238
2014-03-23T10:00:00+09:30,lstm_residual,3.373333354790992,3.326901273417601,0.04643208137339094
2014-03-23T11:00:00+09:30,lstm_residual,3.788777907689408,3.7779832666790787,0.010794641010329453
2014-03-23T12:00:00+09:30,lstm_residual,3.9814334909121247,3.907604124262405,0.07382936664971984
2014-03-23T13:00:00+09:30,lstm_residual,3.9694168766339417,3.6214178611570995,0.3479990154768422
2014-03-23T14:00:00+09:30,lstm_residual,3.6452220082283002,3.44086350897055,0.2043584992577503
2014-03-23T15:00:00+09:30,lstm_residual,2.9598332643509,2.7992627161840558,0.16057054816684424
2014-03-23T16:00:00+09:30,lstm_residual,1.9363611042499482,1.8450614194048507,0.09129968484509754
2014-03-23T17:00:00+09:30,lstm_residual,0.33458333835005755,0.3851028047804692,-0.050519466430411664
2014-03-24T07:00:00+09:30,lstm_residual,0.1869055569016692,0.13837658638505812,0.04852897051661109
2014-03-24T08:00:00+09:30,lstm_residual,1.5737944145997282,1.370626193298912,0.20316822130081613
2014-03-24T09:00:00+09:30,lstm_residual,2.75081104040145,2.5262865963263605,0.2245244440750893
2014-03-24T10:00:00+09:30,lstm_residual,3.5380666851997415,3.244153146010111,0.2939135391896306
2014-03-24T11:00:00+09:30,lstm_residual,4.004133502642292,3.7314177832389888,0.27271571940330297
2014-03-24T12:00:00+09:30,lstm_residual,4.197233239809667,3.8441067954397403,0.3531264443699267
2014-03-24T13:00:00+09:30,lstm_residual,4.131755669911708,3.5271295939162015,0.6046260759955069
2014-03-24T14:00:00+09:30,lstm_residual,3.7826999624570163,3.5259559300530743,0.25674403240394206
2014-03-24T15:00:00+09:30,lstm_residual,3.178544402122492,3.0374556853058055,0.14108871681668633
2014-03-24T16:00:00+09:30,lstm_residual,2.188249985376992,2.0083260937840475,0.17992389159294442
2014-03-24T17:00:00+09:30,lstm_residual,0.34332221622267894,0.5816395867103825,-0.23831737048770357
2014-03-25T07:00:00+09:30,lstm_residual,0.20631962964762315,0.2837121981638231,-0.07739256851619994
2014-03-25T08:00:00+09:30,lstm_residual,1.6357500205437292,1.4757981548975154,0.15995186564621378
2014-03-25T09:00:00+09:30,lstm_residual,2.8648694952329,2.531166832229073,0.3337026630038271
2014-03-25T10:00:00+09:30,lstm_residual,3.661222219467158,3.259955030861418,0.4012671886057402
2014-03-25T11:00:00+09:30,lstm_residual,4.127597312132534,3.7895131202983308,0.338084191834203
2014-03-25T12:00:00+09:30,lstm_residual,4.3548888762792,3.8785343609992022,0.47635451527999795
2014-03-25T13:00:00+09:30,lstm_residual,4.25144175688425,3.7505820159200076,0.5008597409642426
2014-03-25T14:00:00+09:30,lstm_residual,3.8946557641029336,3.681339563529717,0.21331620057321654
2014-03-25T15:00:00+09:30,lstm_residual,3.2698332866032835,3.3224116341923224,-0.0525783475890389
2014-03-25T16:00:00+09:30,lstm_residual,2.261688898007075,2.2564746691285613,0.005214228878513527
2014-03-25T17:00:00+09:30,lstm_residual,0.33124165547390333,0.740208613559424,-0.4089669580855207
2014-03-26T07:00:00+09:30,lstm_residual,0.20151667110621932,0.20754516812919843,-0.006028497022979112
2014-03-26T08:00:00+09:30,lstm_residual,1.615338861942285,1.6028514511021181,0.012487410840166913
2014-03-26T09:00:00+09:30,lstm_residual,2.7744888464609754,2.784312257139124,-0.009823410678148736
2014-03-26T10:00:00+09:30,lstm_residual,3.5984750787417084,3.5979457287848,0.0005293499569085647
2014-03-26T11:00:00+09:30,lstm_residual,4.108622113863617,4.057380392001254,0.051241721862362866
2014-03-26T12:00:00+09:30,lstm_residual,4.257769465446475,4.175514735781573,0.08225472966490166
2014-03-26T13:00:00+09:30,lstm_residual,4.156222303708392,4.088843901291122,0.06737840241726989
2014-03-26T14:00:00+09:30,lstm_residual,3.792338748772933,3.8138967005495403,-0.021557951776607354
2014-03-26T15:00:00+09:30,lstm_residual,3.1984667181968747,3.127222288224499,0.07124442997237557
2014-03-26T16:00:00+09:30,lstm_residual,2.17732776204745,2.008133091641972,0.16919467040547786
2014-03-26T17:00:00+09:30,lstm_residual,0.2997749956945585,0.5168037023387915,-0.21702870664423296
2014-03-27T07:00:00+09:30,lstm_residual,0.20005553867667977,0.09488570844429989,0.10516983023237989
2014-03-27T08:00:00+09:30,lstm_residual,1.6143638789653734,1.5084641427099965,0.10589973625537685
2014-03-27T09:00:00+09:30,lstm_residual,2.7491748929023667,2.7189596289206284,0.03021526398173835
2014-03-27T10:00:00+09:30,lstm_residual,3.538261234760283,3.499488772250982,0.03877246250930089
2014-03-27T11:00:00+09:30,lstm_residual,4.040508290131892,3.9532238985697106,0.08728439156218126
2014-03-27T12:00:00+09:30,lstm_residual,4.146013935406992,4.031289784607189,0.1147241507998027
2014-03-27T13:00:00+09:30,lstm_residual,3.9312776128451,4.088077217907392,-0.15679960506229174
2014-03-27T14:00:00+09:30,lstm_residual,3.7239444454511084,3.7587586873845398,-0.03481424193343141
2014-03-27T15:00:00+09:30,lstm_residual,3.1461222966512086,3.0751845322936595,0.07093776435754906
2014-03-27T16:00:00+09:30,lstm_residual,2.1395443876584332,1.9511198720875016,0.18842451557093165
2014-03-27T17:00:00+09:30,lstm_residual,0.26794444086650954,0.4604124375845915,-0.19246799671808196
2014-03-28T07:00:00+09:30,lstm_residual,0.22306110655578457,0.20899925571120026,0.014061850844584306
2014-03-28T08:00:00+09:30,lstm_residual,1.567088862260179,1.3697246386827766,0.19736422357740246
2014-03-28T09:00:00+09:30,lstm_residual,2.72823321819305,2.536264775011767,0.19196844318128337
2014-03-28T10:00:00+09:30,lstm_residual,3.4098498423894252,3.206607653628621,0.20324218876080424
2014-03-28T11:00:00+09:30,lstm_residual,3.78625573714575,3.703409019934627,0.08284671721112291
2014-03-28T12:00:00+09:30,lstm_residual,3.9673999150594166,3.862503174309544,0.10489674074987265
2014-03-28T13:00:00+09:30,lstm_residual,3.9188333948453167,3.820768340203207,0.09806505464210957
2014-03-28T14:00:00+09:30,lstm_residual,3.6518332362175,3.339662920156053,0.3121703160614473
2014-03-28T15:00:00+09:30,lstm_residual,3.0155722896258,2.5361542413651317,0.47941804826066825
2014-03-28T16:00:00+09:30,lstm_residual,2.0493832826614375,1.596736274021614,0.45264700863982354
2014-03-28T17:00:00+09:30,lstm_residual,0.27432778539756847,0.3203680509937703,-0.046040265596201835
2014-03-29T07:00:00+09:30,lstm_residual,0.19563333410769768,0.18414384983590448,0.011489484271793193
2014-03-29T08:00:00+09:30,lstm_residual,1.563544447223336,1.2694011692625558,0.2941432779607802
2014-03-29T09:00:00+09:30,lstm_residual,2.653322160244,2.4859668934505392,0.1673552667934608
2014-03-29T10:00:00+09:30,lstm_residual,3.2681332826614415,3.186083426430757,0.08204985623068461
2014-03-29T11:00:00+09:30,lstm_residual,3.7461277445157335,3.6505670528736895,0.09556069164204395
2014-03-29T12:00:00+09:30,lstm_residual,3.676405529181167,3.8011780702482607,-0.1247725410670939
2014-03-29T13:00:00+09:30,lstm_residual,3.6343833605448252,3.7309470049037583,-0.09656364435893305
2014-03-29T14:00:00+09:30,lstm_residual,3.4495555957158337,3.2426507801989044,0.2069048155169293
2014-03-29T15:00:00+09:30,lstm_residual,2.9851222236951167,2.34527681249664,0.6398454111984768
2014-03-29T16:00:00+09:30,lstm_residual,1.615744436780605,1.4072591557225165,0.2084852810580886
2014-03-29T17:00:00+09:30,lstm_residual,0.4840000160038475,0.2452144024257028,0.2387856135781447
2014-03-30T07:00:00+09:30,lstm_residual,0.23424721850703148,0.14061837698249335,0.09362884152453813
2014-03-30T08:00:00+09:30,lstm_residual,1.3420305624604234,1.1696691370174808,0.17236142544294264
2014-03-30T09:00:00+09:30,lstm_residual,2.500730574131,2.3072710871361117,0.19345948699488824
2014-03-30T10:00:00+09:30,lstm_residual,3.247399946053825,2.9884470389640514,0.2589529070897738
2014-03-30T11:00:00+09:30,lstm_residual,3.8034166495005084,3.4746408304452707,0.3287758190552377
2014-03-30T12:00:00+09:30,lstm_residual,3.9084556897481164,3.652899775440719,0.25555591430739755
2014-03-30T13:00:00+09:30,lstm_residual,3.41275268793105,3.322950572247265,0.08980211568378493
2014-03-30T14:00:00+09:30,lstm_residual,2.4173305829366165,2.540594096419575,-0.1232635134829585
2014-03-30T15:00:00+09:30,lstm_residual,1.795805623133975,2.0136878027492218,-0.2178821796152468
2014-03-30T16:00:00+09:30,lstm_residual,1.6121305276950173,1.321438740837546,0.2906917868574712
2014-03-30T17:00:00+09:30,lstm_residual,0.48564999798933833,0.2130118980306146,0.27263809995872373
2014-03-31T07:00:00+09:30,lstm_residual,0.33313888280342124,0.056239134856023276,0.27689974794739797
2014-03-31T08:00:00+09:30,lstm_residual,1.3968445062637282,0.9421708936121833,0.45467361265154493
2014-03-31T09:00:00+09:30,lstm_residual,2.305722216765092,1.8543204778054365,0.4514017389596554
2014-03-31T10:00:00+09:30,lstm_residual,2.7685055732727086,2.632918896262165,0.1355866770105436
2014-03-31T11:00:00+09:30,lstm_residual,3.1716944972673997,3.0684654395425532,0.10322905772484647
2014-03-31T12:00:00+09:30,lstm_residual,2.805805464585617,3.2615022104645504,-0.4556967458789334
2014-03-31T13:00:00+09:30,lstm_residual,3.1818667848904916,2.975112945735963,0.2067538391545285
2014-03-31T14:00:00+09:30,lstm_residual,2.7604388594627416,2.5454526440782326,0.21498621538450902
2014-03-31T15:00:00+09:30,lstm_residual,1.7976166208585083,1.9194887842465826,-0.12187216338807438
2014-03-31T16:00:00+09:30,lstm_residual,1.6812389045953742,0.8891196739826404,0.7921192306127338
2014-03-31T17:00:00+09:30,lstm_residual,0.5259499798218417,0.03417101266546352,0.49177896715637814
2014-04-01T08:00:00+09:30,lstm_residual,1.4987666904926475,1.1059490178986124,0.3928176725940351
2014-04-01T09:00:00+09:30,lstm_residual,2.5735222498575916,2.1931148975726087,0.3804073522849829
2014-04-01T10:00:00+09:30,lstm_residual,3.261161088943467,2.7116399932656945,0.5495210956777723
2014-04-01T11:00:00+09:30,lstm_residual,3.6404333511988334,3.234577830339132,0.40585552085970145
2014-04-01T12:00:00+09:30,lstm_residual,3.808388789494842,3.5613771934586467,0.24701159603619516
2014-04-01T13:00:00+09:30,lstm_residual,3.7587113380432164,3.216280834553415,0.5424305034898014
2014-04-01T14:00:00+09:30,lstm_residual,3.530149857203167,2.828703770181431,0.7014460870217358
2014-04-01T15:00:00+09:30,lstm_residual,3.0086389780044587,2.2098717841064364,0.7987671938980223
2014-04-01T16:00:00+09:30,lstm_residual,1.6343333025773383,1.192814778702997,0.4415185238743413
2014-04-01T17:00:00+09:30,lstm_residual,0.33450554683804584,0.09957233555521094,0.2349332112828349
2014-04-02T08:00:00+09:30,lstm_residual,1.4876500219106628,0.7612101097368142,0.7264399121738485
2014-04-02T09:00:00+09:30,lstm_residual,2.5610666473706583,1.750884071350387,0.8101825760202712
2014-04-02T10:00:00+09:30,lstm_residual,3.244027813275659,2.2843596310862475,0.9596681821894113
2014-04-02T11:00:00+09:30,lstm_residual,3.6372831662496004,2.7383775844562543,0.898905581793346
2014-04-02T12:00:00+09:30,lstm_residual,3.8595942656199083,2.880733669244308,0.9788605963756001
2014-04-02T13:00:00+09:30,lstm_residual,3.377083390951142,2.6172373728792815,0.7598460180718605
2014-04-02T14:00:00+09:30,lstm_residual,1.9796333660681984,2.3682127080086763,-0.38857934194047794
2014-04-02T15:00:00+09:30,lstm_residual,2.32794445753097,1.8619434545631912,0.4660010029677788
2014-04-02T16:00:00+09:30,lstm_residual,0.9718277553717258,1.0390026662032765,-0.0671749108315507
2014-04-02T17:00:00+09:30,lstm_residual,0.41436110561092665,0.14134458927181426,0.2730165163391124
2014-04-03T08:00:00+09:30,lstm_residual,1.47306043903033,0.7648652255517838,0.7081952134785461
2014-04-03T09:00:00+09:30,lstm_residual,2.6243028044700667,1.5352393513607052,1.0890634531093615
2014-04-03T10:00:00+09:30,lstm_residual,3.406602799892433,2.1049038323920186,1.3016989675004145
2014-04-03T11:00:00+09:30,lstm_residual,3.8256278634071417,2.4326982527410617,1.39292961066608
2014-04-03T12:00:00+09:30,lstm_residual,3.980172197024025,2.4937395470061454,1.4864326500178797
2014-04-03T13:00:00+09:30,lstm_residual,3.393919607003525,2.4376599433687343,0.9562596636347909
2014-04-03T14:00:00+09:30,lstm_residual,3.494930525620783,2.4619176104533667,1.0330129151674163
2014-04-03T15:00:00+09:30,lstm_residual,2.8780473122994095,1.8414138010817438,1.0366335112176657
2014-04-03T16:00:00+09:30,lstm_residual,1.651083270708729,1.1734873005096347,0.4775959701990944
2014-04-03T17:00:00+09:30,lstm_residual,0.22369444432357918,0.12456361925993242,0.09913082506364676
2014-04-04T08:00:00+09:30,lstm_residual,0.5442944467067717,0.8403536586762517,-0.29605921196947993
2014-04-04T09:00:00+09:30,lstm_residual,1.5353722522656141,1.8477130292571209,-0.31234077699150675
2014-04-04T10:00:00+09:30,lstm_residual,2.3718305428822832,2.5812319569616453,-0.20940141407936208
2014-04-04T11:00:00+09:30,lstm_residual,3.9714889526367165,3.0688533431852765,0.9026356094514401
2014-04-04T12:00:00+09:30,lstm_residual,3.6476860642433167,3.107693277825824,0.5399927864174927
2014-04-04T13:00:00+09:30,lstm_residual,3.638219436009725,2.865482090651903,0.7727373453578221
2014-04-04T14:00:00+09:30,lstm_residual,3.1270916759967786,2.143160393546784,0.9839312824499946
2014-04-04T15:00:00+09:30,lstm_residual,2.2462861239910117,1.845943685193387,0.40034243879762466
2014-04-04T16:00:00+09:30,lstm_residual,1.4364250053962124,0.9782377129654443,0.45818729243076817
2014-04-04T17:00:00+09:30,lstm_residual,0.4181249948839325,0.39174797184785315,0.02637702303607936
2014-04-05T08:00:00+09:30,lstm_residual,0.4707694426178934,0.8980962225031712,-0.42732677988527784
2014-04-05T09:00:00+09:30,lstm_residual,1.7203943928082743,1.8728191010035165,-0.15242470819524212
2014-04-05T10:00:00+09:30,lstm_residual,2.7888277669747663,2.453538944396139,0.33528882257862724
2014-04-05T11:00:00+09:30,lstm_residual,3.3730082511901833,2.737482943119374,0.6355253080708092
2014-04-05T12:00:00+09:30,lstm_residual,2.275713811318092,2.5773327137955686,-0.3016189024774767
2014-04-05T13:00:00+09:30,lstm_residual,2.7356444696585505,2.5155651747523113,0.22007929490623912
2014-04-05T14:00:00+09:30,lstm_residual,3.43459447224935,1.7057023186741214,1.7288921535752286
2014-04-05T15:00:00+09:30,lstm_residual,2.1805777748425834,1.683739763449939,0.4968380113926445
2014-04-05T16:00:00+09:30,lstm_residual,1.7176694422960217,1.081684303293334,0.6359851390026876
2014-04-05T17:00:00+09:30,lstm_residual,0.24135392190267602,0.17921340875814284,0.06214051314453317
2014-04-06T08:00:00+09:30,lstm_residual,0.7167444278796483,0.864138058529905,-0.14739363065025668
2014-04-06T09:00:00+09:30,lstm_residual,1.8052500089009673,1.994637184635971,-0.18938717573500363
2014-04-06T10:00:00+09:30,lstm_residual,2.0057499905427414,2.7658194670932885,-0.7600694765505471
2014-04-06T11:00:00+09:30,lstm_residual,2.7301778296629498,3.239432457561347,-0.5092546278983971
2014-04-06T12:00:00+09:30,lstm_residual,2.402211199204133,3.3342404663088687,-0.9320292671047357
2014-04-06T13:00:00+09:30,lstm_residual,2.2512722065051416,3.4117431725279124,-1.1604709660227708
2014-04-06T14:00:00+09:30,lstm_residual,0.676083321372675,2.5851696946308587,-1.9090863732581838
2014-04-06T15:00:00+09:30,lstm_residual,0.5627500271584719,1.88653839118201,-1.323788364023538
2014-04-06T16:00:00+09:30,lstm_residual,0.0,0.8939306758568069,-0.8939306758568069
2014-04-06T17:00:00+09:30,lstm_residual,0.0,0.19261546767108717,-0.19261546767108717
2014-04-07T08:00:00+09:30,lstm_residual,0.1916111093014495,0.22383698839029498,-0.03222587908884547
2014-04-07T09:00:00+09:30,lstm_residual,0.4641221885879833,0.6661117878200815,-0.2019895992320982
2014-04-07T10:00:00+09:30,lstm_residual,0.5651777361830075,2.0352571474655328,-1.4700794112825253
2014-04-07T11:00:00+09:30,lstm_residual,1.3402777637044616,2.367611545549951,-1.0273337818454895
2014-04-07T12:00:00+09:30,lstm_residual,3.2616111636161587,2.834482583180843,0.42712858043531554
2014-04-07T13:00:00+09:30,lstm_residual,3.13368888696035,2.2841364482522843,0.8495524387080655
2014-04-07T14:00:00+09:30,lstm_residual,2.392194454868624,2.3648871334414663,0.02730732142715775
2014-04-07T15:00:00+09:30,lstm_residual,0.8014500190814333,1.2933483620098414,-0.49189834292840806
2014-04-07T16:00:00+09:30,lstm_residual,0.08129998948425034,0.7513420398394126,-0.6700420503551623
2014-04-07T17:00:00+09:30,lstm_residual,0.21544442775969833,0.3108752545093604,-0.09543082674966205
2014-04-08T08:00:00+09:30,lstm_residual,0.08376944080616083,0.289304416171255,-0.20553497536509419
2014-04-08T09:00:00+09:30,lstm_residual,0.37126390263438164,1.0453978338584158,-0.6741339312240342
2014-04-08T10:00:00+09:30,lstm_residual,0.31475554251422416,1.8644463171723813,-1.5496907746581572
2014-04-08T11:00:00+09:30,lstm_residual,0.16023332873980117,2.348051380012201,-2.1878180512724
2014-04-08T12:00:00+09:30,lstm_residual,0.2704388940085957,2.9448166067731822,-2.6743777127645867
2014-04-08T13:00:00+09:30,lstm_residual,1.19352498153844,1.9800692564073135,-0.7865442748688733
2014-04-08T14:00:00+09:30,lstm_residual,0.7105777511994041,1.9090163853538775,-1.1984386341544733
2014-04-08T15:00:00+09:30,lstm_residual,0.5308944384257,1.4258942603323042,-0.8949998219066041
2014-04-08T16:00:00+09:30,lstm_residual,0.3776666770378733,0.62494328000479,-0.24727660296691673
2014-04-08T17:00:00+09:30,lstm_residual,0.2213833394149942,0.024139817208448267,0.19724352220654592
2014-04-10T08:00:00+09:30,lstm_residual,1.5249083389838543,0.5801609724787105,0.9447473665051438
2014-04-10T09:00:00+09:30,lstm_residual,2.6225833694140084,1.0892767101233778,1.5333066592906306
2014-04-10T10:00:00+09:30,lstm_residual,3.3847916523615584,2.3935544694137265,0.9912371829478319
2014-04-11T13:00:00+09:30,lstm_residual,0.9562000085910124,2.990931455779528,-2.034731447188516
2014-04-11T14:00:00+09:30,lstm_residual,1.3041055450836867,2.1334907131662204,-0.8293851680825337
2014-04-11T15:00:00+09:30,lstm_residual,0.5321055731425691,1.5552816504549414,-1.0231760773123724
2014-04-11T16:00:00+09:30,lstm_residual,0.3600611140330641,0.7717700726367474,-0.41170895860368323
2014-04-11T17:00:00+09:30,lstm_residual,0.17930555933465633,0.19875897898151795,-0.01945341964686162
2014-04-12T08:00:00+09:30,lstm_residual,0.994700039426485,0.4280312374393125,0.5666688019871725
2014-04-12T09:00:00+09:30,lstm_residual,1.7796944479147585,1.1704382119997554,0.6092562359150031
2014-04-12T10:00:00+09:30,lstm_residual,1.3560499250888916,1.9549748444302244,-0.5989249193413329
2014-04-12T11:00:00+09:30,lstm_residual,1.7115222165981894,2.5426858962856542,-0.8311636796874649
2014-04-12T12:00:00+09:30,lstm_residual,2.1609443922837417,3.0873554506613696,-0.9264110583776279
2014-04-12T13:00:00+09:30,lstm_residual,2.1045332948366835,3.263022794787654,-1.1584894999509703
2014-04-12T14:00:00+09:30,lstm_residual,2.1232555210590416,2.928890559328047,-0.8056350382690054
2014-04-12T15:00:00+09:30,lstm_residual,1.5178777774175118,2.0180555636739497,-0.5001777862564378
2014-04-12T16:00:00+09:30,lstm_residual,1.1280888666709308,0.9070078866311408,0.22108098003978993
2014-04-12T17:00:00+09:30,lstm_residual,0.218811099727949,0.23390163248593054,-0.015090532757981556
2014-04-13T08:00:00+09:30,lstm_residual,1.5557944625616134,0.9814993974704384,0.574295065091175
2014-04-13T09:00:00+09:30,lstm_residual,2.575952728589383,2.160298698987127,0.41565402960225617
2014-04-13T10:00:00+09:30,lstm_residual,2.986063818136858,2.900428139839598,0.08563567829726004
2014-04-13T11:00:00+09:30,lstm_residual,3.7592833240826917,3.383380964863065,0.3759023592196269
2014-04-13T12:00:00+09:30,lstm_residual,4.2034778992335085,3.524498753266731,0.6789791459667773
2014-04-13T13:00:00+09:30,lstm_residual,4.139427761236825,3.2828935422520726,0.8565342189847525
2014-04-13T14:00:00+09:30,lstm_residual,3.7798946102460333,3.390996579218707,0.38889803102732623
2014-04-13T15:00:00+09:30,lstm_residual,3.1098443865776084,2.7250048622245284,0.38483952435308
2014-04-13T16:00:00+09:30,lstm_residual,1.8678055405616734,1.5138562253908754,0.353949315170798
2014-04-13T17:00:00+09:30,lstm_residual,0.17927222512662425,0.23208432212962737,-0.05281209700300313
2014-04-14T08:00:00+09:30,lstm_residual,1.6532944242159544,1.3384186939232288,0.31487573029272564
2014-04-14T09:00:00+09:30,lstm_residual,2.82211391131085,2.4820124858338426,0.3401014254770076
2014-04-14T10:00:00+09:30,lstm_residual,3.5724277695019997,3.148244136345014,0.4241836331569857
2014-04-14T11:00:00+09:30,lstm_residual,3.632155478000642,3.6281109706234997,0.004044507377142459
2014-04-14T12:00:00+09:30,lstm_residual,4.167555590470633,3.8662586306141717,0.30129695985646165
2014-04-14T13:00:00+09:30,lstm_residual,4.0059583187103245,3.943780711730969,0.06217760697935537
2014-04-14T14:00:00+09:30,lstm_residual,3.6913305719693503,3.5835551494033817,0.10777542256596861
2014-04-14T15:00:00+09:30,lstm_residual,3.0304444829622916,2.8272724707047834,0.20317201225750825
2014-04-14T16:00:00+09:30,lstm_residual,1.7751750101645882,1.660098811704977,0.11507619845961115
2014-04-14T17:00:00+09:30,lstm_residual,0.1626111033062136,0.1888555235463526,-0.02624442024013901
2014-04-15T08:00:00+09:30,lstm_residual,1.6115832875172351,1.4173048007036557,0.1942784868135794
2014-04-15T09:00:00+09:30,lstm_residual,2.7952056129773415,2.525561628001449,0.2696439849758927
2014-04-15T10:00:00+09:30,lstm_residual,3.485427816708875,3.256953576130617,0.2284742405782576
2014-04-15T11:00:00+09:30,lstm_residual,4.042394479115808,3.6942663822060497,0.34812809690975843
2014-04-15T12:00:00+09:30,lstm_residual,4.160472234090175,3.923863023591536,0.23660921049863903
2014-04-15T13:00:00+09:30,lstm_residual,4.022788902123758,3.8384536870089474,0.18433521511481077
2014-04-15T14:00:00+09:30,lstm_residual,3.6851997574170334,3.5942861870777096,0.09091357033932379
2014-04-15T15:00:00+09:30,lstm_residual,3.022033452987667,2.848750063309435,0.17328338967823198
2014-04-15T16:00:00+09:30,lstm_residual,1.7550777544577933,1.6383115462582452,0.1167662081995482
2014-04-15T17:00:00+09:30,lstm_residual,0.19160555365184925,0.19265335720545773,-0.0010478035536084784
2014-04-16T08:00:00+09:30,lstm_residual,1.5265833387772283,1.4035060859717312,0.12307725280549708
2014-04-16T09:00:00+09:30,lstm_residual,2.729361017545058,2.556640938524425,0.17272007902063313
2014-04-16T10:00:00+09:30,lstm_residual,3.4119834105174003,3.2720952384909165,0.13988817202648374
2014-04-16T11:00:00+09:30,lstm_residual,3.422077745199198,3.598841666819361,-0.17676392162016263
2014-04-16T12:00:00+09:30,lstm_residual,4.130683541297908,3.8768413733487748,0.2538421679491334
2014-04-16T13:00:00+09:30,lstm_residual,3.5479222337404916,3.7281575705227494,-0.18023533678225778
2014-04-16T14:00:00+09:30,lstm_residual,3.659744362036392,3.47757718869842,0.18216717333797172
2014-04-16T15:00:00+09:30,lstm_residual,3.0164388418197667,2.7962853099181704,0.22015353190159637
2014-04-16T16:00:00+09:30,lstm_residual,1.8589666138092584,1.642251090699943,0.2167155231093154
2014-04-16T17:00:00+09:30,lstm_residual,0.19565556384623084,0.20373988434307966,-0.008084320496848818
2014-04-17T08:00:00+09:30,lstm_residual,1.609311083952589,1.3370881177411331,0.2722229662114559
2014-04-17T09:00:00+09:30,lstm_residual,2.663227816422783,2.570601883136056,0.09262593328672697
2014-04-17T10:00:00+09:30,lstm_residual,3.4878444671630917,3.333081103856324,0.15476336330676776
2014-04-17T11:00:00+09:30,lstm_residual,3.9206668535868165,3.531004862598891,0.38966199098792575
2014-04-17T12:00:00+09:30,lstm_residual,4.03181676069895,3.9451588779719864,0.08665788272696373
2014-04-17T13:00:00+09:30,lstm_residual,3.940727949142442,3.7293896102233086,0.21133833891913323
2014-04-17T14:00:00+09:30,lstm_residual,3.607000052928925,3.4947593872121585,0.1122406657167665
2014-04-17T15:00:00+09:30,lstm_residual,2.9868111809094664,2.772840060711336,0.21397112019813047
2014-04-17T16:00:00+09:30,lstm_residual,1.8441166629393841,1.680186714673639,0.16392994826574525
2014-04-17T17:00:00+09:30,lstm_residual,0.20131111734857224,0.21038037654024488,-0.009069259191672646
2014-04-18T08:00:00+09:30,lstm_residual,1.6004111319780392,1.4765971119000252,0.12381402007801401
2014-04-18T09:00:00+09:30,lstm_residual,2.741111119588225,2.671203847934007,0.0699072716542184
2014-04-18T10:00:00+09:30,lstm_residual,3.4900055527687086,3.35529869038217,0.13470686238653862
2014-04-18T11:00:00+09:30,lstm_residual,3.9336111744244917,3.696794001438843,0.23681717298564875
2014-04-18T12:00:00+09:30,lstm_residual,4.06782774130505,3.928045823229834,0.13978191807521556
2014-04-18T13:00:00+09:30,lstm_residual,4.023305654525767,3.8521080799740886,0.17119757455167806
2014-04-18T14:00:00+09:30,lstm_residual,3.6545166373252918,3.5387658193397433,0.11575081798554843
2014-04-18T15:00:00+09:30,lstm_residual,2.9960110982259,2.8198544240391197,0.17615667418678038
2014-04-18T16:00:00+09:30,lstm_residual,1.84136112034321,1.6553586074391426,0.18600251290406744
2014-04-19T08:00:00+09:30,lstm_residual,1.5823944608370544,1.4929894615786337,0.08940499925842071
2014-04-19T09:00:00+09:30,lstm_residual,2.7105722427368164,2.69485041652284,0.015721826213976442
2014-04-19T10:00:00+09:30,lstm_residual,3.4578278064727748,3.3838193247482486,0.07400848172452612
2014-04-19T11:00:00+09:30,lstm_residual,3.886150042215983,3.7168942763536155,0.16925576586236746
2014-04-19T12:00:00+09:30,lstm_residual,4.011144518852242,3.9230322279533225,0.08811229089891937
2014-04-19T13:00:00+09:30,lstm_residual,3.9202723105748585,3.839270456517039,0.08100185405781968
2014-04-19T14:00:00+09:30,lstm_residual,3.5534276167551497,3.5299108966024115,0.023516720152738202
2014-04-19T15:00:00+09:30,lstm_residual,2.94347778956095,2.7645507830894767,0.17892700647147342
2014-04-19T16:00:00+09:30,lstm_residual,1.815811092654875,1.6209745723911653,0.19483652026370968
2014-04-20T08:00:00+09:30,lstm_residual,1.5331110556920324,1.3177606022832105,0.21535045340882197
2014-04-20T09:00:00+09:30,lstm_residual,2.6821110844612086,2.5190587144951713,0.16305236996603734
2014-04-20T10:00:00+09:30,lstm_residual,3.4063610037167913,3.2662055086802946,0.1401554950364967
2014-04-20T11:00:00+09:30,lstm_residual,3.497894426186883,3.6712303973818647,-0.17333597119498156
2014-04-20T12:00:00+09:30,lstm_residual,3.872344632943475,3.8040961619982974,0.06824847094517761
2014-04-20T13:00:00+09:30,lstm_residual,3.8509555657704664,3.8203642376964,0.030591328074066393
2014-04-20T14:00:00+09:30,lstm_residual,3.5399999618530416,3.502405371141312,0.03759459071172966
2014-04-20T15:00:00+09:30,lstm_residual,2.888699988524125,2.7381557907188725,0.15054419780525263
2014-04-20T16:00:00+09:30,lstm_residual,1.8175055483977,1.5562581862846456,0.26124736211305444
2014-04-21T08:00:00+09:30,lstm_residual,1.4443944642941224,1.3368051141737929,0.10758935012032955
2014-04-21T09:00:00+09:30,lstm_residual,2.627444446086883,2.5824859995877043,0.044958446499178795
2014-04-21T10:00:00+09:30,lstm_residual,3.3711665272712668,3.2838311645465788,0.087335362724688
2014-04-21T11:00:00+09:30,lstm_residual,3.7281333208084,3.6082101201078323,0.11992320070056772
2014-04-21T12:00:00+09:30,lstm_residual,3.930105606714875,3.8054476335455303,0.12465797316934468
2014-04-21T13:00:00+09:30,lstm_residual,3.8193332751591917,3.7293515008973106,0.08998177426188114
2014-04-21T14:00:00+09:30,lstm_residual,3.434527873992908,3.4453621715610394,-0.010834297568131479
2014-04-21T15:00:00+09:30,lstm_residual,2.848922292391467,2.6649175501888527,0.1840047422026143
2014-04-21T16:00:00+09:30,lstm_residual,1.7692222346862125,1.494698681210482,0.27452355347573043
2014-04-22T08:00:00+09:30,lstm_residual,1.4482278078794533,1.259068855200407,0.18915895267904625
2014-04-22T09:00:00+09:30,lstm_residual,2.59522223472595,2.4611389464929996,0.13408328823295035
2014-04-22T10:00:00+09:30,lstm_residual,3.257983326911925,3.1749492172010454,0.08303410971087954
2014-04-22T11:00:00+09:30,lstm_residual,3.6836054921150247,3.6076056510997114,0.07599984101531332
2014-04-22T12:00:00+09:30,lstm_residual,3.9074834187825496,3.734737699487661,0.17274571929488847
2014-04-22T13:00:00+09:30,lstm_residual,3.784638941287992,3.621203867117058,0.16343507417093406
2014-04-22T14:00:00+09:30,lstm_residual,3.4323944846789085,3.3623791247831005,0.07001535989580798
2014-04-22T15:00:00+09:30,lstm_residual,2.8331833283106413,2.612334486605249,0.2208488417053922
2014-04-22T16:00:00+09:30,lstm_residual,1.7622975707054265,1.4404501185945913,0.3218474521108352
2014-04-23T08:00:00+09:30,lstm_residual,1.4528166577219916,1.1675721620897033,0.2852444956322884
2014-04-23T09:00:00+09:30,lstm_residual,2.6406832734743753,2.34876571241527,0.29191756105910516
2014-04-23T10:00:00+09:30,lstm_residual,3.3392694791157997,3.0770612446133168,0.262208234502483
2014-04-23T11:00:00+09:30,lstm_residual,3.7053805390993664,3.450669221259818,0.25471131783954837
2014-04-23T12:00:00+09:30,lstm_residual,3.8537055055300335,3.63393485609231,0.21977064943772362
2014-04-23T13:00:00+09:30,lstm_residual,3.7409944931665913,3.5706801939372657,0.17031429922932562
2014-04-23T14:00:00+09:30,lstm_residual,3.4644694725672416,3.22463521446997,0.23983425809727166
2014-04-23T15:00:00+09:30,lstm_residual,2.80254993836085,2.532224375813371,0.27032556254747897
2014-04-23T16:00:00+09:30,lstm_residual,1.7776499738295877,1.3821958420870115,0.39545413174257615
2014-04-24T08:00:00+09:30,lstm_residual,1.3860222597916916,1.263240436031624,0.12278182376006752
2014-04-24T09:00:00+09:30,lstm_residual,2.58444728453955,2.520820170969782,0.06362711356976813
2014-04-24T10:00:00+09:30,lstm_residual,3.330861131350208,3.225267617198214,0.10559351415199414
2014-04-24T11:00:00+09:30,lstm_residual,3.7180946469307083,3.620770837835266,0.09732380909544247
2014-04-24T12:00:00+09:30,lstm_residual,3.7257305383682335,3.8376823157771494,-0.11195177740891582
2014-04-24T13:00:00+09:30,lstm_residual,3.7332223653793335,3.7301791268953317,0.0030432384840017868
2014-04-24T14:00:00+09:30,lstm_residual,3.3914389212926253,3.373164665489886,0.018274255802739336
2014-04-24T15:00:00+09:30,lstm_residual,2.7697916428248166,2.6685929369537944,0.1011987058710222
2014-04-24T16:00:00+09:30,lstm_residual,1.7305166125297424,1.48664438472363,0.2438722278061125
2014-04-25T08:00:00+09:30,lstm_residual,1.3977556005120182,1.2079707293150597,0.18978487119695853
2014-04-25T09:00:00+09:30,lstm_residual,2.59583338101705,2.536947423787737,0.058885957229313224
2014-04-25T10:00:00+09:30,lstm_residual,3.2946056127548164,3.1793183219576364,0.11528729079718003
2014-04-25T11:00:00+09:30,lstm_residual,3.6752332846323665,3.6736150386659925,0.0016182459663740545
2014-04-25T12:00:00+09:30,lstm_residual,3.828788638114925,3.83448122613856,-0.005692588023634926
2014-04-25T13:00:00+09:30,lstm_residual,3.6920666495959,3.694138741521517,-0.002072091925617414
2014-04-25T14:00:00+09:30,lstm_residual,3.3899166981379167,3.3377088114279805,0.05220788670993626
2014-04-25T15:00:00+09:30,lstm_residual,2.7622999946276416,2.6211978195817975,0.1411021750458441
2014-04-25T16:00:00+09:30,lstm_residual,1.7199833939472684,1.4454899018762544,0.27449349207101403
2014-04-26T08:00:00+09:30,lstm_residual,1.3355444620052968,1.3017295595540816,0.0338149024512151
2014-04-26T09:00:00+09:30,lstm_residual,2.6303110718727,2.4911325840075493,0.13917848786515075
2014-04-26T10:00:00+09:30,lstm_residual,3.0045611461003503,3.134459292198707,-0.12989814609835681
2014-04-26T11:00:00+09:30,lstm_residual,3.5612885951995747,3.591795994571956,-0.03050739937238145
2014-04-26T12:00:00+09:30,lstm_residual,3.7306722998619004,3.7490806183838368,-0.018408318521936362
2014-04-26T13:00:00+09:30,lstm_residual,3.664238790671033,3.5556183414118863,0.10862044925914693
2014-04-26T14:00:00+09:30,lstm_residual,3.324050168196375,3.1780601929907384,0.14598997520563683
2014-04-26T15:00:00+09:30,lstm_residual,2.6836722493171585,2.2647845613681654,0.4188876879489931
2014-04-26T16:00:00+09:30,lstm_residual,1.649883329868319,1.2549876669961244,0.3948956628721947
2014-04-27T08:00:00+09:30,lstm_residual,1.3830583592255998,1.2094355437447484,0.17362281548085146
2014-04-27T09:00:00+09:30,lstm_residual,2.521625061829883,2.4759855247369855,0.0456395370928977
2014-04-27T10:00:00+09:30,lstm_residual,3.2339749932289164,3.0147538551350044,0.21922113809391197
2014-04-27T11:00:00+09:30,lstm_residual,3.6286694208780834,3.5273151942639784,0.10135422661410498
2014-04-27T12:00:00+09:30,lstm_residual,3.6451916495959,3.711903609729809,-0.06671196013390901
2014-04-27T13:00:00+09:30,lstm_residual,3.4764917890230915,3.5648291391229385,-0.088337350099847
2014-04-27T14:00:00+09:30,lstm_residual,3.1712638537089166,3.1939606815457013,-0.022696827836784728
2014-04-27T15:00:00+09:30,lstm_residual,2.6177777051925584,2.4578924569680796,0.1598852482244788
2014-04-27T16:00:00+09:30,lstm_residual,1.5756944666306298,1.237317345584182,0.3383771210464479
2014-04-28T08:00:00+09:30,lstm_residual,1.3599555715918468,1.0720057571072692,0.28794981448457757
2014-04-28T09:00:00+09:30,lstm_residual,2.1194861034552166,2.2402180139005226,-0.12073191044530596
2014-04-28T10:00:00+09:30,lstm_residual,3.12906392415365,2.9109099135088523,0.21815401064479767
2014-04-28T11:00:00+09:30,lstm_residual,3.58535289764405,3.2892458928986574,0.29610700474539264
2014-04-28T12:00:00+09:30,lstm_residual,3.716374993324267,3.373487227839048,0.34288776548521893
2014-04-28T13:00:00+09:30,lstm_residual,3.174730569124217,3.120675083409649,0.054055485714568086
2014-04-28T14:00:00+09:30,lstm_residual,2.8132611215114465,2.9718335020744955,-0.158572380563049
2014-04-28T15:00:00+09:30,lstm_residual,2.5745944579442415,2.016474417580742,0.5581200403634994
2014-04-28T16:00:00+09:30,lstm_residual,1.504911114772165,1.0942207281605665,0.4106903866115985
2014-04-29T08:00:00+09:30,lstm_residual,1.2127111256122625,1.100097767655493,0.11261335795676941
2014-04-29T09:00:00+09:30,lstm_residual,1.4203221648931459,2.123230703801817,-0.7029085389086713
2014-04-29T10:00:00+09:30,lstm_residual,1.4056166609128333,2.894138786004513,-1.4885221250916796
2014-04-29T11:00:00+09:30,lstm_residual,3.3428611358007085,3.1783270217682773,0.16453411403243123
2014-04-29T12:00:00+09:30,lstm_residual,3.5414277513821912,3.444529740402515,0.09689801097967621
2014-04-29T13:00:00+09:30,lstm_residual,3.5162111123403004,3.009718344105188,0.5064927682351126
2014-04-29T14:00:00+09:30,lstm_residual,2.8202999631563834,2.6346779974529224,0.185621965703461
2014-04-29T15:00:00+09:30,lstm_residual,1.63980004439751,1.617147345998403,0.022652698399107107
2014-04-29T16:00:00+09:30,lstm_residual,0.14738889740935074,0.6817331793849665,-0.5343442819756157
2014-04-30T08:00:00+09:30,lstm_residual,1.2730499605337742,0.2677538990122035,1.0052960615215707
2014-04-30T09:00:00+09:30,lstm_residual,2.272438844044992,1.00780271641689,1.264636127628102
2014-04-30T10:00:00+09:30,lstm_residual,1.904030531644808,2.0773963233590624,-0.17336579171425437
2014-04-30T11:00:00+09:30,lstm_residual,2.165677795807517,3.2171949208832338,-1.051517125075717
2014-04-30T12:00:00+09:30,lstm_residual,1.5528471767902416,3.705946091792166,-2.153098915001924
2014-04-30T13:00:00+09:30,lstm_residual,1.0433471997578891,4.044201406369314,-3.000854206611425
2014-04-30T14:00:00+09:30,lstm_residual,0.8218916902939467,3.9039134549478534,-3.0820217646539065
2014-04-30T15:00:00+09:30,lstm_residual,0.42479164401690334,2.438935672298392,-2.0141440282814886
2014-04-30T16:00:00+09:30,lstm_residual,0.24352778866887,1.104681833643657,-0.861154044974787
2014-05-01T08:00:00+09:30,lstm_residual,0.8484833513697,0.2167291193346067,0.6317542320350933
2014-05-01T09:00:00+09:30,lstm_residual,1.2207054942846225,0.944603813296315,0.27610168098830745
2014-05-01T10:00:00+09:30,lstm_residual,1.5266000231107082,1.8331672499621234,-0.30656722685141524
2014-05-01T11:00:00+09:30,lstm_residual,1.8812832931677583,2.3350759913866628,-0.45379269821890444
2014-05-01T12:00:00+09:30,lstm_residual,3.8568221330642665,2.6906009652677296,1.1662211677965368
2014-05-01T13:00:00+09:30,lstm_residual,3.537738859653467,2.894087386516902,0.6436514731365652
2014-05-01T14:00:00+09:30,lstm_residual,3.4273778597514,2.896152811768528,0.5312250479828724
2014-05-01T15:00:00+09:30,lstm_residual,2.794511040051775,2.0495113431287195,0.7449996969230557
2014-05-01T16:00:00+09:30,lstm_residual,1.6412277817726182,0.8006755855751859,0.8405521961974323
2014-05-02T08:00:00+09:30,lstm_residual,1.3871166271468052,1.1356232242782218,0.25149340286858335
2014-05-02T09:00:00+09:30,lstm_residual,2.65727216005325,2.441047977140653,0.21622418291259704
2014-05-02T10:00:00+09:30,lstm_residual,3.3170777956644666,3.1826296070605764,0.13444818860389018
2014-05-02T11:00:00+09:30,lstm_residual,3.4203555782636084,3.565068266522392,-0.14471268825878347
2014-05-02T12:00:00+09:30,lstm_residual,3.632572233676916,3.843708399190006,-0.21113616551308967
2014-05-02T13:00:00+09:30,lstm_residual,3.8039833704630417,3.5874258682092055,0.2165575022538362
2014-05-02T14:00:00+09:30,lstm_residual,3.440677841504417,3.35135775129968,0.08932009020473686
2014-05-02T15:00:00+09:30,lstm_residual,2.7888276775678,2.5749508089796755,0.2138768685881245
2014-05-02T16:00:00+09:30,lstm_residual,1.6104000260432632,1.4032216907802249,0.2071783352630383
2014-05-03T08:00:00+09:30,lstm_residual,1.38922774791718,1.2861176562080197,0.1031100917091603
2014-05-03T09:00:00+09:30,lstm_residual,2.7128944595654754,2.5630714208970646,0.14982303866841074
2014-05-03T10:00:00+09:30,lstm_residual,3.5112110575040245,3.254283167160515,0.2569278903435097
2014-05-03T11:00:00+09:30,lstm_residual,3.9495278199513755,3.5905990995466492,0.35892872040472623
2014-05-03T12:00:00+09:30,lstm_residual,4.084551970163983,3.8533173688034843,0.2312346013604989
2014-05-03T13:00:00+09:30,lstm_residual,3.9369806845982915,3.7923333054257187,0.14464737917257287
2014-05-03T14:00:00+09:30,lstm_residual,3.5441723267237335,3.34844428132768,0.19572804539605348
2014-05-03T15:00:00+09:30,lstm_residual,2.876311143239333,2.6206389752941455,0.25567216794518766
2014-05-03T16:00:00+09:30,lstm_residual,1.6692805588245447,1.4427806103759528,0.2264999484485919
2014-05-04T08:00:00+09:30,lstm_residual,1.3669250272214508,1.2566602597020462,0.11026476751940462
2014-05-04T09:00:00+09:30,lstm_residual,2.6072111527125084,2.423982229993223,0.18322892271928515
2014-05-04T10:00:00+09:30,lstm_residual,2.6088221619526544,3.254889972337538,-0.6460678103848836
2014-05-04T11:00:00+09:30,lstm_residual,2.855780720710753,3.582086958660663,-0.7263062379499101
2014-05-04T12:00:00+09:30,lstm_residual,3.9484305779139333,3.874421029283039,0.07400954863089426
2014-05-04T13:00:00+09:30,lstm_residual,3.257163892189658,3.828033070536027,-0.5708691783463689
2014-05-04T14:00:00+09:30,lstm_residual,3.5084555745124835,3.475228281713352,0.03322729279913128
2014-05-04T15:00:00+09:30,lstm_residual,2.6212332844734165,2.72015962068385,-0.09892633621043334
2014-05-04T16:00:00+09:30,lstm_residual,1.62800560394923,1.2506553013226351,0.37735030262659497
2014-05-05T08:00:00+09:30,lstm_residual,1.4139500012000266,1.2928574883325232,0.12109251286750333
2014-05-05T09:00:00+09:30,lstm_residual,2.5903112292289667,2.5242553823600646,0.06605584686890209
2014-05-05T10:00:00+09:30,lstm_residual,3.2786445021629333,3.1660960224184893,0.11254847974444404
2014-05-05T11:00:00+09:30,lstm_residual,3.6844833691914918,3.561642801305092,0.12284056788639974
2014-05-05T12:00:00+09:30,lstm_residual,3.8767778476079253,3.9028041350387213,-0.026026287430795936
2014-05-05T13:00:00+09:30,lstm_residual,3.6811890403429586,3.655442223670657,0.02574681667230161
2014-05-05T14:00:00+09:30,lstm_residual,3.485555708408358,3.4217003129949575,0.06385539541340046
2014-05-05T15:00:00+09:30,lstm_residual,2.7892055114110335,2.649576870784368,0.13962864062666558
2014-05-05T16:00:00+09:30,lstm_residual,1.4698527380824018,1.4335812678035922,0.036271470278809614
2014-05-06T08:00:00+09:30,lstm_residual,0.9932166511813793,1.1582569056715566,-0.16504025449017734
2014-05-06T09:00:00+09:30,lstm_residual,2.5010777115821834,2.417627550129178,0.08345016145300521
2014-05-06T10:00:00+09:30,lstm_residual,3.2290055354436333,3.202943604620614,0.02606193082301944
2014-05-06T11:00:00+09:30,lstm_residual,3.0770167013009417,3.564701345428188,-0.48768464412724644
2014-05-06T12:00:00+09:30,lstm_residual,2.868972222010292,3.726502556553166,-0.8575303345428744
2014-05-06T13:00:00+09:30,lstm_residual,2.887144565582275,3.5910690360398574,-0.7039244704575824
2014-05-06T14:00:00+09:30,lstm_residual,2.2167721887429583,2.9937040032641553,-0.776931814521197
2014-05-06T15:00:00+09:30,lstm_residual,1.2030277897914141,2.3885936086783506,-1.1855658188869365
2014-05-06T16:00:00+09:30,lstm_residual,1.312566652894015,1.174194792130439,0.138371860763576
2014-05-07T08:00:00+09:30,lstm_residual,1.3431277784208326,1.0037604867205736,0.33936729170025903
2014-05-07T09:00:00+09:30,lstm_residual,2.5650611321131502,2.3710324310294046,0.1940287010837456
2014-05-07T10:00:00+09:30,lstm_residual,3.2602777878443416,3.1426748062075625,0.11760298163677918
2014-05-07T11:00:00+09:30,lstm_residual,3.69595555464425,3.385392951230446,0.31056260341380426
2014-05-07T12:00:00+09:30,lstm_residual,3.8464887738228,3.5430563407082283,0.3034324331145717
2014-05-07T13:00:00+09:30,lstm_residual,3.743627746899925,3.4672939258317252,0.2763338210681998
2014-05-07T14:00:00+09:30,lstm_residual,3.3880165815353416,3.173397195179422,0.2146193863559196
2014-05-07T15:00:00+09:30,lstm_residual,2.7256555557250834,2.5319135651319398,0.19374199059314368
2014-05-07T16:00:00+09:30,lstm_residual,1.5338444958130533,1.2845393456268417,0.24930515018621158
2014-05-08T08:00:00+09:30,lstm_residual,1.3880444491902926,1.2271408844221465,0.16090356476814605
2014-05-08T09:00:00+09:30,lstm_residual,2.400966733694083,2.5020217247123457,-0.10105499101826254
2014-05-08T10:00:00+09:30,lstm_residual,3.1493390003840163,3.229484928360285,-0.08014592797626863
2014-05-08T11:00:00+09:30,lstm_residual,3.6783998608589,3.6812062361022932,-0.002806375243393333
2014-05-08T12:00:00+09:30,lstm_residual,3.8345027764638338,3.867452523053988,-0.03294974659015404
2014-05-08T13:00:00+09:30,lstm_residual,3.67773046096165,3.8004245915646506,-0.1226941306030005
2014-05-08T14:00:00+09:30,lstm_residual,3.240416705608375,3.3948469753041226,-0.15443026969574758
2014-05-08T15:00:00+09:30,lstm_residual,2.756180504957833,2.351496159578944,0.4046843453788891
2014-05-08T16:00:00+09:30,lstm_residual,1.3995694518089417,1.28001758816185,0.11955186364709158
2014-05-09T08:00:00+09:30,lstm_residual,1.2776916672786058,1.1183494543767414,0.15934221290186446
2014-05-09T09:00:00+09:30,lstm_residual,2.55741943915685,2.2392117665093947,0.3182076726474552
2014-05-09T10:00:00+09:30,lstm_residual,3.190566738446558,2.9642286915696765,0.22633804687688164
2014-05-09T11:00:00+09:30,lstm_residual,2.687133342027675,3.394214116942377,-0.7070807749147021
2014-05-09T12:00:00+09:30,lstm_residual,2.6784750123818752,3.4542905444410206,-0.7758155320591453
2014-05-09T13:00:00+09:30,lstm_residual,3.404566685358683,3.4933293119812294,-0.0887626266225463
2014-05-09T14:00:00+09:30,lstm_residual,2.833544472853333,3.2148422441036653,-0.38129777125033204
2014-05-09T15:00:00+09:30,lstm_residual,2.5805805027484916,2.4504976327675605,0.1300828699809311
2014-05-09T16:00:00+09:30,lstm_residual,1.3653917138775284,1.165199037746055,0.2001926761314734
2014-05-10T08:00:00+09:30,lstm_residual,0.31904441490769336,0.741602166634709,-0.42255775172701565
2014-05-10T09:00:00+09:30,lstm_residual,0.98979440331459,1.9453182102486624,-0.9555238069340724
2014-05-10T10:00:00+09:30,lstm_residual,1.8039527833461717,2.745970471218795,-0.9420176878726232
2014-05-10T11:00:00+09:30,lstm_residual,2.6390857696533168,3.0186243493912785,-0.3795385797379618
2014-05-10T12:00:00+09:30,lstm_residual,2.98361108700435,3.153419973183529,-0.16980888617917866
2014-05-10T13:00:00+09:30,lstm_residual,2.8788055578867584,2.93044284464629,-0.05163728675953161
2014-05-10T14:00:00+09:30,lstm_residual,2.563550005356475,1.8928242057156206,0.6707257996408544
2014-05-10T15:00:00+09:30,lstm_residual,1.6710333228111331,1.3048980572290931,0.36613526558204
2014-05-10T16:00:00+09:30,lstm_residual,0.9952777698636033,0.5696264769323466,0.4256512929312567
2014-05-11T08:00:00+09:30,lstm_residual,1.0417888984084176,0.8883593935933868,0.15342950481503081
2014-05-11T09:00:00+09:30,lstm_residual,2.1225444078445417,2.166385773623083,-0.04384136577854125
2014-05-11T10:00:00+09:30,lstm_residual,2.9135222633679585,2.8990785436193973,0.014443719748561179
2014-05-11T11:00:00+09:30,lstm_residual,3.0781165510415973,3.3703682385209364,-0.29225168747933905
2014-05-11T12:00:00+09:30,lstm_residual,3.73427242040635,3.382045565998711,0.3522268544076388
2014-05-11T13:00:00+09:30,lstm_residual,3.319294432799017,3.1121437251448385,0.2071507076541783
2014-05-11T14:00:00+09:30,lstm_residual,2.897561103105547,2.878492082622407,0.01906902048313963
2014-05-11T15:00:00+09:30,lstm_residual,2.7662333250045834,2.1955263618430227,0.5707069631615607
2014-05-11T16:00:00+09:30,lstm_residual,1.5258166640996933,0.9145392568150699,0.6112774072846234
2014-05-12T08:00:00+09:30,lstm_residual,0.35067222267389164,0.9402592073576426,-0.5895869846837509
2014-05-12T09:00:00+09:30,lstm_residual,0.7911166772246375,2.109557184298736,-1.3184405070740985
2014-05-12T10:00:00+09:30,lstm_residual,1.4127666552861493,2.82984347869053,-1.417076823404381
2014-05-12T11:00:00+09:30,lstm_residual,0.9799610972404483,3.1333197123233982,-2.15335861508295
2014-05-12T12:00:00+09:30,lstm_residual,0.7341833412647208,3.616139719712325,-2.881956378447604
2014-05-12T13:00:00+09:30,lstm_residual,0.6374333252509442,3.3343701721795864,-2.6969368469286423
2014-05-12T14:00:00+09:30,lstm_residual,0.9146777739127475,2.311556234210773,-1.3968784602980255
2014-05-12T15:00:00+09:30,lstm_residual,1.035238891839979,1.2120936684074604,-0.17685477656748128
2014-05-12T16:00:00+09:30,lstm_residual,0.3693833152453108,0.6590827654394896,-0.2896994501941788
2014-05-13T08:00:00+09:30,lstm_residual,1.228505566716186,0.5118361185223117,0.7166694481938742
2014-05-13T09:00:00+09:30,lstm_residual,2.466594358285275,1.2394023635560716,1.2271919947292034
2014-05-13T10:00:00+09:30,lstm_residual,3.0484666029612164,2.260755086119383,0.7877115168418336
2014-05-13T11:00:00+09:30,lstm_residual,3.5557447274526,2.5796746859862467,0.9760700414663535
2014-05-13T12:00:00+09:30,lstm_residual,3.692447205384583,2.8593353452110684,0.8331118601735148
2014-05-13T13:00:00+09:30,lstm_residual,3.6102667649586917,2.682635835099273,0.9276309298594185
2014-05-13T14:00:00+09:30,lstm_residual,3.2585529088973835,3.0218587834429473,0.23669412545443613
2014-05-13T15:00:00+09:30,lstm_residual,2.6155555446942667,2.3938550973055017,0.22170044738876493
2014-05-13T16:00:00+09:30,lstm_residual,1.4400111660361183,0.975830908354103,0.4641802576820153
2014-05-14T08:00:00+09:30,lstm_residual,1.2616527825593924,1.116190207645023,0.14546257491436942
2014-05-14T09:00:00+09:30,lstm_residual,2.456738829612717,2.3926295905472745,0.0641092390654423
2014-05-14T10:00:00+09:30,lstm_residual,3.160697281360625,3.0607058976365145,0.09999138372411043
2014-05-14T11:00:00+09:30,lstm_residual,3.5628555814425167,3.382438265846977,0.18041731559553975
2014-05-14T12:00:00+09:30,lstm_residual,3.683527847131075,3.685201076048991,-0.001673228917915992
2014-05-14T13:00:00+09:30,lstm_residual,3.6135000387827585,3.450612843182642,0.16288719560011655
2014-05-14T14:00:00+09:30,lstm_residual,3.2905278205871746,3.065568080186318,0.22495974040085676
2014-05-14T15:00:00+09:30,lstm_residual,2.6271639267603417,2.286732208243646,0.3404317185166956
2014-05-14T16:00:00+09:30,lstm_residual,1.4407333259781165,1.0559605901530025,0.38477273582511407
2014-05-15T08:00:00+09:30,lstm_residual,1.2556555693348266,1.2011078295814042,0.05454773975342242
2014-05-15T09:00:00+09:30,lstm_residual,2.4473276734352,2.4695323989240596,-0.022204725488859545
2014-05-15T10:00:00+09:30,lstm_residual,3.153911133607225,3.2031152124375883,-0.04920407883036315
2014-05-15T11:00:00+09:30,lstm_residual,3.5917167464892166,3.628664762504857,-0.03694801601564057
2014-05-15T12:00:00+09:30,lstm_residual,3.7364995479583833,3.7919494184954945,-0.055449870537111146
2014-05-15T13:00:00+09:30,lstm_residual,3.3811778624852415,3.5832380470988627,-0.20206018461362119
2014-05-15T14:00:00+09:30,lstm_residual,3.059072126944867,3.1690030479944844,-0.10993092104961733
2014-05-15T15:00:00+09:30,lstm_residual,2.5829444527625918,2.3912272115320645,0.19171724123052725
2014-05-15T16:00:00+09:30,lstm_residual,1.3980555037657492,1.0707859550303314,0.3272695487354178
2014-05-16T08:00:00+09:30,lstm_residual,1.1261666665474508,1.0901664623029523,0.03600020424449846
2014-05-16T09:00:00+09:30,lstm_residual,2.237888773282375,2.388893827318107,-0.15100505403573194
2014-05-16T10:00:00+09:30,lstm_residual,3.032983382542925,3.116339716536471,-0.08335633399354592
2014-05-16T11:00:00+09:30,lstm_residual,3.3698165416717583,3.6262452436079085,-0.2564287019361502
2014-05-16T12:00:00+09:30,lstm_residual,3.1971944173177165,3.8190877059608925,-0.6218932886431761
2014-05-16T13:00:00+09:30,lstm_residual,2.945872167746225,3.627450831686277,-0.6815786639400518
2014-05-16T14:00:00+09:30,lstm_residual,2.8783945043881833,2.908057671706143,-0.029663167317959704
2014-05-16T15:00:00+09:30,lstm_residual,1.8418610890706317,2.1541182437392568,-0.312257154668625
2014-05-16T16:00:00+09:30,lstm_residual,1.2223666720092392,1.0023869836956418,0.21997968831359738
2014-05-17T08:00:00+09:30,lstm_residual,0.9795111318429283,0.8852831524662442,0.09422797937668403
2014-05-17T09:00:00+09:30,lstm_residual,1.944388975699736,2.014926061176646,-0.07053708547691007
2014-05-17T10:00:00+09:30,lstm_residual,2.3216834068298335,2.787709132362919,-0.4660257255330853
2014-05-17T11:00:00+09:30,lstm_residual,2.104996810356775,3.202120615572349,-1.097123805215574
2014-05-17T12:00:00+09:30,lstm_residual,1.5636000285546008,3.170757885497522,-1.6071578569429212
2014-05-17T13:00:00+09:30,lstm_residual,2.2306444247563753,3.001397247277169,-0.7707528225207936
2014-05-17T14:00:00+09:30,lstm_residual,1.3996638854344752,2.590727882871592,-1.1910639974371169
2014-05-17T15:00:00+09:30,lstm_residual,1.088572219014179,1.7950802426834458,-0.7065080236692667
2014-05-17T16:00:00+09:30,lstm_residual,0.6142499968409533,0.7550737979113046,-0.1408238010703513
2014-05-18T08:00:00+09:30,lstm_residual,1.354786078135179,0.8414723423895599,0.5133137357456191
2014-05-18T09:00:00+09:30,lstm_residual,2.1267972389856915,2.1169668695575803,0.009830369428111219
2014-05-18T10:00:00+09:30,lstm_residual,2.9364305138588,2.6876055865040707,0.24882492735472939
2014-05-18T11:00:00+09:30,lstm_residual,3.457824985186267,3.0651384350808213,0.3926865501054455
2014-05-18T12:00:00+09:30,lstm_residual,3.4045166373252918,3.3046078746430303,0.09990876268226145
2014-05-18T13:00:00+09:30,lstm_residual,3.0722749829292333,3.082192345696427,-0.009917362767193794
2014-05-18T14:00:00+09:30,lstm_residual,2.850424955288575,2.9933120667760087,-0.1428871114874335
2014-05-18T15:00:00+09:30,lstm_residual,2.178386077284809,2.1742177759954866,0.004168301289322329
2014-05-18T16:00:00+09:30,lstm_residual,0.9053166409333575,0.8686671458381251,0.03664949509523241
2014-05-19T08:00:00+09:30,lstm_residual,0.3233722324172658,0.8943313215114825,-0.5709590890942167
2014-05-19T09:00:00+09:30,lstm_residual,0.7263277669747691,2.0615154889884963,-1.3351877220137274
2014-05-19T10:00:00+09:30,lstm_residual,1.0484277407328284,2.8671080206735273,-1.818680279940699
2014-05-19T11:00:00+09:30,lstm_residual,1.43751667936645,3.200761813902915,-1.7632451345364648
2014-05-19T12:00:00+09:30,lstm_residual,1.3372555971145583,2.9611219831461617,-1.6238663860316034
2014-05-19T13:00:00+09:30,lstm_residual,1.1640833119551441,2.921187075913876,-1.7571037639587317
2014-05-19T14:00:00+09:30,lstm_residual,0.8421610991160066,1.8671020147193653,-1.0249409156033589
2014-05-19T15:00:00+09:30,lstm_residual,0.47043887774149584,0.9471015401480922,-0.4766626624065964
2014-05-19T16:00:00+09:30,lstm_residual,0.29316111529866834,0.24194272191606114,0.0512183933826072
2014-05-20T08:00:00+09:30,lstm_residual,1.2131666764616942,0.43007236089319045,0.7830943155685037
2014-05-20T09:00:00+09:30,lstm_residual,2.355738927920658,1.3878334047008132,0.967905523219845
2014-05-20T10:00:00+09:30,lstm_residual,2.9565666317939834,2.035951652779948,0.9206149790140352
2014-05-20T11:00:00+09:30,lstm_residual,3.442350029945375,2.5523408092770996,0.8900092206682753
2014-05-20T12:00:00+09:30,lstm_residual,3.5779945055643583,2.5421096697183314,1.0358848358460269
2014-05-20T13:00:00+09:30,lstm_residual,3.4908166329065917,3.0508792240744755,0.4399374088321162
2014-05-20T14:00:00+09:30,lstm_residual,3.131155610084525,3.0642935870591606,0.06686202302536426
2014-05-20T15:00:00+09:30,lstm_residual,2.5167333285013833,2.342216589006854,0.17451673949452928
2014-05-20T16:00:00+09:30,lstm_residual,1.3475055322051066,0.8310690887874311,0.5164364434176755
2014-05-21T08:00:00+09:30,lstm_residual,1.1763333330551793,0.9988730477410068,0.17746028531417246
2014-05-21T09:00:00+09:30,lstm_residual,2.353088855743408,2.2417543638064723,0.1113344919369359
2014-05-21T10:00:00+09:30,lstm_residual,3.0387386878331504,2.9328766890391647,0.10586199879398572
2014-05-21T11:00:00+09:30,lstm_residual,3.4398446281750914,3.450571691986178,-0.01072706381108679
2014-05-21T12:00:00+09:30,lstm_residual,3.582849979400642,3.6336836834816326,-0.05083370408099075
2014-05-21T13:00:00+09:30,lstm_residual,3.3700445393721417,3.4848719588122665,-0.11482741944012487
2014-05-21T14:00:00+09:30,lstm_residual,2.3305610915025134,2.983727972510727,-0.6531668810082136
2014-05-21T15:00:00+09:30,lstm_residual,0.8873610943555824,2.161461552115192,-1.2741004577596096
2014-05-21T16:00:00+09:30,lstm_residual,0.3712111028532217,0.8951691796669015,-0.5239580768136798
2014-05-22T08:00:00+09:30,lstm_residual,0.04954722228770492,0.4628390635148776,-0.41329184122717266
2014-05-22T09:00:00+09:30,lstm_residual,0.6092444459597275,1.5409673883748756,-0.9317229424151481
2014-05-22T10:00:00+09:30,lstm_residual,0.5564888790249783,2.338177698466321,-1.7816888194413427
2014-05-22T11:00:00+09:30,lstm_residual,1.6615000615517292,2.5754588895726656,-0.9139588280209363
2014-05-22T12:00:00+09:30,lstm_residual,0.5951499690612166,2.4585835509733367,-1.86343358191212
2014-05-22T13:00:00+09:30,lstm_residual,2.0754389266173083,1.477999504368844,0.5974394222484642
2014-05-22T14:00:00+09:30,lstm_residual,3.2186278899510916,0.6805299792878128,2.5380979106632786
2014-05-22T15:00:00+09:30,lstm_residual,2.5395832856496168,0.7676543428791139,1.771928942770503
2014-05-22T16:00:00+09:30,lstm_residual,1.3416222209731716,0.17026025653775523,1.1713619644354165
2014-05-23T08:00:00+09:30,lstm_residual,1.210222202042736,0.4461128083004806,0.7641093937422554
2014-05-23T09:00:00+09:30,lstm_residual,2.3838471372922334,1.474084620448032,0.9097625168442014
2014-05-23T10:00:00+09:30,lstm_residual,3.080216646194458,2.226019966145245,0.8541966800492129
2014-05-23T11:00:00+09:30,lstm_residual,3.4736887216567918,2.687981908605728,0.7857068130510636
2014-05-24T14:00:00+09:30,lstm_residual,3.206733445326492,3.0314389566314883,0.17529448869500364
2014-05-24T15:00:00+09:30,lstm_residual,2.5517999331156416,2.443877658760446,0.10792227435519575
2014-05-24T16:00:00+09:30,lstm_residual,1.280844456205766,1.16612116128321,0.11472329492255584
2014-05-25T08:00:00+09:30,lstm_residual,1.2694444010655208,1.029895961592767,0.23954843947275384
2014-05-25T09:00:00+09:30,lstm_residual,2.400461127360675,2.2230503598536915,0.17741076750698337
2014-05-25T10:00:00+09:30,lstm_residual,3.0943443973859335,2.9673718264705733,0.12697257091536018
2014-05-25T11:00:00+09:30,lstm_residual,3.454727868239083,3.3857692068612573,0.06895866137782569
2014-05-25T12:00:00+09:30,lstm_residual,3.538733323415125,3.518103919574335,0.02062940384079015
2014-05-25T13:00:00+09:30,lstm_residual,3.4354667067527664,3.4291067985563037,0.006359908196462705
2014-05-25T14:00:00+09:30,lstm_residual,3.0865832964579254,3.1496221709987813,-0.06303887454085588
2014-05-25T15:00:00+09:30,lstm_residual,2.443205515543608,2.392569506558725,0.05063600898488296
2014-05-25T16:00:00+09:30,lstm_residual,1.2151222564279942,1.0635961056425547,0.15152615078543952
2014-05-26T08:00:00+09:30,lstm_residual,0.30808889369170084,0.9154161060363764,-0.6073272123446756
2014-05-26T09:00:00+09:30,lstm_residual,0.6800499906142567,2.1195634867475057,-1.439513496133249
2014-05-26T10:00:00+09:30,lstm_residual,0.6443694457411758,2.8539738871418843,-2.2096044414007086
2014-05-26T11:00:00+09:30,lstm_residual,0.94852498173714,3.2170381754680593,-2.2685131937309193
2014-05-26T12:00:00+09:30,lstm_residual,1.8305500000715382,3.4305143084969942,-1.599964308425456
2014-05-26T13:00:00+09:30,lstm_residual,2.152527739604325,3.331588032131526,-1.179060292527201
2014-05-26T14:00:00+09:30,lstm_residual,2.5829694072405665,1.9543883963963489,0.6285810108442176
2014-05-26T15:00:00+09:30,lstm_residual,1.7460666696230531,1.2496900168590683,0.4963766527639848
2014-05-26T16:00:00+09:30,lstm_residual,0.8101639151573116,0.3250339163468814,0.4851299988104302
2014-05-27T08:00:00+09:30,lstm_residual,1.2194444388151118,0.6150381989682461,0.6044062398468657
2014-05-27T09:00:00+09:30,lstm_residual,2.397925049066542,1.4778759084248896,0.9200491406416522
2014-05-27T10:00:00+09:30,lstm_residual,3.1241110960642495,2.2656217485283205,0.858489347535929
2014-05-27T11:00:00+09:30,lstm_residual,3.5338442524274,2.6367070071083996,0.8971372453190005
2014-05-27T12:00:00+09:30,lstm_residual,3.6502418319384415,3.0027082482242564,0.6475335837141851
2014-05-27T13:00:00+09:30,lstm_residual,3.532022198041275,3.1060545182787997,0.4259676797624752
2014-05-27T14:00:00+09:30,lstm_residual,3.1338778336842914,2.800275264550624,0.33360256913366726
2014-05-27T15:00:00+09:30,lstm_residual,2.5019861459732082,2.3453383532335446,0.15664779273966367
2014-05-27T16:00:00+09:30,lstm_residual,1.2483000035087433,1.1596551091756528,0.08864489433309042
2014-05-28T08:00:00+09:30,lstm_residual,1.2246333311001443,1.0183401386614,0.20629319243874433
2014-05-28T09:00:00+09:30,lstm_residual,2.2356416781743165,2.280704430002422,-0.04506275182810571
2014-05-28T10:00:00+09:30,lstm_residual,3.0219687620798745,3.0229066827453224,-0.0009379206654478445
2014-05-28T11:00:00+09:30,lstm_residual,3.3794444799423253,3.4435025103119172,-0.0640580303695919
2014-05-28T12:00:00+09:30,lstm_residual,3.4632610877354835,3.7097548956404154,-0.24649380790493192
2014-05-28T13:00:00+09:30,lstm_residual,3.510839064915975,3.531598418737391,-0.020759353821416138
2014-05-28T14:00:00+09:30,lstm_residual,3.171077787876133,3.1118569721092726,0.05922081576686056
2014-05-28T15:00:00+09:30,lstm_residual,2.510183244943625,2.3501239779747807,0.16005926696884432
2014-05-28T16:00:00+09:30,lstm_residual,1.1473611270387976,1.1383401921555898,0.009020934883207765
2014-05-29T08:00:00+09:30,lstm_residual,0.35812778770923587,0.8521147664006125,-0.4939869786913766
2014-05-29T09:00:00+09:30,lstm_residual,1.171722218394286,2.013004633312524,-0.8412824149182383
2014-05-29T10:00:00+09:30,lstm_residual,1.797149976094575,2.7620158413356184,-0.9648658652410433
2014-05-29T11:00:00+09:30,lstm_residual,2.37259448568025,3.1922707542745523,-0.8196762685943022
2014-05-29T12:00:00+09:30,lstm_residual,2.900788893302275,3.2337221493076274,-0.3329332560053522
2014-05-29T13:00:00+09:30,lstm_residual,1.05291109283766,3.105592239417254,-2.0526811465795944
2014-05-29T14:00:00+09:30,lstm_residual,0.7754111016790125,2.1948931363177167,-1.4194820346387043
2014-05-29T15:00:00+09:30,lstm_residual,0.5568166598677634,1.483474760405279,-0.9266581005375155
2014-05-29T16:00:00+09:30,lstm_residual,0.26766111080845334,0.6040472540481259,-0.33638614323967253
2014-05-30T08:00:00+09:30,lstm_residual,0.5720444458226326,0.3138859345711351,0.25815851125149747
2014-05-30T09:00:00+09:30,lstm_residual,1.453116635481506,0.9945852564760402,0.4585313790054657
2014-05-30T10:00:00+09:30,lstm_residual,2.5336000521977917,1.5891685007417706,0.9444315514560211
2014-05-30T11:00:00+09:30,lstm_residual,2.57635550697645,1.8853007664024086,0.6910547405740415
2014-05-30T12:00:00+09:30,lstm_residual,2.7125611503919003,2.1009223381900513,0.611638812201849
2014-05-30T13:00:00+09:30,lstm_residual,2.56689991553625,1.984170497491223,0.5827294180450271
2014-05-30T14:00:00+09:30,lstm_residual,2.3029055595397834,1.7280131002788433,0.5748924592609401
2014-05-30T15:00:00+09:30,lstm_residual,1.17862221598626,1.2337803127218678,-0.05515809673560779
2014-05-30T16:00:00+09:30,lstm_residual,0.7889666507641492,0.5872314951118617,0.2017351556522875
2014-05-31T08:00:00+09:30,lstm_residual,1.0118472029765408,0.6373642869660858,0.374482916010455
2014-05-31T09:00:00+09:30,lstm_residual,2.0652777751286835,1.938689244734397,0.1265885303942864
2014-05-31T10:00:00+09:30,lstm_residual,2.5470499595006415,2.6250338611687862,-0.07798390166814473
2014-05-31T11:00:00+09:30,lstm_residual,3.362688839435583,3.1618655752856366,0.20082326414994656
2014-05-31T12:00:00+09:30,lstm_residual,3.4759860436121666,3.3616566956089637,0.11432934800320282
2014-05-31T13:00:00+09:30,lstm_residual,3.637025137742358,3.4098326092728586,0.22719252846949933
2014-05-31T14:00:00+09:30,lstm_residual,3.272302806377425,2.9677125380093,0.3045902683681252
2014-05-31T15:00:00+09:30,lstm_residual,2.5936610897382164,2.2062087117178297,0.3874523780203867
2014-05-31T16:00:00+09:30,lstm_residual,1.2806722410023175,1.0604315449074155,0.22024069609490193
2014-06-01T08:00:00+09:30,lstm_residual,1.3080333421627675,1.165207281021077,0.1428260611416905
2014-06-01T09:00:00+09:30,lstm_residual,2.479886134465533,2.3355591166090477,0.14432701785648527
2014-06-01T10:00:00+09:30,lstm_residual,3.2549749414126086,3.078282003953219,0.17669293745938974
2014-06-01T11:00:00+09:30,lstm_residual,3.6595916946729083,3.6304513114206935,0.029140383252214797
2014-06-01T12:00:00+09:30,lstm_residual,3.822955548763275,3.8419195561879618,-0.018964007424686624
2014-06-01T13:00:00+09:30,lstm_residual,3.709305485089608,3.820830291350037,-0.11152480626042882
2014-06-01T14:00:00+09:30,lstm_residual,3.3053417007128334,3.3879467166252697,-0.0826050159124363
2014-06-01T15:00:00+09:30,lstm_residual,2.646169364452375,2.6022763239643334,0.043893040488041546
2014-06-01T16:00:00+09:30,lstm_residual,1.2799805278579408,1.3013977453930572,-0.021417217535116384
2014-06-02T08:00:00+09:30,lstm_residual,1.306377798318871,1.2441170494446072,0.062260748874263694
2014-06-02T09:00:00+09:30,lstm_residual,2.4832056164741583,2.328615052069333,0.15459056440482533
2014-06-02T10:00:00+09:30,lstm_residual,3.1544444163640253,3.038995235446789,0.11544918091723622
2014-06-02T11:00:00+09:30,lstm_residual,3.6181391477584834,3.5730471309520833,0.04509201680640018
2014-06-02T12:00:00+09:30,lstm_residual,3.7388166785240085,3.79862399656797,-0.059807318043961555
2014-06-02T13:00:00+09:30,lstm_residual,3.4176111817360084,3.7692670693025425,-0.3516558875665341
2014-06-02T14:00:00+09:30,lstm_residual,3.23206679026285,3.3382069858882115,-0.10614019562536159
2014-06-02T15:00:00+09:30,lstm_residual,2.619988858699792,2.584718980721626,0.03526987797816572
2014-06-02T16:00:00+09:30,lstm_residual,1.266433319697769,1.2887423968997447,-0.022309077201975613
2014-06-03T08:00:00+09:30,lstm_residual,1.2593778595328375,1.2419628610719902,0.017414998460847375
2014-06-03T09:00:00+09:30,lstm_residual,2.0138889203468966,2.392651860409172,-0.3787629400622756
2014-06-03T10:00:00+09:30,lstm_residual,2.2472276737292627,3.1626578878715392,-0.9154302141422765
2014-06-03T11:00:00+09:30,lstm_residual,2.200438956419625,3.6095031017804593,-1.4090641453608344
2014-06-03T12:00:00+09:30,lstm_residual,2.902338872353225,3.672927784310588,-0.770588911957363
2014-06-03T13:00:00+09:30,lstm_residual,2.232072234153758,3.7936129441079487,-1.5615407099541905
2014-06-03T14:00:00+09:30,lstm_residual,2.5852333307266333,2.992953421453821,-0.40772009072718784
2014-06-03T15:00:00+09:30,lstm_residual,2.0221833636363393,2.183255025434277,-0.16107166179793753
2014-06-03T16:00:00+09:30,lstm_residual,0.8177666539947192,1.1066119048216967,-0.28884525082697754
2014-06-04T08:00:00+09:30,lstm_residual,1.2678889334201875,1.1951741815757704,0.07271475184441711
2014-06-04T09:00:00+09:30,lstm_residual,2.429199655850742,2.4286099817582443,0.0005896740924975497
2014-06-04T10:00:00+09:30,lstm_residual,3.162994484106692,2.987371677349104,0.175622806757588
2014-06-04T11:00:00+09:30,lstm_residual,3.607855598131825,3.559340852472798,0.04851474565902736
2014-06-04T12:00:00+09:30,lstm_residual,3.757488946119942,3.712988266067164,0.04450068005277785
2014-06-04T13:00:00+09:30,lstm_residual,3.6498554746309835,3.6106853403280454,0.03917013430293803
2014-06-04T14:00:00+09:30,lstm_residual,3.2565055290858083,3.276506864210939,-0.020001335125130915
2014-06-04T15:00:00+09:30,lstm_residual,2.596258282661425,2.4873095097798545,0.10894877288157057
2014-06-04T16:00:00+09:30,lstm_residual,1.2471249724427815,1.209285318367249,0.03783965407553258
2014-06-05T08:00:00+09:30,lstm_residual,1.1135055919488293,1.1010232884479607,0.012482303500868541
2014-06-05T09:00:00+09:30,lstm_residual,2.261416614055633,2.2440317945553208,0.017384819500312343
2014-06-05T10:00:00+09:30,lstm_residual,2.8085111578305586,3.020585901630895,-0.2120747438003363
2014-06-05T11:00:00+09:30,lstm_residual,3.1170556147893334,3.541011206169272,-0.42395559137993866
2014-06-05T12:00:00+09:30,lstm_residual,3.3588111599286496,3.6370614066118803,-0.2782502466832306
2014-06-05T13:00:00+09:30,lstm_residual,2.819933454195642,3.569500620111684,-0.7495671659160421
2014-06-05T14:00:00+09:30,lstm_residual,2.995752890904733,3.1916626786773596,-0.19590978777262658
2014-06-05T15:00:00+09:30,lstm_residual,2.2871223241090726,2.2725515998858423,0.014570724223230247
2014-06-05T16:00:00+09:30,lstm_residual,1.0657166639963658,1.06613407923795,-0.00041741524158411814
2014-06-06T08:00:00+09:30,lstm_residual,1.22803054501613,0.5949219604135758,0.6331085846025541
2014-06-06T09:00:00+09:30,lstm_residual,2.414394408464433,1.841740672349193,0.5726537361152402
2014-06-06T10:00:00+09:30,lstm_residual,3.196394364039117,2.466701228043031,0.7296931359960857
2014-06-06T11:00:00+09:30,lstm_residual,3.648938934008267,3.1418007729343334,0.5071381610739336
2014-06-06T12:00:00+09:30,lstm_residual,3.8505360285441164,3.385950742857381,0.4645852856867352
2014-06-06T13:00:00+09:30,lstm_residual,3.7407748897870334,3.2872713271499046,0.4535035626371289
2014-06-06T14:00:00+09:30,lstm_residual,3.3229973713557004,3.1665957055492964,0.15640166580640402
2014-06-06T15:00:00+09:30,lstm_residual,2.63252222537995,2.454122075786974,0.17840014959297612
2014-06-06T16:00:00+09:30,lstm_residual,1.2530888679126884,1.1916426156150295,0.061446252297658877
2014-06-07T08:00:00+09:30,lstm_residual,1.2200777903199083,1.017325506318924,0.20275228400098433
2014-06-07T09:00:00+09:30,lstm_residual,2.4505166113376498,2.262326159257986,0.18819045207966356
2014-06-07T10:00:00+09:30,lstm_residual,3.2478610475857916,2.7831866790260147,0.46467436855977695
2014-06-07T11:00:00+09:30,lstm_residual,3.7059889833132416,3.3177358147967233,0.38825316851651825
2014-06-07T12:00:00+09:30,lstm_residual,3.887172301610317,3.446971472991382,0.4402008286189347
2014-06-07T13:00:00+09:30,lstm_residual,3.759122292200725,3.447955175498012,0.311167116702713
2014-06-07T14:00:00+09:30,lstm_residual,3.3557890256246083,3.1944249298827163,0.16136409574189203
2014-06-07T15:00:00+09:30,lstm_residual,2.6572722991307667,2.531154328206465,0.12611797092430166
2014-06-07T16:00:00+09:30,lstm_residual,1.2069611810147867,1.274526570361354,-0.0675653893465673
2014-06-08T08:00:00+09:30,lstm_residual,1.2281666398048325,1.0131088479714918,0.21505779183334073
2014-06-08T09:00:00+09:30,lstm_residual,2.4332333107789332,2.2577489579854255,0.17548435279350771
2014-06-08T10:00:00+09:30,lstm_residual,3.2123001416524253,2.9798246192757567,0.23247552237666858
2014-06-08T11:00:00+09:30,lstm_residual,3.660561243693017,3.441922185535713,0.2186390581573039
2014-06-08T12:00:00+09:30,lstm_residual,3.834038794040675,3.5437296435136676,0.29030915052700745
2014-06-08T13:00:00+09:30,lstm_residual,3.2636221249898334,3.6203876833575723,-0.35676555836773893
2014-06-08T14:00:00+09:30,lstm_residual,3.3874277869860414,3.3150639887168407,0.0723637982692007
2014-06-08T15:00:00+09:30,lstm_residual,2.6697333256403746,2.5507789324210695,0.11895439321930512
2014-06-08T16:00:00+09:30,lstm_residual,1.2777166453500608,1.292834438165444,-0.015117792815383169
2014-06-09T08:00:00+09:30,lstm_residual,1.2408194541931208,1.1112114991188038,0.129607955074317
2014-06-09T09:00:00+09:30,lstm_residual,2.434955577055625,2.362323642258293,0.07263193479733188
2014-06-09T10:00:00+09:30,lstm_residual,3.2031583786010747,3.109719199878131,0.0934391787229436
2014-06-09T11:00:00+09:30,lstm_residual,3.6367666323979666,3.5097191023108647,0.1270475300871019
2014-06-09T12:00:00+09:30,lstm_residual,3.7889276146888666,3.61428065425102,0.17464696043784667
2014-06-09T13:00:00+09:30,lstm_residual,3.630236188570658,3.5677860840299873,0.0624501045406709
2014-06-09T14:00:00+09:30,lstm_residual,3.3318361838658586,3.301450847082571,0.030385336783287364
2014-06-09T15:00:00+09:30,lstm_residual,2.5958305994669666,2.619757565484779,-0.0239269660178123
2014-06-09T16:00:00+09:30,lstm_residual,1.3003860885898333,1.3035019432673356,-0.0031158546775023055
2014-06-10T08:00:00+09:30,lstm_residual,1.2599111075202516,1.1938349967997917,0.06607611072045994
2014-06-10T09:00:00+09:30,lstm_residual,2.508894443511958,2.421496436321547,0.0873980071904108
2014-06-10T10:00:00+09:30,lstm_residual,2.995627780755367,3.180734687675839,-0.18510690692047227
2014-06-10T11:00:00+09:30,lstm_residual,3.5048972964287,3.524959136159341,-0.02006183973064113
2014-06-10T12:00:00+09:30,lstm_residual,3.7866888046264666,3.7755050142597164,0.011183790366750213
2014-06-10T13:00:00+09:30,lstm_residual,3.483755548795058,3.681696482841917,-0.19794093404685897
2014-06-10T14:00:00+09:30,lstm_residual,3.099061191081992,3.366175975247059,-0.26711478416506695
2014-06-10T15:00:00+09:30,lstm_residual,1.9927138785521,2.6393144156445087,-0.6466005370924088
2014-06-10T16:00:00+09:30,lstm_residual,0.583341643214225,1.3462153646601163,-0.7628737214458913
2014-06-11T08:00:00+09:30,lstm_residual,1.1672067021330268,1.1546431295340698,0.012563572598957018
2014-06-11T09:00:00+09:30,lstm_residual,2.3505833645661665,2.314801082851454,0.03578228171471265
2014-06-11T10:00:00+09:30,lstm_residual,3.0735888282458,3.1062132380354073,-0.032624409789607345
2014-06-11T11:00:00+09:30,lstm_residual,3.50550548235575,3.5551259118233074,-0.049620429467557514
2014-06-11T12:00:00+09:30,lstm_residual,3.6209555466969747,3.6664433640444085,-0.04548781734743379
2014-06-11T13:00:00+09:30,lstm_residual,3.4559277892112914,3.7585176302706538,-0.3025898410593624
2014-06-11T14:00:00+09:30,lstm_residual,3.1456390023231666,3.284568576749629,-0.13892957442646248
2014-06-11T15:00:00+09:30,lstm_residual,2.496816754341125,2.345522359512852,0.15129439482827323
2014-06-11T16:00:00+09:30,lstm_residual,1.1702444218099133,1.179147625967772,-0.008903204157858724
2014-06-12T08:00:00+09:30,lstm_residual,0.5168388808767,0.9573069571178913,-0.4404680762411912
2014-06-12T09:00:00+09:30,lstm_residual,2.072277799248675,2.2141969302459987,-0.14191913099732378
2014-06-12T10:00:00+09:30,lstm_residual,2.957733154296875,2.96978338524022,-0.012050230943344786
2014-06-12T11:00:00+09:30,lstm_residual,3.46080003182095,3.357673216229588,0.10312681559136205
2014-06-12T12:00:00+09:30,lstm_residual,3.2717557152112247,3.544716403550831,-0.2729606883396065
2014-06-12T13:00:00+09:30,lstm_residual,3.256766498088833,3.5372123583490427,-0.28044586026020957
2014-06-12T14:00:00+09:30,lstm_residual,1.7445555428663884,2.7385175316943036,-0.9939619888279152
2014-06-12T15:00:00+09:30,lstm_residual,1.8107166240612618,2.1971809512425575,-0.38646432718129575
2014-06-12T16:00:00+09:30,lstm_residual,0.8204277728994759,1.0420194643770901,-0.22159169147761426
2014-06-13T08:00:00+09:30,lstm_residual,0.7954999792079108,0.5945841575064804,0.2009158217014304
2014-06-13T09:00:00+09:30,lstm_residual,1.2095888902743568,1.6742833303567606,-0.4646944400824038
2014-06-13T10:00:00+09:30,lstm_residual,2.467044442892077,2.4569966926008027,0.010047750291274138
2014-06-13T11:00:00+09:30,lstm_residual,3.6257390181223497,2.9042923140488366,0.7214467040735131
2014-06-13T12:00:00+09:30,lstm_residual,3.7778335412343416,3.1123285317007516,0.6655050095335899
2014-06-13T13:00:00+09:30,lstm_residual,3.675127804279333,3.231585938345156,0.443541865934177
2014-06-13T14:00:00+09:30,lstm_residual,3.2886555592219,2.5885885313283437,0.7000670278935561
2014-06-13T15:00:00+09:30,lstm_residual,2.6143919229507415,1.7345466057174908,0.8798453172332508
2014-06-13T16:00:00+09:30,lstm_residual,1.2318443904320329,0.8362950501152789,0.39554934031675393
2014-06-14T08:00:00+09:30,lstm_residual,0.7980166723330808,1.1479855879124823,-0.34996891557940146
2014-06-14T09:00:00+09:30,lstm_residual,2.4005693793296836,2.2032401601585567,0.1973292191711269
2014-06-14T10:00:00+09:30,lstm_residual,1.4391000419855142,3.0591586191013773,-1.620058577115863
2014-06-14T11:00:00+09:30,lstm_residual,3.2277750670909917,3.5138686942563906,-0.2860936271653989
2014-06-14T12:00:00+09:30,lstm_residual,2.596711128950125,3.3158754897645966,-0.7191643608144718
2014-06-14T13:00:00+09:30,lstm_residual,2.8322583337624914,3.7052130150063403,-0.8729546812438489
2014-06-14T14:00:00+09:30,lstm_residual,3.1890166401863085,3.0296086901454995,0.159407950040809
2014-06-14T15:00:00+09:30,lstm_residual,2.31565552949905,2.367238253918665,-0.0515827244196152
2014-06-14T16:00:00+09:30,lstm_residual,1.1112722232937742,0.7718416815945264,0.3394305416992478
2014-06-15T08:00:00+09:30,lstm_residual,0.8045083495477866,0.8695658794759974,-0.06505752992821079
2014-06-15T09:00:00+09:30,lstm_residual,2.2201360762119253,2.1506440182286513,0.06949205798327407
2014-06-15T10:00:00+09:30,lstm_residual,2.078913897275925,2.4917644281768485,-0.4128505309009234
2014-06-15T11:00:00+09:30,lstm_residual,1.582086096207325,3.059193420286293,-1.4771073240789678
2014-06-15T12:00:00+09:30,lstm_residual,1.477111111084625,3.216992543662807,-1.7398814325781822
2014-06-15T13:00:00+09:30,lstm_residual,1.6965472002824165,3.2282772998089753,-1.5317300995265588
2014-06-15T14:00:00+09:30,lstm_residual,2.13589160641035,2.8904715920391824,-0.7545799856288324
2014-06-15T15:00:00+09:30,lstm_residual,2.4375666628281283,2.2611791377161885,0.17638752511193978
2014-06-15T16:00:00+09:30,lstm_residual,1.1424860979119908,1.0312966445618779,0.11118945335011299
2014-06-16T08:00:00+09:30,lstm_residual,1.1011277399957182,1.1201794388016229,-0.019051698805904627
2014-06-16T09:00:00+09:30,lstm_residual,2.4054833948612164,2.4898428362501326,-0.08435944138891616
2014-06-16T10:00:00+09:30,lstm_residual,3.1728389064470917,3.0245075391079337,0.14833136733915797
2014-06-16T11:00:00+09:30,lstm_residual,3.667527774969733,3.54237397874919,0.1251537962205429
2014-06-16T12:00:00+09:30,lstm_residual,3.81334431966145,3.313828791158954,0.49951552850249614
2014-06-16T13:00:00+09:30,lstm_residual,3.7261278827985245,3.569371894296459,0.1567559885020655
2014-06-16T14:00:00+09:30,lstm_residual,3.3559665679931583,3.2524867868091025,0.10347978118405576
2014-06-16T15:00:00+09:30,lstm_residual,2.6725556254386995,2.6852652617849975,-0.012709636346297959
2014-06-16T16:00:00+09:30,lstm_residual,1.260122197369745,1.2948890464594915,-0.03476684908974659
2014-06-17T08:00:00+09:30,lstm_residual,1.2091888785362208,1.194376873560092,0.01481200497612889
2014-06-17T09:00:00+09:30,lstm_residual,2.4380111893018084,2.427335832738537,0.010675356563271343
2014-06-17T10:00:00+09:30,lstm_residual,3.2174111008644086,3.2430908041153947,-0.02567970325098612
2014-06-17T11:00:00+09:30,lstm_residual,3.6633222500483082,3.589154014227073,0.07416823582123522
2014-06-17T12:00:00+09:30,lstm_residual,3.830521921316775,3.846190097869774,-0.015668176552999125
2014-06-18T13:00:00+09:30,lstm_residual,3.5422556201616917,3.662272402924288,-0.1200167827625962
2014-06-18T14:00:00+09:30,lstm_residual,3.1831946969032168,3.415154068817663,-0.23195937191444616
2014-06-18T15:00:00+09:30,lstm_residual,2.5461998979250584,2.656071569440577,-0.1098716715155188
2014-06-18T16:00:00+09:30,lstm_residual,1.2177971781541943,1.3694745970156206,-0.15167741886142627
2014-06-19T08:00:00+09:30,lstm_residual,0.5665166924397141,0.8055491526028953,-0.23903246016318114
2014-06-19T09:00:00+09:30,lstm_residual,1.4051027645667442,1.836775593481395,-0.43167282891465075
2014-06-19T10:00:00+09:30,lstm_residual,2.4326694409052583,2.525423445911021,-0.0927540050057627
2014-06-19T11:00:00+09:30,lstm_residual,2.7974084417025167,2.779509176708254,0.017899264994262865
2014-06-19T12:00:00+09:30,lstm_residual,2.6010750035444916,2.538613344816113,0.06246165872837883
2014-06-19T13:00:00+09:30,lstm_residual,3.212286144495025,2.9947029436738575,0.21758320082116756
2014-06-19T14:00:00+09:30,lstm_residual,3.0844084024429335,2.3036492349500124,0.7807591674929211
2014-06-19T15:00:00+09:30,lstm_residual,2.4611610968907582,1.6405818991715946,0.8205791977191637
2014-06-19T16:00:00+09:30,lstm_residual,1.189941669503855,0.8012107244256186,0.38873094507823636
2014-06-20T08:00:00+09:30,lstm_residual,1.096911101291586,0.8924586752401614,0.20445242605142455
2014-06-20T09:00:00+09:30,lstm_residual,2.275261074304575,2.115821961553214,0.15943911275136102
2014-06-20T10:00:00+09:30,lstm_residual,2.9935109416643666,2.8926105528865205,0.10090038877784613
2014-06-20T11:00:00+09:30,lstm_residual,3.402394274870558,3.2901033416474217,0.11229093322313632
2014-06-20T12:00:00+09:30,lstm_residual,3.5607386628786837,3.5539029774506345,0.006835685428049132
2014-06-20T13:00:00+09:30,lstm_residual,3.4752278526624,3.3323036256393452,0.14292422702305485
2014-06-20T14:00:00+09:30,lstm_residual,3.1275167266527752,3.179254017638315,-0.05173729098553981
2014-06-20T15:00:00+09:30,lstm_residual,2.503833413124083,2.4458197348867716,0.05801367823731152
2014-06-20T16:00:00+09:30,lstm_residual,1.2016666531562867,1.1419108350826561,0.05975581807363062
2014-06-21T08:00:00+09:30,lstm_residual,1.0701944629351359,0.9774151472716615,0.09277931566347442
2014-06-21T09:00:00+09:30,lstm_residual,2.25560556848845,2.226366669529184,0.029238898959266013
2014-06-21T10:00:00+09:30,lstm_residual,2.990133345127108,2.975999817334256,0.014133527792851819
2014-06-21T11:00:00+09:30,lstm_residual,3.290411114692683,3.485117625390421,-0.19470651069773792
2014-06-21T12:00:00+09:30,lstm_residual,3.432649850845342,3.640977076262855,-0.20832722541751325
2014-06-21T13:00:00+09:30,lstm_residual,3.4928222298622167,3.504784499757548,-0.011962269895331445
2014-06-21T14:00:00+09:30,lstm_residual,3.1469000577926582,3.0891054492396623,0.057794608552995896
2014-06-21T15:00:00+09:30,lstm_residual,2.4381944338480666,2.40573959525992,0.03245483858814646
2014-06-21T16:00:00+09:30,lstm_residual,1.198805576190365,1.174701576789532,0.024103999400833187
2014-06-22T08:00:00+09:30,lstm_residual,1.070716703931496,0.8372262551190733,0.23349044881242265
2014-06-22T09:00:00+09:30,lstm_residual,2.2557444572448753,2.1527760764102655,0.1029683808346098
2014-06-22T10:00:00+09:30,lstm_residual,2.97838896512985,2.9755766596241022,0.0028123055057478474
2014-06-22T11:00:00+09:30,lstm_residual,3.392622212568925,3.335627503637116,0.0569947089318088
2014-06-22T12:00:00+09:30,lstm_residual,3.557555615901958,3.128011377979299,0.4295442379226593
2014-06-22T13:00:00+09:30,lstm_residual,3.4612889289855997,3.2447145603026772,0.21657436868292246
2014-06-22T14:00:00+09:30,lstm_residual,3.124800105889642,3.010154130071264,0.11464597581837799
2014-06-22T15:00:00+09:30,lstm_residual,2.4991087516148833,2.2340311059327385,0.26507764568214487
2014-06-22T16:00:00+09:30,lstm_residual,1.2126611359417592,1.0629684913450206,0.1496926445967386
2014-06-23T08:00:00+09:30,lstm_residual,0.9592055579026525,0.6941760696012934,0.2650294883013591
2014-06-23T09:00:00+09:30,lstm_residual,1.9624166190624248,1.9463412553724733,0.01607536368995155
2014-06-23T10:00:00+09:30,lstm_residual,2.8455000917116746,2.626086954060182,0.21941313765149273
2014-06-23T11:00:00+09:30,lstm_residual,3.4002444545428,3.181775483254312,0.21846897128848797
2014-06-23T12:00:00+09:30,lstm_residual,3.592608471711483,3.2902118310171384,0.3023966406943446
2014-06-23T13:00:00+09:30,lstm_residual,3.5286333362261417,3.2685442071535533,0.2600891290725884
2014-06-23T14:00:00+09:30,lstm_residual,3.1058583060900333,2.9773178451709272,0.1285404609191061
2014-06-23T15:00:00+09:30,lstm_residual,2.3717083533605083,2.082407178679193,0.2893011746813152
2014-06-23T16:00:00+09:30,lstm_residual,1.1005110889673333,0.9584630155761198,0.1420480733912135
2014-06-24T08:00:00+09:30,lstm_residual,0.2348805386573066,0.7861609701347164,-0.5512804314774098
2014-06-24T09:00:00+09:30,lstm_residual,0.7169583390156475,1.9140684350813966,-1.197110096065749
2014-06-24T10:00:00+09:30,lstm_residual,1.3048999905586216,2.730543962520663,-1.4256439719620415
2014-06-24T11:00:00+09:30,lstm_residual,2.3475472132365085,3.222259738880891,-0.8747125256443824
2014-06-24T12:00:00+09:30,lstm_residual,1.9448333183924416,3.385475385558019,-1.4406420671655773
2014-06-24T13:00:00+09:30,lstm_residual,1.5554583867390919,3.139362601435527,-1.583904214696435
2014-06-24T14:00:00+09:30,lstm_residual,1.1253666530052808,1.9469485834152778,-0.8215819304099969
2014-06-24T15:00:00+09:30,lstm_residual,1.9478611151377334,1.1474284602199947,0.8004326549177387
2014-06-24T16:00:00+09:30,lstm_residual,1.3174611230691284,0.6178538555673116,0.6996072675018168
2014-06-25T08:00:00+09:30,lstm_residual,1.1247728914022508,0.8326995106060864,0.2920733807961644
2014-06-25T09:00:00+09:30,lstm_residual,2.328999946514758,1.895548517002851,0.4334514295119072
2014-06-25T10:00:00+09:30,lstm_residual,3.1245110432306915,2.852204057562729,0.2723069856679623
2014-06-25T11:00:00+09:30,lstm_residual,3.5618496735890663,3.3684558879078046,0.19339378568126175
2014-06-25T12:00:00+09:30,lstm_residual,3.7053389747937584,3.625466378379636,0.07987259641412248
2014-06-25T13:00:00+09:30,lstm_residual,3.64481113354365,3.396401294240038,0.24840983930361205
2014-06-25T14:00:00+09:30,lstm_residual,3.240883489449825,3.167850850533752,0.07303263891607292
2014-06-25T15:00:00+09:30,lstm_residual,2.607688963413233,2.6120400743417544,-0.004351110928521251
2014-06-25T16:00:00+09:30,lstm_residual,1.2878055647015583,1.4200953391251367,-0.13228977442357848
2014-06-26T08:00:00+09:30,lstm_residual,1.1513722439606884,1.09585213065531,0.05552011330537843
2014-06-26T09:00:00+09:30,lstm_residual,2.369650026162475,2.3547147467931513,0.014935279369323595
2014-06-26T10:00:00+09:30,lstm_residual,3.12953344980875,3.03415866310303,0.0953747867057202
2014-06-26T11:00:00+09:30,lstm_residual,3.5730069279670666,3.6594476694072164,-0.0864407414401498
2014-06-26T12:00:00+09:30,lstm_residual,3.710900008678433,3.8150747777142975,-0.10417476903586431
2014-06-26T13:00:00+09:30,lstm_residual,3.6177498499552416,3.5675504810117795,0.05019936894346211
2014-06-26T14:00:00+09:30,lstm_residual,3.2482056617736834,3.305415394039798,-0.0572097322661147
2014-06-26T15:00:00+09:30,lstm_residual,2.6102056503295916,2.5943795918077344,0.015826058521857256
2014-06-26T16:00:00+09:30,lstm_residual,1.3011610570053243,1.3932547288601593,-0.09209367185483508
2014-06-27T08:00:00+09:30,lstm_residual,1.1215555593371342,0.9074515967917987,0.2141039625453356
2014-06-27T09:00:00+09:30,lstm_residual,2.339916596810025,1.912943598176407,0.42697299863361815
2014-06-27T10:00:00+09:30,lstm_residual,3.1172445217768416,2.809076526429525,0.30816799534731665
2014-06-27T11:00:00+09:30,lstm_residual,3.552700062592825,2.9775085261634198,0.5751915364294051
2014-06-27T12:00:00+09:30,lstm_residual,3.71107226610185,3.2054332993507426,0.5056389667511074
2014-06-27T13:00:00+09:30,lstm_residual,3.597722371419275,3.2753810409135333,0.32234133050574165
2014-06-27T14:00:00+09:30,lstm_residual,3.23305559158325,3.0947164960398856,0.13833909554336454
2014-06-27T15:00:00+09:30,lstm_residual,2.5847444136937416,2.389966608317758,0.19477780537598344
2014-06-27T16:00:00+09:30,lstm_residual,1.283961120992904,1.2634059111293168,0.020555209863587276
2014-06-28T08:00:00+09:30,lstm_residual,1.0966999679803833,0.6698576499913892,0.4268423179889941
2014-06-28T09:00:00+09:30,lstm_residual,2.3797999322414416,1.8782396208819185,0.5015603113595231
2014-06-28T10:00:00+09:30,lstm_residual,3.2170554796854582,2.6846396336091893,0.5324158460762689
2014-06-28T11:00:00+09:30,lstm_residual,3.709561129411058,3.1858368923925022,0.523724237018556
2014-06-28T12:00:00+09:30,lstm_residual,3.9090555906295834,3.3710832021544226,0.5379723884751608
2014-06-28T13:00:00+09:30,lstm_residual,3.7996556361516336,3.4566372648708286,0.34301837128080503
2014-06-28T14:00:00+09:30,lstm_residual,3.4174889127413586,3.2504564459453387,0.1670324667960199
2014-06-28T15:00:00+09:30,lstm_residual,2.7346444527308,2.5792474580647418,0.15539699466605805
2014-06-28T16:00:00+09:30,lstm_residual,1.3846777540942108,1.361193289193347,0.023484464900863866
2014-06-29T08:00:00+09:30,lstm_residual,1.0692777633667034,1.0574691658461022,0.01180859752060126
2014-06-29T09:00:00+09:30,lstm_residual,2.3437361319859917,2.176430365235903,0.16730576675008857
2014-06-29T10:00:00+09:30,lstm_residual,3.174447198708858,2.90145741627723,0.27298978243162786
2014-06-29T11:00:00+09:30,lstm_residual,3.650889058907833,3.3761013993608464,0.2747876595469867
2014-06-29T12:00:00+09:30,lstm_residual,3.8417523701985665,2.9263556855926445,0.915396684605922
2014-06-29T13:00:00+09:30,lstm_residual,3.7372638185819,3.5737518981677,0.16351192041420015
2014-06-29T14:00:00+09:30,lstm_residual,3.360097229480733,3.1822122163790496,0.1778850131016836
2014-06-29T15:00:00+09:30,lstm_residual,2.6963750521342003,2.499299008666595,0.1970760434676051
2014-06-29T16:00:00+09:30,lstm_residual,1.3804777810970874,1.393878313176669,-0.013400532079581584
2014-06-30T08:00:00+09:30,lstm_residual,1.07031112164259,1.1118429842710527,-0.041531862628462646
2014-06-30T09:00:00+09:30,lstm_residual,2.370127737522117,2.3378658112388977,0.03226192628321911
2014-06-30T10:00:00+09:30,lstm_residual,3.177533328533175,2.5994851526461797,0.5780481758869951
2014-06-30T11:00:00+09:30,lstm_residual,3.6656611760457416,2.8204625332377913,0.8451986428079503
2014-06-30T12:00:00+09:30,lstm_residual,3.8214666247367837,3.084545816809855,0.7369208079269285
2014-06-30T13:00:00+09:30,lstm_residual,3.6981275876363,3.2247361828608923,0.47339140477540775
2014-06-30T14:00:00+09:30,lstm_residual,3.3430833816528334,3.140101546935604,0.20298183471722941
2014-06-30T15:00:00+09:30,lstm_residual,2.681555489699058,2.5728052299193984,0.10875025977965969
2014-06-30T16:00:00+09:30,lstm_residual,1.3736111223697633,1.3490317406273997,0.024579381742363626
2014-07-01T08:00:00+09:30,lstm_residual,1.108683347702039,1.137114963536381,-0.02843161583434206
2014-07-01T09:00:00+09:30,lstm_residual,2.2738443613052417,2.3243955145963744,-0.05055115329113269
2014-07-01T10:00:00+09:30,lstm_residual,3.15454985698065,3.0608296019958643,0.09372025498478553
2014-07-01T11:00:00+09:30,lstm_residual,3.6158111095428667,3.444228638576711,0.17158247096615575
2014-07-01T12:00:00+09:30,lstm_residual,3.7866276899973332,3.637983442926996,0.14864424707033708
2014-07-01T13:00:00+09:30,lstm_residual,3.6783501704533834,3.5487945294062673,0.12955564104711614
2014-07-01T14:00:00+09:30,lstm_residual,3.3213499585787503,3.376008940661468,-0.05465898208271769
2014-07-01T15:00:00+09:30,lstm_residual,2.6663666168848583,2.6871814819683353,-0.020814865083476963
2014-07-01T16:00:00+09:30,lstm_residual,1.36901107802987,1.466831603981762,-0.09782052595189183
2014-07-02T08:00:00+09:30,lstm_residual,1.0527444519102591,1.0699135773476092,-0.017169125437350052
2014-07-02T09:00:00+09:30,lstm_residual,2.3573028047879583,2.331503983550477,0.025798821237481118
2014-07-02T10:00:00+09:30,lstm_residual,3.151947200298308,2.963022404660575,0.18892479563773312
2014-07-02T11:00:00+09:30,lstm_residual,3.6156585017840004,2.946929023967217,0.6687294778167834
2014-07-02T12:00:00+09:30,lstm_residual,3.8036278287569663,2.746281454516351,1.0573463742406153
2014-07-02T13:00:00+09:30,lstm_residual,3.6806335051854333,3.2955284940736664,0.38510501111176687
2014-07-02T14:00:00+09:30,lstm_residual,3.317711055278767,3.284415929475311,0.03329512580345595
2014-07-02T15:00:00+09:30,lstm_residual,2.6706250111261998,2.6551748600471954,0.015450151079004382
2014-07-02T16:00:00+09:30,lstm_residual,1.3849278042713806,1.4489200372908972,-0.06399223301951662
2014-07-03T08:00:00+09:30,lstm_residual,1.105322205772011,1.119052176144609,-0.013729970372598155
2014-07-03T09:00:00+09:30,lstm_residual,2.3611999650796336,2.411366123758154,-0.05016615867852048
2014-07-03T10:00:00+09:30,lstm_residual,3.1170666019121835,3.042682878296972,0.0743837236152114
2014-07-03T11:00:00+09:30,lstm_residual,3.5448389252026753,3.252083669187958,0.2927552560147171
2014-07-03T12:00:00+09:30,lstm_residual,3.7114362517992583,3.186340015093974,0.5250962367052843
2014-07-03T13:00:00+09:30,lstm_residual,3.6119749744733003,3.4919302777148835,0.12004469675841678
2014-07-03T14:00:00+09:30,lstm_residual,3.292938888072967,3.2253924983613187,0.06754638971164839
2014-07-03T15:00:00+09:30,lstm_residual,2.669486105442042,2.633959870514917,0.03552623492712481
2014-07-03T16:00:00+09:30,lstm_residual,1.4132361275454324,1.4184459439326385,-0.005209816387206079
2014-07-04T08:00:00+09:30,lstm_residual,1.076805590341486,1.0998040239385118,-0.022998433597025913
2014-07-04T09:00:00+09:30,lstm_residual,2.3343445261319498,2.270722746362821,0.06362177976912875
2014-07-04T10:00:00+09:30,lstm_residual,3.07297227780025,3.016006850282745,0.056965427517504885
2014-07-04T11:00:00+09:30,lstm_residual,3.5329851706822666,3.607925750647804,-0.0749405799655376
2014-07-04T12:00:00+09:30,lstm_residual,3.7628387610117584,3.76256604616763,0.0002727148441286076
2014-07-04T13:00:00+09:30,lstm_residual,3.6631944179534917,3.773241621878601,-0.11004720392510947
2014-07-04T14:00:00+09:30,lstm_residual,3.3032445311546415,3.3053254028193138,-0.0020808716646723013
2014-07-04T15:00:00+09:30,lstm_residual,2.672438919544233,2.611838742671436,0.06060017687279684
2014-07-04T16:00:00+09:30,lstm_residual,1.4215222448110583,1.4002788823436298,0.021243362467428417
2014-07-05T08:00:00+09:30,lstm_residual,1.0812444637218965,1.0625769794993971,0.01866748422249942
2014-07-05T09:00:00+09:30,lstm_residual,2.3529277543226916,2.3604743378804227,-0.007546583557731079
2014-07-05T10:00:00+09:30,lstm_residual,3.1092277963956083,3.095824834788619,0.013402961606989283
2014-07-05T11:00:00+09:30,lstm_residual,3.562322278817508,3.555800027968425,0.0065222508490832
2014-07-05T12:00:00+09:30,lstm_residual,3.7400943438212084,3.6682123942587848,0.07188194956242366
2014-07-05T13:00:00+09:30,lstm_residual,3.6507498423258418,3.7479991767659966,-0.09724933444015482
2014-07-05T14:00:00+09:30,lstm_residual,3.280583322048175,3.3330291974583064,-0.05244587541013157
2014-07-05T15:00:00+09:30,lstm_residual,2.6533332864443584,2.620135181003369,0.033198105440989334
2014-07-05T16:00:00+09:30,lstm_residual,1.4287889140347634,1.459659603596223,-0.030870689561459663
2014-07-06T08:00:00+09:30,lstm_residual,1.1294666528701816,1.1086496545089835,0.020816998361198102
2014-07-06T09:00:00+09:30,lstm_residual,2.363427788019175,2.307589275106311,0.05583851291286379
2014-07-06T10:00:00+09:30,lstm_residual,3.1889999906222,3.0584471424884527,0.13055284813374746
2014-07-06T11:00:00+09:30,lstm_residual,3.6515445311864165,3.6071712994175065,0.04437323176891006
2014-07-06T12:00:00+09:30,lstm_residual,3.7574997941652835,3.806722428202705,-0.04922263403742155
2014-07-06T13:00:00+09:30,lstm_residual,3.668127854665117,3.709390657649687,-0.04126280298457008
2014-07-06T14:00:00+09:30,lstm_residual,3.312027831872292,3.393531421665436,-0.0815035897931442
2014-07-06T15:00:00+09:30,lstm_residual,2.7054888804753667,2.7351587083208004,-0.029669827845433705
2014-07-06T16:00:00+09:30,lstm_residual,1.4738750942051408,1.493414488092596,-0.01953939388745507
2014-07-07T08:00:00+09:30,lstm_residual,1.0963110967228757,1.1068255770817008,-0.010514480358825073
2014-07-07T09:00:00+09:30,lstm_residual,2.3796165784199834,2.2801450928105393,0.09947148560944408
2014-07-07T10:00:00+09:30,lstm_residual,3.1405388315518583,2.8602238473176267,0.2803149842342316
2014-07-07T11:00:00+09:30,lstm_residual,3.5895056128501914,2.986381768095053,0.6031238447551384
2014-07-07T12:00:00+09:30,lstm_residual,3.722106059392308,3.3956964693390312,0.32640959005327685
2014-07-07T13:00:00+09:30,lstm_residual,3.6167167027791254,3.4228065555512375,0.1939101472278879
2014-07-07T14:00:00+09:30,lstm_residual,3.290933310985558,3.0320691343489465,0.25886417663661154
2014-07-07T15:00:00+09:30,lstm_residual,2.6820167104403247,2.526824795708457,0.15519191473186789
2014-07-07T16:00:00+09:30,lstm_residual,1.4828556180000267,1.4110853597776936,0.07177025822233318
2014-07-08T08:00:00+09:30,lstm_residual,1.081677767137675,0.7173131029752627,0.3643646641624122
2014-07-08T09:00:00+09:30,lstm_residual,2.3278943896293582,1.7429298904873964,0.5849644991419618
2014-07-08T10:00:00+09:30,lstm_residual,3.1047278046608002,2.5145946114951734,0.5901331931656268
2014-07-08T11:00:00+09:30,lstm_residual,3.546833376089733,3.0392475503623064,0.5075858257274266
2014-07-08T12:00:00+09:30,lstm_residual,3.7149558266003915,3.3295125990008856,0.3854432275995059
2014-07-08T13:00:00+09:30,lstm_residual,3.6123666365941247,3.31920113512814,0.29316550146598486
2014-07-08T14:00:00+09:30,lstm_residual,3.273127834002167,3.036644645045843,0.23648318895632414
2014-07-08T15:00:00+09:30,lstm_residual,2.6418055097262,2.5210405345285345,0.1207649751976656
2014-07-08T16:00:00+09:30,lstm_residual,1.464033315579105,1.4825547468745588,-0.018521431295453805
2014-07-09T08:00:00+09:30,lstm_residual,1.0420305207371767,0.7724701773791463,0.2695603433580305
2014-07-09T09:00:00+09:30,lstm_residual,2.3330165942509997,1.8066033511965995,0.5264132430544002
2014-07-09T10:00:00+09:30,lstm_residual,3.025672177473717,2.737851475390179,0.2878207020835384
2014-07-09T11:00:00+09:30,lstm_residual,3.6221109827359332,3.2156126162890435,0.40649836644688975
2014-07-09T12:00:00+09:30,lstm_residual,3.8112971385320162,3.4516058764362008,0.3596912620958155
2014-07-09T13:00:00+09:30,lstm_residual,3.6107388734817416,3.3933700726113707,0.21736880087037092
2014-07-09T14:00:00+09:30,lstm_residual,3.3744167089462334,3.0120130544407386,0.3624036545054947
2014-07-09T15:00:00+09:30,lstm_residual,2.7272583047549,2.445341340297791,0.2819169644571091
2014-07-09T16:00:00+09:30,lstm_residual,1.5279388936857308,1.4110080394789453,0.1169308542067855
2014-07-10T08:00:00+09:30,lstm_residual,1.0701777699093025,1.0786959233929148,-0.00851815348361229
2014-07-10T09:00:00+09:30,lstm_residual,2.35533609986305,2.3411027916814326,0.014233308181617499
2014-07-10T10:00:00+09:30,lstm_residual,3.1734916567802416,3.1246319530497013,0.04885970373054027
2014-07-10T11:00:00+09:30,lstm_residual,3.6144693692525167,3.578693896264124,0.035775472988392565
2014-07-10T12:00:00+09:30,lstm_residual,3.7693750659624747,3.8154391468090183,-0.046064080846543565
2014-07-10T13:00:00+09:30,lstm_residual,3.6747194528579663,3.8720873649557297,-0.1973679120977634
2014-07-10T14:00:00+09:30,lstm_residual,3.3239334623018917,3.4149119299058412,-0.09097846760394956
2014-07-10T15:00:00+09:30,lstm_residual,2.692327678203583,2.7734171077397063,-0.08108942953612308
2014-07-10T16:00:00+09:30,lstm_residual,1.5049499546488132,1.6165916631293888,-0.11164170848057564
2014-07-11T08:00:00+09:30,lstm_residual,1.0522972655793101,1.1509996322166838,-0.09870236663737364
2014-07-11T09:00:00+09:30,lstm_residual,2.3308944106102083,2.393180207378488,-0.0622857967682795
2014-07-11T10:00:00+09:30,lstm_residual,3.1093498667081083,3.008904377263447,0.10044548944466136
2014-07-11T11:00:00+09:30,lstm_residual,3.56102818250655,3.5702738672368635,-0.009245684730313286
2014-07-11T12:00:00+09:30,lstm_residual,3.6886443893114667,3.763544924955239,-0.07490053564377241
2014-07-11T13:00:00+09:30,lstm_residual,3.6016167998313833,3.80107177107349,-0.19945497124210654
2014-07-11T14:00:00+09:30,lstm_residual,3.2661167581876085,3.365023727950874,-0.09890696976326563
2014-07-11T15:00:00+09:30,lstm_residual,2.6554166674613917,2.7486179569749503,-0.09320128951355855
2014-07-11T16:00:00+09:30,lstm_residual,1.4971111007034665,1.5094589847608477,-0.012347884057381187
2014-07-12T08:00:00+09:30,lstm_residual,1.045233331620695,1.0481716451736494,-0.0029383135529543747
2014-07-12T09:00:00+09:30,lstm_residual,1.84257780512175,2.375345469231822,-0.532767664110072
2014-07-12T10:00:00+09:30,lstm_residual,2.6808945139249167,3.1441966734281768,-0.46330215950326004
2014-07-12T11:00:00+09:30,lstm_residual,3.199427783489225,3.6764229074690022,-0.47699512397977717
2014-07-12T12:00:00+09:30,lstm_residual,3.4282110730807,3.8188055878318834,-0.39059451475118356
2014-07-12T13:00:00+09:30,lstm_residual,3.673827687899267,3.947744991781891,-0.2739173038826239
2014-07-12T14:00:00+09:30,lstm_residual,2.601749996344258,3.381210444397696,-0.7794604480534377
2014-07-12T15:00:00+09:30,lstm_residual,1.9068555434544834,2.3016414998344352,-0.39478595637995184
2014-07-12T16:00:00+09:30,lstm_residual,0.894677795469765,1.330740041582359,-0.4360622461125939
2014-07-13T08:00:00+09:30,lstm_residual,0.015283331274986248,0.5498487766976927,-0.5345654454227065
2014-07-13T09:00:00+09:30,lstm_residual,0.16192223380009427,1.7549368283425257,-1.5930145945424314
2014-07-13T10:00:00+09:30,lstm_residual,0.2826833526293442,2.5438541963755243,-2.2611708437461804
2014-07-13T11:00:00+09:30,lstm_residual,0.2551444495717675,3.0082482200260987,-2.7531037704543313
2014-07-13T12:00:00+09:30,lstm_residual,0.2977555717031167,3.0994415968977393,-2.8016860251946225
2014-07-13T13:00:00+09:30,lstm_residual,0.30624444410205,3.046373498973675,-2.740129054871625
2014-07-13T14:00:00+09:30,lstm_residual,0.24992776413758586,1.5069424184639089,-1.257014654326323
2014-07-13T15:00:00+09:30,lstm_residual,0.1311166544134415,0.6580775930751019,-0.5269609386616605
2014-07-13T16:00:00+09:30,lstm_residual,0.1345050722981491,0.0761335384309626,0.05837153386718649
2014-07-19T13:00:00+09:30,lstm_residual,3.086911151806508,3.295913338226575,-0.20900218642006685
2014-07-19T14:00:00+09:30,lstm_residual,3.450489004453025,2.7560170975078955,0.6944719069451297
2014-07-19T15:00:00+09:30,lstm_residual,2.81578332185745,2.341643158977278,0.47414016288017224
2014-07-19T16:00:00+09:30,lstm_residual,1.6840388874213044,1.314766582776774,0.3692723046445303
2014-07-20T08:00:00+09:30,lstm_residual,1.0371472413341183,1.0927457120418442,-0.055598470707725944
2014-07-20T09:00:00+09:30,lstm_residual,2.366947203874575,2.3340176618610364,0.032929542013538704
2014-07-20T10:00:00+09:30,lstm_residual,3.124272227287292,3.0304548730157226,0.09381735427156945
2014-07-20T11:00:00+09:30,lstm_residual,3.548200150330867,3.661118532108265,-0.11291838177739821
2014-07-20T12:00:00+09:30,lstm_residual,3.700241704781842,3.709594763091743,-0.009353058309901296
2014-07-20T13:00:00+09:30,lstm_residual,3.6369916796684163,3.858134257628534,-0.2211425779601175
2014-07-20T14:00:00+09:30,lstm_residual,3.3215694427490337,3.5628401731972543,-0.24127073044822067
2014-07-20T15:00:00+09:30,lstm_residual,2.7001278599103418,2.732285593802634,-0.03215773389229204
2014-07-20T16:00:00+09:30,lstm_residual,1.6153499508897424,1.6113447311855038,0.004005219704238616
2014-07-21T08:00:00+09:30,lstm_residual,0.3896000050008292,0.9985609304836192,-0.6089609254827899
2014-07-21T09:00:00+09:30,lstm_residual,1.088138853510224,2.301140398817352,-1.2130015453071281
2014-07-21T10:00:00+09:30,lstm_residual,2.1185167431831333,3.0678057924701716,-0.9492890492870383
2014-07-21T11:00:00+09:30,lstm_residual,3.06375004847845,3.293149537410695,-0.22939948893224527
2014-07-21T12:00:00+09:30,lstm_residual,3.181022127469383,3.447832968748559,-0.2668108412791761
2014-07-21T13:00:00+09:30,lstm_residual,3.5928387840588916,3.6129789022547376,-0.020140118195846046
2014-07-21T14:00:00+09:30,lstm_residual,3.135716617107392,2.536542876092991,0.5991737410144009
2014-07-21T15:00:00+09:30,lstm_residual,2.6647388736406916,1.7958296290866191,0.8689092445540725
2014-07-21T16:00:00+09:30,lstm_residual,1.3695611159006702,0.9965011520506342,0.37305996385003604
2014-07-22T08:00:00+09:30,lstm_residual,0.6952444662650415,0.7622606539701551,-0.06701618770511353
2014-07-22T09:00:00+09:30,lstm_residual,2.2512277911106735,1.8849648480608194,0.3662629430498541
2014-07-22T10:00:00+09:30,lstm_residual,2.5138555963834253,2.6423947161025874,-0.1285391197191621
2014-07-22T11:00:00+09:30,lstm_residual,3.3707056442896666,3.072910476815717,0.29779516747394963
2014-07-22T12:00:00+09:30,lstm_residual,3.6904390056928,3.2597106583518185,0.43072834734098153
2014-07-22T13:00:00+09:30,lstm_residual,3.6077554424603835,3.496802596124597,0.1109528463357865
2014-07-22T14:00:00+09:30,lstm_residual,3.282755553722375,2.7750587251444596,0.5076968285779153
2014-07-22T15:00:00+09:30,lstm_residual,2.6465721925099666,2.506145027597092,0.14042716491287477
2014-07-22T16:00:00+09:30,lstm_residual,1.5625833223263441,1.2254539050590547,0.3371294172672894
2014-07-23T08:00:00+09:30,lstm_residual,0.08467777632176866,0.6766411773131566,-0.591963400991388
2014-07-23T09:00:00+09:30,lstm_residual,0.5815888792276391,2.004734454058022,-1.4231455748303827
2014-07-23T10:00:00+09:30,lstm_residual,0.676227778196335,2.732343205732237,-2.0561154275359024
2014-07-23T11:00:00+09:30,lstm_residual,1.0496583382288676,3.3404490925869155,-2.290790754358048
2014-07-23T12:00:00+09:30,lstm_residual,2.8615944584210666,3.6335792746033384,-0.7719848161822718
2014-07-23T13:00:00+09:30,lstm_residual,3.98489437500635,3.257486593255177,0.727407781751173
2014-07-23T14:00:00+09:30,lstm_residual,3.3125555713971497,1.681262716054599,1.6312928553425508
2014-07-23T15:00:00+09:30,lstm_residual,2.6738277077674835,0.856501879019687,1.8173258287477965
2014-07-23T16:00:00+09:30,lstm_residual,1.58624724298715,0.6780862892577817,0.9081609537293682
2014-07-24T08:00:00+09:30,lstm_residual,0.9220444535215734,0.6911528032995726,0.23089165022200075
2014-07-24T09:00:00+09:30,lstm_residual,2.3668027122815336,1.8909834624623025,0.47581924981923107
2014-07-24T10:00:00+09:30,lstm_residual,3.1257499655087746,2.5231079653032813,0.6026420002054933
2014-07-24T11:00:00+09:30,lstm_residual,3.5770309368769335,3.178480687740403,0.3985502491365307
2014-07-24T12:00:00+09:30,lstm_residual,3.6427417397499,3.334667382248082,0.3080743575018179
2014-07-24T13:00:00+09:30,lstm_residual,3.646600107351942,3.5393092450597194,0.1072908622922224
2014-07-24T14:00:00+09:30,lstm_residual,3.346508264541633,3.288986830276159,0.05752143426547418
2014-07-24T15:00:00+09:30,lstm_residual,1.9442472507556425,2.7407582335175023,-0.7965109827618597
2014-07-24T16:00:00+09:30,lstm_residual,0.7856722151239642,1.5152262343157639,-0.7295540191917996
2014-07-25T08:00:00+09:30,lstm_residual,1.0323305365939908,0.6834030140008516,0.3489275225931392
2014-07-25T09:00:00+09:30,lstm_residual,2.354211091995225,2.018480052195045,0.33573103980018004
2014-07-25T10:00:00+09:30,lstm_residual,3.0670804977416997,2.855388445770538,0.2116920519711618
2014-07-25T11:00:00+09:30,lstm_residual,3.62018609046935,3.3637208140148656,0.2564652764544846
2014-07-25T12:00:00+09:30,lstm_residual,3.794447322686517,3.557678261034337,0.23676906165218004
2014-07-25T13:00:00+09:30,lstm_residual,3.7159029245376582,3.517785305394326,0.19811761914333204
2014-07-25T14:00:00+09:30,lstm_residual,3.3473749160766584,3.349256275541499,-0.0018813594648405818
2014-07-25T15:00:00+09:30,lstm_residual,2.718225578467058,2.551002392191485,0.1672231862755731
2014-07-25T16:00:00+09:30,lstm_residual,1.6425610482692807,1.4091120904459884,0.23344895782329234
2014-07-26T08:00:00+09:30,lstm_residual,1.05609445398051,0.9904219271835666,0.06567252679694335
2014-07-26T09:00:00+09:30,lstm_residual,2.3727444410324083,2.352972350206792,0.019772090825616484
2014-07-26T10:00:00+09:30,lstm_residual,3.168949961662292,3.0610590009499274,0.10789096071236459
2014-07-26T11:00:00+09:30,lstm_residual,3.6546167532602833,3.587946187640595,0.0666705656196882
2014-07-26T12:00:00+09:30,lstm_residual,3.8137941360473584,3.800709826170936,0.013084309876422395
2014-07-26T13:00:00+09:30,lstm_residual,3.6981335481007833,3.8010201150484924,-0.10288656694770903
2014-07-26T14:00:00+09:30,lstm_residual,3.3846557339032413,3.4760006776050245,-0.09134494370178325
2014-07-26T15:00:00+09:30,lstm_residual,2.7527610460917082,2.755850047645921,-0.003089001554212878
2014-07-26T16:00:00+09:30,lstm_residual,1.6837778240442234,1.5676318721301186,0.11614595191410482
2014-07-27T08:00:00+09:30,lstm_residual,1.055624974270665,0.9453614492861533,0.11026352498451164
2014-07-27T09:00:00+09:30,lstm_residual,2.379013846317925,2.2825390166673527,0.09647482965057241
2014-07-27T10:00:00+09:30,lstm_residual,3.1221916079521166,3.082862105992171,0.039329501959945556
2014-07-27T11:00:00+09:30,lstm_residual,3.5750000278154914,3.5835317000181313,-0.00853167220263984
2014-07-27T12:00:00+09:30,lstm_residual,3.7144556244214333,3.7906705666843217,-0.07621494226288839
2014-07-27T13:00:00+09:30,lstm_residual,3.658666630585975,3.768214229425591,-0.10954759883961573
2014-07-27T14:00:00+09:30,lstm_residual,3.3215859134992,3.408693203567294,-0.08710729006809403
2014-07-27T15:00:00+09:30,lstm_residual,2.72434719403585,2.6979608380837647,0.02638635595208516
2014-07-27T16:00:00+09:30,lstm_residual,1.6681222319602884,1.5041482446789147,0.1639739872813737
2014-07-28T08:00:00+09:30,lstm_residual,1.0514555523792959,0.89858352014285,0.15287203223644585
2014-07-28T09:00:00+09:30,lstm_residual,2.3710554838180418,2.2176218628929725,0.1534336209250693
2014-07-28T10:00:00+09:30,lstm_residual,3.1101277867953168,3.051550687826179,0.058577098969137875
2014-07-28T11:00:00+09:30,lstm_residual,3.529427826404575,3.5676198253778604,-0.03819199897328529
2014-07-28T12:00:00+09:30,lstm_residual,3.7162224253018667,3.710007804853621,0.006214620448245611
2014-07-28T13:00:00+09:30,lstm_residual,3.6479611595471497,3.720879857257972,-0.07291869771082249
2014-07-28T14:00:00+09:30,lstm_residual,3.3420110543569,3.393408642968916,-0.05139758861201571
2014-07-28T15:00:00+09:30,lstm_residual,2.7247555255889835,2.6780997541642866,0.0466557714246969
2014-07-28T16:00:00+09:30,lstm_residual,1.673394446571665,1.487734495389564,0.1856599511821011
2014-07-29T08:00:00+09:30,lstm_residual,1.0492611105243417,0.9501898089311986,0.09907130159314304
2014-07-29T09:00:00+09:30,lstm_residual,2.3650666972001333,2.287624300236911,0.0774423969632223
2014-07-29T10:00:00+09:30,lstm_residual,3.0956167976061586,2.950111223961929,0.14550557364422945
2014-07-29T11:00:00+09:30,lstm_residual,3.5258999466896,3.4506650424656935,0.07523490422390644
2014-07-29T12:00:00+09:30,lstm_residual,3.7397941946983333,3.6376096781249654,0.10218451657336791
2014-07-29T13:00:00+09:30,lstm_residual,3.696872254212708,3.6650141598733033,0.0318580943394049
2014-07-29T14:00:00+09:30,lstm_residual,3.3446111480394833,3.3281952079652743,0.01641594007420899
2014-07-29T15:00:00+09:30,lstm_residual,2.7563500603040083,2.64603950756739,0.11031055273661838
2014-07-29T16:00:00+09:30,lstm_residual,1.6780000229676573,1.476088549749213,0.20191147321844416
2014-07-30T08:00:00+09:30,lstm_residual,1.0767749945322684,0.9630581605511361,0.1137168339811323
2014-07-30T09:00:00+09:30,lstm_residual,2.4059472183386417,2.3380645953841874,0.06788262295445424
2014-07-30T10:00:00+09:30,lstm_residual,3.147105515003217,3.1553766962298018,-0.00827118122658499
2014-07-30T11:00:00+09:30,lstm_residual,3.6184418797492914,3.5595270556784,0.058914824070891214
2014-07-30T12:00:00+09:30,lstm_residual,3.813527762889867,3.6965994301515153,0.11692833273835168
2014-07-30T13:00:00+09:30,lstm_residual,3.738647301991792,3.798491569823955,-0.05984426783216312
2014-07-30T14:00:00+09:30,lstm_residual,3.4174944758415333,3.4157345359240403,0.0017599399174930141
2014-07-30T15:00:00+09:30,lstm_residual,2.7918500502904333,2.696699532831512,0.09515051745892134
2014-07-30T16:00:00+09:30,lstm_residual,1.7356917113065793,1.5242763913963522,0.2114153199102271
2014-07-31T08:00:00+09:30,lstm_residual,1.082269443819915,1.005608845674305,0.07666059814560988
2014-07-31T09:00:00+09:30,lstm_residual,2.410155584414808,2.3506554319104875,0.059500152504320614
2014-07-31T10:00:00+09:30,lstm_residual,3.1279165148734998,3.05660429669742,0.07131221817607969
2014-07-31T11:00:00+09:30,lstm_residual,3.5663193662961254,3.594755253461036,-0.02843588716491041
2014-07-31T12:00:00+09:30,lstm_residual,3.7462637821833336,3.638184552585779,0.10807922959755434
2014-07-31T13:00:00+09:30,lstm_residual,3.7261860370636,3.7299198180975535,-0.0037337810339534983
2014-07-31T14:00:00+09:30,lstm_residual,3.2671472032864837,3.40062105815246,-0.13347385486597618
2014-07-31T15:00:00+09:30,lstm_residual,2.793383379777275,2.6747045714080073,0.11867880836926759
2014-07-31T16:00:00+09:30,lstm_residual,1.699833323558171,1.5590125006279576,0.14082082293021347
2014-08-01T08:00:00+09:30,lstm_residual,1.0708666505912874,0.9485782956470661,0.1222883549442213
2014-08-01T09:00:00+09:30,lstm_residual,2.4634750187397167,2.1967447199460617,0.26673029879365506
2014-08-01T10:00:00+09:30,lstm_residual,3.280025005340575,2.98598060858129,0.29404439675928495
2014-08-01T11:00:00+09:30,lstm_residual,3.5534528990586587,3.508540461499364,0.04491243755929464
2014-08-01T12:00:00+09:30,lstm_residual,3.9923195640246085,3.591862776668634,0.40045678735597434
2014-08-01T13:00:00+09:30,lstm_residual,3.878344396750117,3.634630441566614,0.24371395518350303
2014-08-01T14:00:00+09:30,lstm_residual,3.537713905175517,3.3636537954525783,0.17406010972293862
2014-08-01T15:00:00+09:30,lstm_residual,2.8895833492279,2.755099078239239,0.1344842709886609
2014-08-01T16:00:00+09:30,lstm_residual,1.7497055232524892,1.614799888775682,0.13490563447680715
2014-08-02T08:00:00+09:30,lstm_residual,1.0190944423278174,1.1256654944561324,-0.10657105212831497
2014-08-02T09:00:00+09:30,lstm_residual,2.4690222740173335,2.5167785520418096,-0.04775627802447602
2014-08-02T10:00:00+09:30,lstm_residual,3.2935779690742497,3.2543180009689676,0.039259968105282095
2014-08-02T11:00:00+09:30,lstm_residual,3.767927765846258,3.719891104826056,0.04803666102020232
2014-08-02T12:00:00+09:30,lstm_residual,3.9607388377189667,3.753088833488532,0.20765000423043478
2014-08-02T13:00:00+09:30,lstm_residual,3.8632999658584417,3.9340510415877263,-0.07075107572928463
2014-08-02T14:00:00+09:30,lstm_residual,3.5107889175415,3.553906525881102,-0.043117608339601876
2014-08-02T15:00:00+09:30,lstm_residual,2.857455591360733,2.886327478229031,-0.028871886868298002
2014-08-02T16:00:00+09:30,lstm_residual,1.7482165892918884,1.7302116552347058,0.01800493405718262
2014-08-03T08:00:00+09:30,lstm_residual,1.1184110802908716,1.1245573918590184,-0.006146311568146823
2014-08-03T09:00:00+09:30,lstm_residual,2.5437167088190584,2.5038402902329002,0.0398764185861582
2014-08-03T10:00:00+09:30,lstm_residual,3.37496664126715,3.2220711361733927,0.1528955050937575
2014-08-03T11:00:00+09:30,lstm_residual,3.8539557059605998,3.7357110645375173,0.11824464142308244
2014-08-03T12:00:00+09:30,lstm_residual,4.063055535157517,3.7512583449918173,0.3117971901656995
2014-08-03T13:00:00+09:30,lstm_residual,3.9901334047317416,3.876469885675505,0.1136635190562365
2014-08-03T14:00:00+09:30,lstm_residual,3.63884991407395,3.590942865650418,0.04790704842353177
2014-08-03T15:00:00+09:30,lstm_residual,3.005777716636658,2.9449965393572706,0.06078117727938759
2014-08-03T16:00:00+09:30,lstm_residual,1.8514277786016466,1.8308630956471337,0.02056468295451297
2014-08-04T08:00:00+09:30,lstm_residual,1.1350638692577701,1.2074202654883068,-0.07235639623053669
2014-08-04T09:00:00+09:30,lstm_residual,2.575883229573567,2.55279533522876,0.02308789434480696
2014-08-04T10:00:00+09:30,lstm_residual,3.4520251154899753,3.329003503858145,0.12302161163183012
2014-08-04T11:00:00+09:30,lstm_residual,4.00020825862885,3.8073148966075814,0.19289336202126828
2014-08-04T12:00:00+09:30,lstm_residual,4.217866897583,3.94455479475935,0.2733121028236498
2014-08-04T13:00:00+09:30,lstm_residual,4.117463966210683,3.949087305586769,0.1683766606239141
2014-08-04T14:00:00+09:30,lstm_residual,3.741191605726858,3.6421577358600143,0.09903386986684382
2014-08-04T15:00:00+09:30,lstm_residual,3.0653083324432333,2.966402886874492,0.09890544556874126
2014-08-04T16:00:00+09:30,lstm_residual,1.864602789282799,1.8510676526411118,0.013535136641687151
2014-08-05T08:00:00+09:30,lstm_residual,1.1804472096264433,1.1618532258856176,0.01859398374082577
2014-08-05T09:00:00+09:30,lstm_residual,2.6205055514971582,2.529036293624071,0.09146925787308735
2014-08-05T10:00:00+09:30,lstm_residual,3.0556555390357834,3.2961818529864026,-0.2405263139506193
2014-08-05T11:00:00+09:30,lstm_residual,3.896122276783,3.7332490791332416,0.1628731976497586
2014-08-05T12:00:00+09:30,lstm_residual,3.910991450150792,3.9335404493951738,-0.022548999244381918
2014-08-05T13:00:00+09:30,lstm_residual,3.633641739686333,3.916543185945345,-0.2829014462590118
2014-08-05T14:00:00+09:30,lstm_residual,2.7780555486679,3.546341084705123,-0.7682855360372227
2014-08-05T15:00:00+09:30,lstm_residual,2.9177416364351916,2.9410042078730694,-0.0232625714378778
2014-08-05T16:00:00+09:30,lstm_residual,1.7599722445011141,1.6976852293932203,0.062287015107893806
2014-08-06T08:00:00+09:30,lstm_residual,0.4596611124773811,0.7642323611090787,-0.30457124863169754
2014-08-06T09:00:00+09:30,lstm_residual,2.235955476760865,2.0849625595099575,0.1509929172509077
2014-08-06T10:00:00+09:30,lstm_residual,3.027188907066975,2.8040144598003627,0.2231744472666124
2014-08-06T11:00:00+09:30,lstm_residual,3.378249982992808,3.305264222070987,0.07298576092182074
2014-08-06T12:00:00+09:30,lstm_residual,3.8507667978604663,3.528684288599297,0.3220825092611692
2014-08-06T13:00:00+09:30,lstm_residual,3.108716666698458,3.4334166783813034,-0.32470001168284535
2014-08-06T14:00:00+09:30,lstm_residual,3.5488833983739254,2.7357103262279523,0.8131730721459731
2014-08-06T15:00:00+09:30,lstm_residual,2.75728329022725,2.390170751884833,0.36711253834241697
2014-08-06T16:00:00+09:30,lstm_residual,0.8933166687687266,1.537899157381133,-0.6445824886124063
2014-08-07T08:00:00+09:30,lstm_residual,1.0847111009061352,0.8639990580508854,0.2207120428552498
2014-08-07T09:00:00+09:30,lstm_residual,1.8435610781113192,2.212130974807973,-0.36856989669665396
2014-08-07T10:00:00+09:30,lstm_residual,2.6771944562594,2.99764457951847,-0.32045012325906974
2014-08-07T11:00:00+09:30,lstm_residual,3.4611221551895,3.3001558547886956,0.1609663004008044
2014-08-07T12:00:00+09:30,lstm_residual,2.6118777990341164,3.635342695823643,-1.0234648967895268
2014-08-07T13:00:00+09:30,lstm_residual,1.6844277282555915,3.1778754224920935,-1.493447694236502
2014-08-07T14:00:00+09:30,lstm_residual,2.9955499966939247,3.202548744389858,-0.20699874769593318
2014-08-07T15:00:00+09:30,lstm_residual,2.380327751239142,2.091685745796264,0.288642005442878
2014-08-07T16:00:00+09:30,lstm_residual,1.7353333433469,1.1863587833440912,0.5489745600028089
2014-08-08T08:00:00+09:30,lstm_residual,1.1298611300687016,1.0433513802906769,0.08650974977802472
2014-08-08T09:00:00+09:30,lstm_residual,2.4927055239677416,2.3469557160616548,0.14574980790608683
2014-08-08T10:00:00+09:30,lstm_residual,3.259861091772725,3.1173527657773397,0.1425083259953852
2014-08-08T11:00:00+09:30,lstm_residual,3.7277722557385666,3.7470574090596025,-0.019285153321035864
2014-08-08T12:00:00+09:30,lstm_residual,3.9088777701060002,3.7493077940087676,0.15956997609723267
2014-08-08T13:00:00+09:30,lstm_residual,3.845603982607525,3.888315882817788,-0.04271190021026339
2014-08-08T14:00:00+09:30,lstm_residual,3.5086887876192754,3.433120941647788,0.07556784597148747
2014-08-08T15:00:00+09:30,lstm_residual,2.9104777177175,2.699653572627393,0.21082414509010672
2014-08-08T16:00:00+09:30,lstm_residual,1.8450806091229108,1.6255205782349007,0.21956003088801013
2014-08-09T08:00:00+09:30,lstm_residual,1.1670055687427425,1.1060901378709709,0.06091543087177165
2014-08-09T09:00:00+09:30,lstm_residual,2.521536131699875,2.473603956201593,0.04793217549828199
2014-08-09T10:00:00+09:30,lstm_residual,3.2833555539449004,3.2551587778896427,0.028196776055257722
2014-08-09T11:00:00+09:30,lstm_residual,3.765019396940858,3.73971539000378,0.02530400693707824
2014-08-09T12:00:00+09:30,lstm_residual,3.9460610349973,3.879312115866982,0.06674891913031811
2014-08-09T13:00:00+09:30,lstm_residual,3.594588677088433,3.9424727199957585,-0.34788404290732533
2014-08-09T14:00:00+09:30,lstm_residual,3.5279501875241586,3.5926031766302575,-0.06465298910609896
2014-08-09T15:00:00+09:30,lstm_residual,2.8923889001210585,2.842825566151955,0.04956333396910351
2014-08-09T16:00:00+09:30,lstm_residual,1.8455138504505142,1.688657151306539,0.15685669914397526
2014-08-10T08:00:00+09:30,lstm_residual,1.1796583011746309,1.131875973912769,0.04778232726186182
2014-08-10T09:00:00+09:30,lstm_residual,2.5499278505643166,2.5105942802875707,0.03933357027674589
2014-08-10T10:00:00+09:30,lstm_residual,3.33770553270975,3.293202655726006,0.04450287698374389
2014-08-10T11:00:00+09:30,lstm_residual,3.6616666118304,3.7835581986344993,-0.12189158680409928
2014-08-10T12:00:00+09:30,lstm_residual,3.9630194902420004,3.904017738213016,0.05900175202898428
2014-08-10T13:00:00+09:30,lstm_residual,3.8997028470039248,3.9203654583027148,-0.02066261129878999
2014-08-10T14:00:00+09:30,lstm_residual,3.58426664272945,3.5795663233715462,0.004700319357903826
2014-08-10T15:00:00+09:30,lstm_residual,2.9594250520070333,2.8818442799624453,0.07758077204458802
2014-08-10T16:00:00+09:30,lstm_residual,1.890369435151415,1.7264514834219968,0.16391795172941825
2014-08-11T08:00:00+09:30,lstm_residual,1.160350001106655,1.0686866900610217,0.0916633110456333
2014-08-11T09:00:00+09:30,lstm_residual,2.52122779687245,2.3878978936544817,0.13332990321796823
2014-08-11T10:00:00+09:30,lstm_residual,3.2869889537493333,3.215941218279952,0.07104773546938148
2014-08-11T11:00:00+09:30,lstm_residual,3.744289020697258,3.6787615804326577,0.06552744026460022
2014-08-11T12:00:00+09:30,lstm_residual,3.9158277312914582,3.7441424317101766,0.17168529958128165
2014-08-11T13:00:00+09:30,lstm_residual,3.85093343257905,3.824299305162124,0.026634127416925946
2014-08-11T14:00:00+09:30,lstm_residual,3.5612221956253,3.497868851217873,0.06335334440742679
2014-08-11T15:00:00+09:30,lstm_residual,2.914455493291225,2.8468850454315136,0.06757044785971145
2014-08-11T16:00:00+09:30,lstm_residual,1.8440555185079501,1.6936082721043357,0.1504472464036144
2014-08-12T08:00:00+09:30,lstm_residual,1.157622218132015,1.116395898788267,0.0412263193437481
2014-08-12T09:00:00+09:30,lstm_residual,2.5511777798334916,2.421415296624101,0.12976248320939066
2014-08-12T10:00:00+09:30,lstm_residual,3.360855499903358,3.1760084999523044,0.1848469999510538
2014-08-12T11:00:00+09:30,lstm_residual,3.8302167057990917,3.6589642646351863,0.17125244116390537
2014-08-12T12:00:00+09:30,lstm_residual,3.8069389859835336,3.752727503466149,0.054211482517384724
2014-08-12T13:00:00+09:30,lstm_residual,4.003305633862792,3.8025221265336175,0.20078350732917416
2014-08-12T14:00:00+09:30,lstm_residual,3.646994491418217,3.561284719137437,0.08570977228078025
2014-08-12T15:00:00+09:30,lstm_residual,2.9662056167920503,2.894056607086688,0.07214900970536231
2014-08-12T16:00:00+09:30,lstm_residual,1.86563886205356,1.7410634467188975,0.12457541533466254
2014-08-13T08:00:00+09:30,lstm_residual,0.9857083087166151,1.1850140816998627,-0.1993057729832476
2014-08-13T09:00:00+09:30,lstm_residual,2.694983263810475,2.553991721523251,0.1409915422872241
2014-08-13T10:00:00+09:30,lstm_residual,3.5639916062355166,3.327875126905807,0.2361164793297097
2014-08-13T11:00:00+09:30,lstm_residual,4.064952790737141,3.7801404612032004,0.2848123295339411
2014-08-13T12:00:00+09:30,lstm_residual,4.237736066182467,3.930658844612254,0.30707722157021244
2014-08-13T13:00:00+09:30,lstm_residual,4.147019386291516,3.969016197710945,0.17800318858057151
2014-08-13T14:00:00+09:30,lstm_residual,3.7929943402608166,3.701690419003654,0.09130392125716247
2014-08-13T15:00:00+09:30,lstm_residual,3.1072804927825834,3.103226978072798,0.004053514709785322
2014-08-13T16:00:00+09:30,lstm_residual,1.9825916439294733,1.9689093025909261,0.013682341338547177
2014-08-14T08:00:00+09:30,lstm_residual,1.2551917421321102,1.2811490797490577,-0.025957337616947518
2014-08-14T09:00:00+09:30,lstm_residual,2.6923694809277916,2.626281580568353,0.06608790035943857
2014-08-14T10:00:00+09:30,lstm_residual,3.5666555762291083,3.3810779746567663,0.18557760157234204
2014-08-14T11:00:00+09:30,lstm_residual,4.039033432801567,3.778176851108131,0.26085658169343606
2014-08-14T12:00:00+09:30,lstm_residual,4.227155327796933,3.9870406297526655,0.24011469804426788
2014-08-14T13:00:00+09:30,lstm_residual,4.1421722372372995,4.001325966355468,0.14084627088183144
2014-08-14T14:00:00+09:30,lstm_residual,3.746844311555233,3.767165818333783,-0.020321506778549825
2014-08-14T15:00:00+09:30,lstm_residual,3.063608268896725,3.0944242116427274,-0.03081594274600219
2014-08-14T16:00:00+09:30,lstm_residual,1.9519138584534401,1.9275709865938868,0.024342871859553306
2014-08-15T08:00:00+09:30,lstm_residual,1.2687138554950532,1.392270373516502,-0.12355651802144885
2014-08-15T09:00:00+09:30,lstm_residual,2.6003461678822917,2.719907978073877,-0.1195618101915854
2014-08-15T10:00:00+09:30,lstm_residual,3.5290890733400997,3.415414067147442,0.11367500619265769
2014-08-15T11:00:00+09:30,lstm_residual,4.043572346369433,3.907405737341269,0.1361666090281637
2014-08-15T12:00:00+09:30,lstm_residual,4.224677840868616,3.9710969966943255,0.25358084417429083
2014-08-15T13:00:00+09:30,lstm_residual,4.113855640093483,4.00996583907815,0.10388980101533285
2014-08-15T14:00:00+09:30,lstm_residual,3.7465221484502167,3.6839145107733176,0.06260763767689914
2014-08-15T15:00:00+09:30,lstm_residual,3.069772203763325,2.9949677904079035,0.07480441335542132
2014-08-15T16:00:00+09:30,lstm_residual,1.9749111334482767,1.853659810447931,0.1212513230003458
2014-08-16T08:00:00+09:30,lstm_residual,1.2552666502694383,1.2622324475110878,-0.006965797241649474
2014-08-16T09:00:00+09:30,lstm_residual,2.636824905872342,2.541842525498718,0.09498238037362405
2014-08-16T10:00:00+09:30,lstm_residual,3.4352389574050997,3.2788406977854594,0.15639825961964027
2014-08-16T11:00:00+09:30,lstm_residual,3.5244020620981753,3.6693389949269855,-0.14493693282881015
2014-08-16T12:00:00+09:30,lstm_residual,3.786260982354483,3.849935612468084,-0.06367463011360108
2014-08-16T13:00:00+09:30,lstm_residual,3.378994405269617,3.8211428759357755,-0.4421484706661585
2014-08-16T14:00:00+09:30,lstm_residual,3.4413722952206918,3.5889759056565107,-0.14760361043581893
2014-08-16T15:00:00+09:30,lstm_residual,3.02359998226165,2.9426733029590357,0.08092667930261443
2014-08-16T16:00:00+09:30,lstm_residual,1.9049301544825266,1.7498107519359103,0.15511940254661627
2014-08-17T08:00:00+09:30,lstm_residual,1.2963083647191584,1.3491999596977777,-0.05289159497861928
2014-08-17T09:00:00+09:30,lstm_residual,2.62151394287745,2.6332751920918596,-0.011761249214409464
2014-08-17T10:00:00+09:30,lstm_residual,2.596369544665015,3.3319051908791666,-0.7355356462141516
2014-08-17T11:00:00+09:30,lstm_residual,3.904302686452867,3.7591810180655796,0.14512166838728735
2014-08-17T12:00:00+09:30,lstm_residual,4.010302960872658,4.043622254757073,-0.033319293884415124
2014-08-17T13:00:00+09:30,lstm_residual,4.095183332761142,3.883537989145378,0.2116453436157637
2014-08-17T14:00:00+09:30,lstm_residual,3.6914666493733583,3.7107366578780345,-0.019270008504676195
2014-08-17T15:00:00+09:30,lstm_residual,3.0409111380577083,2.9606452588580225,0.08026587919968575
2014-08-17T16:00:00+09:30,lstm_residual,1.9519805908203216,1.4414174789719896,0.510563111848332
2014-08-18T08:00:00+09:30,lstm_residual,1.3524555414914976,1.403825997287468,-0.05137045579597044
2014-08-18T09:00:00+09:30,lstm_residual,2.6899277369181167,2.741812649095217,-0.05188491217710034
2014-08-18T10:00:00+09:30,lstm_residual,3.477739055951442,3.4359123405208076,0.04182671543063421
2014-08-18T11:00:00+09:30,lstm_residual,3.8025862971941584,3.942994423891967,-0.14040812669780856
2014-08-18T12:00:00+09:30,lstm_residual,4.115841627120958,4.120257446665018,-0.004415819544060007
2014-08-18T13:00:00+09:30,lstm_residual,4.0210000673929835,4.156615127661118,-0.13561506026813408
2014-08-18T14:00:00+09:30,lstm_residual,3.6207723220189334,3.783555245860998,-0.1627829238420646
2014-08-18T15:00:00+09:30,lstm_residual,2.97831936677295,3.054499972211446,-0.0761806054384957
2014-08-18T16:00:00+09:30,lstm_residual,1.9420916934808117,1.8419609975431666,0.10013069593764512
2014-08-19T08:00:00+09:30,lstm_residual,1.3759777521093774,1.4303556102845345,-0.05437785817515706
2014-08-19T09:00:00+09:30,lstm_residual,2.6551666855812166,2.750254292307696,-0.0950876067264792
2014-08-19T10:00:00+09:30,lstm_residual,3.4340666532516413,3.4930672168974413,-0.059000563645799975
2014-08-19T11:00:00+09:30,lstm_residual,3.8812443812688087,3.970457576888323,-0.08921319561951435
2014-08-19T12:00:00+09:30,lstm_residual,4.0814555088679,4.095671259300886,-0.014215750432986063
2014-08-19T13:00:00+09:30,lstm_residual,3.981561283270517,4.163878688188422,-0.18231740491790527
2014-08-19T14:00:00+09:30,lstm_residual,3.614099959532425,3.788609006138863,-0.17450904660643785
2014-08-19T15:00:00+09:30,lstm_residual,2.9665389060974086,3.020075439938042,-0.05353653384063328
2014-08-19T16:00:00+09:30,lstm_residual,1.945316652456925,1.8204767892342684,0.12483986322265661
2014-08-19T17:00:00+09:30,lstm_residual,0.19197223521769144,0.22622872614661382,-0.034256490928922384
2014-08-20T08:00:00+09:30,lstm_residual,1.3865555549661208,1.3977504417702442,-0.011194886804123394
2014-08-20T09:00:00+09:30,lstm_residual,2.6549221674601333,2.6792403933580764,-0.02431822589794308
2014-08-20T10:00:00+09:30,lstm_residual,3.4067388574282416,3.4610658882624525,-0.054327030834210976
2014-08-20T11:00:00+09:30,lstm_residual,3.840111096700033,3.913128217158687,-0.07301712045865383
2014-08-20T12:00:00+09:30,lstm_residual,4.0823334256808,4.038996223608859,0.04333720207194158
2014-08-20T13:00:00+09:30,lstm_residual,4.003994544347133,4.082053120011151,-0.07805857566401819
2014-08-20T14:00:00+09:30,lstm_residual,3.631605466206875,3.716861279744161,-0.08525581353728606
2014-08-20T15:00:00+09:30,lstm_residual,3.0036944746971166,2.997851175701818,0.005843298995298785
2014-08-20T16:00:00+09:30,lstm_residual,1.8582500517368292,1.795252969915545,0.06299708182128416
2014-08-20T17:00:00+09:30,lstm_residual,0.1965999997531375,0.2155428679765221,-0.018942868223384618
2014-08-21T08:00:00+09:30,lstm_residual,1.4027055675784716,1.3832991968136383,0.019406370764833314
2014-08-21T09:00:00+09:30,lstm_residual,2.648627797762558,2.657747945875796,-0.009120148113237914
2014-08-21T10:00:00+09:30,lstm_residual,3.389369050661717,3.421809381380854,-0.03244033071913721
2014-08-21T11:00:00+09:30,lstm_residual,3.82167212168375,3.8640794435584738,-0.042407321874723625
2014-08-21T12:00:00+09:30,lstm_residual,4.028444627920792,3.965636551159996,0.06280807676079636
2014-08-21T13:00:00+09:30,lstm_residual,4.009216666221625,3.9854259068905993,0.02379075933102559
2014-08-21T14:00:00+09:30,lstm_residual,3.63184173901875,3.6793871645892255,-0.0475454255704757
2014-08-21T15:00:00+09:30,lstm_residual,2.99099163214365,2.972373453871973,0.018618178271677
2014-08-21T16:00:00+09:30,lstm_residual,1.8976944983005477,1.7623497340541536,0.13534476424639408
2014-08-21T17:00:00+09:30,lstm_residual,0.19528610724955783,0.2064309825019932,-0.011144875252435377
2014-08-22T08:00:00+09:30,lstm_residual,1.4292055914799293,1.3814778448947047,0.047727746585224606
2014-08-22T09:00:00+09:30,lstm_residual,2.6391028364499416,2.65054632150078,-0.011443485050838476
2014-08-22T10:00:00+09:30,lstm_residual,3.399252831935875,3.410958545988696,-0.011705714052820948
2014-08-22T11:00:00+09:30,lstm_residual,3.81412504116695,3.8408721388906018,-0.02674709772365169
2014-08-22T12:00:00+09:30,lstm_residual,3.9559747576713584,3.957785622565182,-0.0018108648938235383
2014-08-22T13:00:00+09:30,lstm_residual,3.9029306570688918,3.980531270128553,-0.07760061305966115
2014-08-22T14:00:00+09:30,lstm_residual,3.5669747591018663,3.63562988258853,-0.0686551234866637
2014-08-22T15:00:00+09:30,lstm_residual,2.9519722461700417,2.929026821396711,0.022945424773330725
2014-08-22T16:00:00+09:30,lstm_residual,1.8570416669050818,1.7528173882048252,0.10422427870025652
2014-08-22T17:00:00+09:30,lstm_residual,0.18813333846628733,0.18132160460440538,0.006811733861881941
2014-08-23T08:00:00+09:30,lstm_residual,1.4367333054542468,1.2757033881904978,0.16102991726374905
2014-08-23T09:00:00+09:30,lstm_residual,2.6112388173739,2.5659669362249824,0.04527188114891745
2014-08-23T10:00:00+09:30,lstm_residual,3.35242770115535,3.3386357306388454,0.013791970516504382
2014-08-23T11:00:00+09:30,lstm_residual,3.8009833097457917,3.780215388766222,0.0207679209795697
2014-08-23T12:00:00+09:30,lstm_residual,4.0081837773323,3.9016057047859882,0.10657807254631146
2014-08-23T13:00:00+09:30,lstm_residual,3.8924778898556998,3.9082828047144327,-0.01580491485873292
2014-08-23T14:00:00+09:30,lstm_residual,3.5849553346633836,3.5695409659488972,0.015414368714486315
2014-08-23T15:00:00+09:30,lstm_residual,2.976011077562967,2.8540006280066335,0.12201044955633344
2014-08-23T16:00:00+09:30,lstm_residual,1.838999996582664,1.6841153286587636,0.15488466792390043
2014-08-23T17:00:00+09:30,lstm_residual,0.2035722301031149,0.16810913418104445,0.03546309592207045
2014-08-24T08:00:00+09:30,lstm_residual,1.4781777908404516,1.3344491834296521,0.1437286074107995
2014-08-24T09:00:00+09:30,lstm_residual,2.66041656335195,2.6321078518588723,0.028308711493077787
2014-08-24T10:00:00+09:30,lstm_residual,3.4018444220224997,3.38812284159109,0.013721580431409919
2014-08-24T11:00:00+09:30,lstm_residual,3.850500126679742,3.8366965617091315,0.013803564970610527
2014-08-24T12:00:00+09:30,lstm_residual,4.002927978833525,3.9582904030916235,0.044637575741901525
2014-08-24T13:00:00+09:30,lstm_residual,3.9151002168655418,3.956315931809375,-0.04121571494383325
2014-08-24T14:00:00+09:30,lstm_residual,3.591272354125992,3.6042742324741215,-0.013001878348129381
2014-08-24T15:00:00+09:30,lstm_residual,2.959222257137308,2.915016815844243,0.04420544129306503
2014-08-24T16:00:00+09:30,lstm_residual,1.828027725219726,1.7115909680082635,0.1164367572114624
2014-08-24T17:00:00+09:30,lstm_residual,0.20913888482997892,0.1625722472529978,0.046566637576981124
2014-08-25T08:00:00+09:30,lstm_residual,1.5104555785655933,1.3511173256107507,0.1593382529548426
2014-08-25T09:00:00+09:30,lstm_residual,2.6800055503845166,2.6040005033937037,0.0760050469908129
2014-08-25T10:00:00+09:30,lstm_residual,3.4292027950286745,3.4237747106487184,0.005428084379956122
2014-08-25T11:00:00+09:30,lstm_residual,3.8683251738548248,3.8456729297745005,0.02265224408032429
2014-08-25T12:00:00+09:30,lstm_residual,4.08416946729025,3.9487987455259725,0.13537072176427767
2014-08-25T13:00:00+09:30,lstm_residual,3.9812919696172,3.954038326349659,0.027253643267540983
2014-08-25T14:00:00+09:30,lstm_residual,3.6072583993276166,3.6178133129425127,-0.010554913614896133
2014-08-25T15:00:00+09:30,lstm_residual,2.966511189937583,2.9290707956458664,0.03744039429171675
2014-08-25T16:00:00+09:30,lstm_residual,1.8060278048118141,1.70522984860622,0.10079795620559406
2014-08-25T17:00:00+09:30,lstm_residual,0.21636944698790725,0.15683649622802653,0.059532950759880715
2014-08-26T08:00:00+09:30,lstm_residual,1.5037555843591648,1.4192131176331362,0.08454246672602861
2014-08-26T09:00:00+09:30,lstm_residual,2.666808327039075,2.7393346074889933,-0.07252628044991827
2014-08-26T10:00:00+09:30,lstm_residual,3.319966753323867,3.463857728423089,-0.1438909750992221
2014-08-26T11:00:00+09:30,lstm_residual,3.900902867317217,3.848479200665049,0.052423666652168244
2014-08-26T12:00:00+09:30,lstm_residual,4.0678279399871835,3.9750461447728416,0.09278179521434193
2014-08-26T13:00:00+09:30,lstm_residual,3.9576000372568916,3.997593623759037,-0.03999358650214546
2014-08-26T14:00:00+09:30,lstm_residual,3.586836139361083,3.671002251700569,-0.0841661123394859
2014-08-26T15:00:00+09:30,lstm_residual,2.9424861868222503,2.949021030239515,-0.006534843417264735
2014-08-26T16:00:00+09:30,lstm_residual,1.7898805886507125,1.7279878557583443,0.061892732892368185
2014-08-26T17:00:00+09:30,lstm_residual,0.21328889454404423,0.19977710531218806,0.01351178923185617
2014-08-27T08:00:00+09:30,lstm_residual,1.6064694027106008,1.4840526833772287,0.12241671933337206
2014-08-27T09:00:00+09:30,lstm_residual,2.7470527092615833,2.7883938327409155,-0.041341123479332165
2014-08-27T10:00:00+09:30,lstm_residual,3.493033329645783,3.5301080033444587,-0.037074673698675564
2014-08-27T11:00:00+09:30,lstm_residual,3.956719557444258,3.9088272927243133,0.04789226471994468
2014-08-27T12:00:00+09:30,lstm_residual,4.106074929237367,4.034911105925554,0.07116382331181281
2014-08-27T13:00:00+09:30,lstm_residual,3.9936111966768837,4.046157265305686,-0.05254606862880218
2014-08-27T14:00:00+09:30,lstm_residual,3.632063865661625,3.714669722502019,-0.08260585684039379
2014-08-27T15:00:00+09:30,lstm_residual,3.0209695498148665,3.0302722925716656,-0.009302742756799098
2014-08-27T16:00:00+09:30,lstm_residual,1.8147527823845584,1.7829450672249711,0.031807715159587246
2014-08-27T17:00:00+09:30,lstm_residual,0.19775833965589665,0.26685713447052206,-0.06909879481462541
2014-08-28T08:00:00+09:30,lstm_residual,1.6034166961908285,1.5805012825499902,0.022915413640838267
2014-08-28T09:00:00+09:30,lstm_residual,2.740936100482942,2.7745520652664664,-0.033615964783524355
2014-08-28T10:00:00+09:30,lstm_residual,3.5086639523506165,3.5084823008612926,0.0001816514893238086
2014-08-28T11:00:00+09:30,lstm_residual,3.9675808747609587,3.8475994947573744,0.11998138000358427
2014-08-28T12:00:00+09:30,lstm_residual,4.09674445788065,4.042385328908685,0.054359128971965376
2014-08-28T13:00:00+09:30,lstm_residual,3.8467667698860253,4.03962444109337,-0.19285767120734443
2014-08-28T14:00:00+09:30,lstm_residual,3.6199610431988916,3.674518052625525,-0.05455700942663366
2014-08-28T15:00:00+09:30,lstm_residual,2.8658387660980167,2.981132751866795,-0.11529398576877847
2014-08-28T16:00:00+09:30,lstm_residual,1.7792638639608997,1.8106786170115694,-0.03141475305066965
2014-08-28T17:00:00+09:30,lstm_residual,0.19392500538378865,0.23852757919457412,-0.04460257381078547
2014-08-29T08:00:00+09:30,lstm_residual,1.5734832932551808,1.5522648493007671,0.021218443954413635
2014-08-29T09:00:00+09:30,lstm_residual,2.678577701250717,2.7467328631649868,-0.06815516191426996
2014-08-29T10:00:00+09:30,lstm_residual,3.4121277928352414,3.479078574347569,-0.06695078151232758
2014-08-29T11:00:00+09:30,lstm_residual,3.8393223881721585,3.816938503242897,0.022383884929261466
2014-08-29T12:00:00+09:30,lstm_residual,4.001755475997917,4.024280531849587,-0.022525055851669862
2014-08-29T13:00:00+09:30,lstm_residual,3.8840944170951666,4.005957193627765,-0.12186277653259836
2014-08-29T14:00:00+09:30,lstm_residual,3.5352001388867667,3.646619448107937,-0.11141930922117016
2014-08-29T15:00:00+09:30,lstm_residual,2.9156277775764585,2.897390579512653,0.018237198063805415
2014-08-29T16:00:00+09:30,lstm_residual,1.7416277825832343,1.6878597655190513,0.053768017064182994
2014-08-29T17:00:00+09:30,lstm_residual,0.18471111170947507,0.18851271297355865,-0.003801601264083576
2014-08-30T08:00:00+09:30,lstm_residual,1.6269388546546517,1.5721458476929395,0.05479300696171219
2014-08-30T09:00:00+09:30,lstm_residual,2.7371778090795,2.7502359954053404,-0.013058186325840548
2014-08-30T10:00:00+09:30,lstm_residual,3.47707227865855,3.5352625865460174,-0.05819030788746726
2014-08-30T11:00:00+09:30,lstm_residual,3.896166721979767,3.967452191916023,-0.07128546993625573
2014-08-30T12:00:00+09:30,lstm_residual,4.075005511442817,4.066220629126108,0.00878488231670893
2014-08-30T13:00:00+09:30,lstm_residual,3.9645999272664336,4.083488351071221,-0.11888842380478737
2014-08-30T14:00:00+09:30,lstm_residual,3.619338989257825,3.666341262190706,-0.04700227293288117
2014-08-30T15:00:00+09:30,lstm_residual,2.961072305838275,2.9420520107328816,0.01902029510539327
2014-08-30T16:00:00+09:30,lstm_residual,1.7580499847730016,1.7347574342862395,0.023292550486762043
2014-08-30T17:00:00+09:30,lstm_residual,0.16800555773079426,0.20658982942514992,-0.03858427169435566
2014-08-31T08:00:00+09:30,lstm_residual,1.641899943351735,1.6601778736235522,-0.018277930271817233
2014-08-31T09:00:00+09:30,lstm_residual,2.750711162885025,2.8078136650046988,-0.057102502119673826
2014-08-31T10:00:00+09:30,lstm_residual,3.453664422035217,3.4926086639366547,-0.03894424190143786
2014-08-31T11:00:00+09:30,lstm_residual,3.8103249470392835,3.8475837268638555,-0.03725877982457204
2014-08-31T12:00:00+09:30,lstm_residual,3.973838845888775,3.95196447059703,0.02187437529174474
2014-08-31T13:00:00+09:30,lstm_residual,3.9199499686559,3.9728188557571325,-0.05286888710123261
2014-08-31T14:00:00+09:30,lstm_residual,3.5772859851519083,3.5776540491671676,-0.0003680640152592396
2014-08-31T15:00:00+09:30,lstm_residual,2.9371583461761497,2.9105349352087426,0.026623410967407057
2014-08-31T16:00:00+09:30,lstm_residual,1.7184888571500725,1.6854626452504133,0.03302621189965915
2014-08-31T17:00:00+09:30,lstm_residual,0.1590166650712496,0.18162200581348975,-0.02260534074224016
2014-09-01T08:00:00+09:30,lstm_residual,1.6302972584962874,1.5410760815110267,0.08922117698526066
2014-09-01T09:00:00+09:30,lstm_residual,2.7006778319676665,2.6640770726107226,0.03660075935694396
2014-09-01T10:00:00+09:30,lstm_residual,3.4059859911600667,3.3402026527419926,0.06578333841807416
2014-09-01T11:00:00+09:30,lstm_residual,3.783561170101175,3.773095686809303,0.010465483291872246
2014-09-01T12:00:00+09:30,lstm_residual,3.9531556765238496,3.851356385068257,0.10179929145559274
2014-09-01T13:00:00+09:30,lstm_residual,3.8719027837117586,3.8922769918384588,-0.02037420812670021
2014-09-01T14:00:00+09:30,lstm_residual,3.5097222328186,3.5071923889347967,0.0025298438838032844
2014-09-01T15:00:00+09:30,lstm_residual,2.9014721711476668,2.825027929097681,0.07644424204998579
2014-09-01T16:00:00+09:30,lstm_residual,1.6739527781804533,1.6101625039462157,0.06379027423423755
2014-09-01T17:00:00+09:30,lstm_residual,0.15611666565140075,0.17408013472586525,-0.0179634690744645
2014-09-02T08:00:00+09:30,lstm_residual,1.630022227764128,1.4959099438892522,0.13411228387487584
2014-09-02T09:00:00+09:30,lstm_residual,2.786058306694033,2.561751399570568,0.22430690712346513
2014-09-02T10:00:00+09:30,lstm_residual,3.539811193943025,3.3421875564141033,0.19762363752892176
2014-09-02T11:00:00+09:30,lstm_residual,3.9878026843070917,3.7740507615908085,0.21375192271628318
2014-09-02T12:00:00+09:30,lstm_residual,4.148211161295592,3.930403068684126,0.21780809261146583
2014-09-02T13:00:00+09:30,lstm_residual,4.0251695116361,3.9131644398767875,0.11200507175931218
2014-09-02T14:00:00+09:30,lstm_residual,3.636352876822167,3.635053488867654,0.0012993879545128983
2014-09-02T15:00:00+09:30,lstm_residual,2.9493027329444916,2.9712458491845464,-0.02194311624005474
2014-09-02T16:00:00+09:30,lstm_residual,1.7039916565020776,1.7291804050765678,-0.02518874857449016
2014-09-02T17:00:00+09:30,lstm_residual,0.15616695707042907,0.24074967095055533,-0.08458271388012625
2014-09-03T08:00:00+09:30,lstm_residual,1.6819278101126391,1.7028855917012813,-0.020957781588642144
2014-09-03T09:00:00+09:30,lstm_residual,2.8022111256917337,2.8661243785165214,-0.06391325282478766
2014-09-03T10:00:00+09:30,lstm_residual,3.5222555796305333,3.6037797901644995,-0.08152421053396619
2014-09-03T11:00:00+09:30,lstm_residual,3.9338114460309335,3.854425603179039,0.07938584285189432
2014-09-03T12:00:00+09:30,lstm_residual,4.012327710787466,4.045553477868655,-0.03322576708118863
2014-09-03T13:00:00+09:30,lstm_residual,3.673016846179967,4.06097316130974,-0.38795631512977335
2014-09-03T14:00:00+09:30,lstm_residual,3.510172247886658,3.7152994097273258,-0.2051271618406676
2014-09-03T15:00:00+09:30,lstm_residual,2.9032833576202415,3.0151261586193594,-0.11184280099911792
2014-09-03T16:00:00+09:30,lstm_residual,1.6609777758518793,1.770972676570281,-0.10999490071840157
2014-09-03T17:00:00+09:30,lstm_residual,0.15477777644991866,0.2685665043330393,-0.11378872788312064
2014-09-04T08:00:00+09:30,lstm_residual,1.6030611544847606,1.4136442286571376,0.18941692582762304
2014-09-04T09:00:00+09:30,lstm_residual,2.6772389411926336,2.4161759033789734,0.26106303781366025
2014-09-04T10:00:00+09:30,lstm_residual,3.3424390157063666,3.0427798207907193,0.2996591949156473
2014-09-04T11:00:00+09:30,lstm_residual,3.7594167192776915,3.537055861049803,0.22236085822788842
2014-09-04T12:00:00+09:30,lstm_residual,3.967833598454775,3.706253613204642,0.2615799852501328
2014-09-04T13:00:00+09:30,lstm_residual,3.8964166641235334,3.7933968142655496,0.10301984985798374
2014-09-04T14:00:00+09:30,lstm_residual,3.615616838137308,3.4987723106825666,0.11684452745474161
2014-09-04T15:00:00+09:30,lstm_residual,2.8382943669954837,2.8137597342459753,0.0245346327495084
2014-09-04T16:00:00+09:30,lstm_residual,1.6194778084755,1.5915141354771436,0.027963672998356337
2014-09-04T17:00:00+09:30,lstm_residual,0.1628333261857426,0.168184253334418,-0.005350927148675411
2014-09-05T07:00:00+09:30,lstm_residual,0.21882223120580177,0.18688368248676623,0.03193854871903554
2014-09-05T08:00:00+09:30,lstm_residual,0.98773610840241,1.5628459845771712,-0.5751098761747612
2014-09-05T09:00:00+09:30,lstm_residual,1.3517972330252415,2.67972938667216,-1.3279321536469186
2014-09-05T10:00:00+09:30,lstm_residual,1.6309556265672167,3.4845409701688133,-1.8535853436015965
2014-09-05T11:00:00+09:30,lstm_residual,2.536116619904825,3.7943037285083046,-1.2581871086034795
2014-09-05T12:00:00+09:30,lstm_residual,3.9723750750223914,3.912921619683229,0.05945345533916235
2014-09-05T13:00:00+09:30,lstm_residual,2.8579833110173585,3.5916544401469492,-0.7336711291295908
2014-09-05T14:00:00+09:30,lstm_residual,2.10610284407935,2.9573501197561254,-0.8512472756767755
2014-09-05T15:00:00+09:30,lstm_residual,1.2241055195530224,2.208018570248748,-0.9839130506957254
2014-09-05T16:00:00+09:30,lstm_residual,0.5489583263794592,1.01703405727547,-0.46807573089601073
2014-09-05T17:00:00+09:30,lstm_residual,0.21125276735983842,0.13691016368763886,0.07434260367219955
2014-09-06T07:00:00+09:30,lstm_residual,0.3004194423556316,0.16811530397405994,0.13230413838157168
2014-09-06T08:00:00+09:30,lstm_residual,1.0974222049117133,0.9156128402880239,0.18180936462368935
2014-09-06T09:00:00+09:30,lstm_residual,2.2288555304209585,1.849741256470506,0.3791142739504525
2014-09-06T10:00:00+09:30,lstm_residual,2.079975013931603,2.549985231620913,-0.47001021768930995
2014-09-06T11:00:00+09:30,lstm_residual,3.8278388182322165,2.8851430001914675,0.942695818040749
2014-09-06T12:00:00+09:30,lstm_residual,3.5153693556785583,3.077374185765873,0.43799516991268517
2014-09-06T13:00:00+09:30,lstm_residual,2.9780694345633165,3.3053747254523995,-0.327305290889083
2014-09-06T14:00:00+09:30,lstm_residual,2.151763896147408,2.5942604813540093,-0.4424965852066012
2014-09-06T15:00:00+09:30,lstm_residual,1.0592360918720558,2.067937724370557,-1.0087016324985012
2014-09-06T16:00:00+09:30,lstm_residual,0.4624388801554833,0.9214244949075052,-0.45898561475202193
2014-09-06T17:00:00+09:30,lstm_residual,0.24436388785640376,0.21516660185293768,0.029197286003466077
2014-09-07T07:00:00+09:30,lstm_residual,0.24128112507363197,0.11817362847960422,0.12310749659402775
2014-09-07T08:00:00+09:30,lstm_residual,1.6251110881567035,0.9098319984240393,0.7152790897326642
2014-09-07T09:00:00+09:30,lstm_residual,2.64921671152115,2.0693731083755296,0.5798436031456204
2014-09-07T10:00:00+09:30,lstm_residual,3.3333722750345665,2.698373640548224,0.6349986344863425
2014-09-07T11:00:00+09:30,lstm_residual,3.7153943777084333,3.2012887809464217,0.5141055967620116
2014-09-07T12:00:00+09:30,lstm_residual,3.8393110434214166,3.395616687007307,0.4436943564141096
2014-09-07T13:00:00+09:30,lstm_residual,3.728350043296816,3.443831043825142,0.28451899947167414
2014-09-07T14:00:00+09:30,lstm_residual,3.4147888819376497,3.143010001525507,0.2717788804121426
2014-09-07T15:00:00+09:30,lstm_residual,2.7534777124722667,2.5021561116230173,0.25132160084924937
2014-09-07T16:00:00+09:30,lstm_residual,1.5715999851624243,1.2449881190072412,0.3266118661551831
2014-09-07T17:00:00+09:30,lstm_residual,0.1536888889968389,0.1612668748940137,-0.007577985897174788
2014-09-08T07:00:00+09:30,lstm_residual,0.24754444820185484,0.24184564714577184,0.005698801056083003
2014-09-08T08:00:00+09:30,lstm_residual,1.556700011094401,1.5548144644708282,0.0018855466235727647
2014-09-08T09:00:00+09:30,lstm_residual,2.6257721185684253,2.5788524181021564,0.04691970046626892
2014-09-08T10:00:00+09:30,lstm_residual,3.346866766611725,3.385150097063723,-0.038283330451998054
2014-09-08T11:00:00+09:30,lstm_residual,3.762294451395667,3.764379907087867,-0.002085455692200089
2014-09-08T12:00:00+09:30,lstm_residual,3.9053389032681998,3.8999543785349307,0.005384524733269114
2014-09-08T13:00:00+09:30,lstm_residual,3.7839387257893833,3.908872684664578,-0.12493395887519476
2014-09-08T14:00:00+09:30,lstm_residual,3.379511018594117,3.3610170069475838,0.01849401164653308
2014-09-08T15:00:00+09:30,lstm_residual,2.736799955368033,2.7124726827637726,0.024327272604260486
2014-09-08T16:00:00+09:30,lstm_residual,1.5370944390694268,1.5200202732524923,0.01707416581693444
2014-09-08T17:00:00+09:30,lstm_residual,0.16907221389313543,0.17010414957455477,-0.0010319356814193492
2014-09-09T07:00:00+09:30,lstm_residual,0.26557776502644015,0.22369192368124302,0.04188584134519713
2014-09-09T08:00:00+09:30,lstm_residual,1.6155055264631901,1.3745454843592197,0.24096004210397037
2014-09-09T09:00:00+09:30,lstm_residual,2.6633722583452832,2.51608035661832,0.14729190172696338
2014-09-09T10:00:00+09:30,lstm_residual,3.33842782179515,3.1740554570360104,0.16437236475913952
2014-09-09T11:00:00+09:30,lstm_residual,3.704327662785833,3.5968140162585374,0.10751364652729567
2014-09-09T12:00:00+09:30,lstm_residual,3.886483510335292,3.7541061727572576,0.13237733757803438
2014-09-09T13:00:00+09:30,lstm_residual,3.8139611283938,3.6508367287830414,0.16312439961075853
2014-09-09T14:00:00+09:30,lstm_residual,3.4533889691034916,3.3144629322962693,0.13892603680722226
2014-09-09T15:00:00+09:30,lstm_residual,2.8063723246256416,2.6413076874637467,0.1650646371618949
2014-09-09T16:00:00+09:30,lstm_residual,1.5727388908465658,1.4807754645660114,0.09196342628055443
2014-09-09T17:00:00+09:30,lstm_residual,0.14099990700682033,0.17558395295348084,-0.03458404594666051
2014-09-10T07:00:00+09:30,lstm_residual,0.280752765635649,0.25124549717587774,0.029507268459771252
2014-09-10T08:00:00+09:30,lstm_residual,1.7345749835173334,1.5924956975039906,0.14207928601334285
2014-09-10T09:00:00+09:30,lstm_residual,2.8197471300760832,2.7714149375802304,0.048332192495852855
2014-09-10T10:00:00+09:30,lstm_residual,3.5285889108975663,3.456508210994605,0.07208069990296151
2014-09-10T11:00:00+09:30,lstm_residual,3.918755670388533,3.891070496347823,0.027685174040710248
2014-09-10T12:00:00+09:30,lstm_residual,4.006177544593817,3.9994618067134495,0.006715737880367723
2014-09-10T13:00:00+09:30,lstm_residual,3.886972010135658,3.951054793081489,-0.06408278294583081
2014-09-10T14:00:00+09:30,lstm_residual,3.5106555223464917,3.633768469904953,-0.12311294755846136
2014-09-10T15:00:00+09:30,lstm_residual,2.8613220850626586,2.929891187029215,-0.06856910196655619
2014-09-10T16:00:00+09:30,lstm_residual,1.5386527379353876,1.683680173283648,-0.14502743534826035
2014-09-10T17:00:00+09:30,lstm_residual,0.18412777346869433,0.2215163346093486,-0.03738856114065428
2014-09-11T07:00:00+09:30,lstm_residual,0.3035583371917406,0.21315406555694583,0.09040427163479475
2014-09-11T08:00:00+09:30,lstm_residual,1.6590555409590333,1.5464624794483588,0.1125930615106745
2014-09-11T09:00:00+09:30,lstm_residual,1.8302194277445334,2.6897640829362857,-0.8595446551917523
2014-09-11T10:00:00+09:30,lstm_residual,3.090169409910825,3.3962885855741805,-0.30611917566335567
2014-09-11T11:00:00+09:30,lstm_residual,3.018852720657975,3.802953391078998,-0.7841006704210232
2014-09-11T12:00:00+09:30,lstm_residual,3.4428749879201246,3.9498417026422903,-0.5069667147221657
2014-09-11T13:00:00+09:30,lstm_residual,2.98724444707235,3.9429097208813935,-0.9556652738090436
2014-09-11T14:00:00+09:30,lstm_residual,3.237330615520475,3.2550768436155795,-0.0177462280951044
2014-09-11T15:00:00+09:30,lstm_residual,2.8181777993838,2.4078327644198607,0.41034503496393926
2014-09-11T16:00:00+09:30,lstm_residual,1.5160860468944068,1.440358567439403,0.0757274794550038
2014-09-11T17:00:00+09:30,lstm_residual,0.20933333784341915,0.15554977942478554,0.05378355841863361
2014-09-12T07:00:00+09:30,lstm_residual,0.30708888980249577,0.24886640767332224,0.058222482129173525
2014-09-12T08:00:00+09:30,lstm_residual,1.7175777653853084,1.527790108186114,0.18978765719919433
2014-09-12T09:00:00+09:30,lstm_residual,2.707072277863817,2.5926761478555758,0.11439613000824123
2014-09-12T10:00:00+09:30,lstm_residual,3.5061165889104333,3.2874138346953603,0.21870275421507301
2014-09-12T11:00:00+09:30,lstm_residual,3.9033114314079334,3.7092383621063107,0.1940730693016226
2014-09-12T12:00:00+09:30,lstm_residual,4.1151498556137085,3.7408842779881333,0.3742655776255752
2014-09-12T13:00:00+09:30,lstm_residual,4.00926103194555,3.7661150669430254,0.24314596500252428
2014-09-12T14:00:00+09:30,lstm_residual,3.4878444274266585,3.498794803064693,-0.010950375638034693
2014-09-12T15:00:00+09:30,lstm_residual,2.9560832182566332,2.812027150843355,0.14405606741327803
2014-09-12T16:00:00+09:30,lstm_residual,1.6578554809093617,1.6404293800913232,0.017426100818038526
2014-09-12T17:00:00+09:30,lstm_residual,0.16418333289523918,0.18969407458098864,-0.02551074168574946
2014-09-13T07:00:00+09:30,lstm_residual,0.3378111092994626,0.30314422505758176,0.03466688424188086
2014-09-13T08:00:00+09:30,lstm_residual,1.80616665879885,1.7215806803282447,0.08458597847060534
2014-09-13T09:00:00+09:30,lstm_residual,2.8773778080940335,2.8748546655827605,0.0025231425112730577
2014-09-13T10:00:00+09:30,lstm_residual,3.569705645243325,3.6000090801083555,-0.03030343486503062
2014-09-13T11:00:00+09:30,lstm_residual,3.943505426247908,3.9946748386849515,-0.05116941243704343
2014-09-13T12:00:00+09:30,lstm_residual,4.0919666687647505,4.073699092257574,0.01826757650717603
2014-09-13T13:00:00+09:30,lstm_residual,3.933833440144875,4.041078536637243,-0.10724509649236769
2014-09-13T14:00:00+09:30,lstm_residual,3.56188319126765,3.6853189908458606,-0.12343579957821049
2014-09-13T15:00:00+09:30,lstm_residual,2.927694439888,2.9886647270084015,-0.06097028712040142
2014-09-13T16:00:00+09:30,lstm_residual,1.6757333725690875,1.7425074328076495,-0.06677406023856203
2014-09-13T17:00:00+09:30,lstm_residual,0.15048333257436616,0.20502140334459396,-0.05453807077022779
2014-09-14T07:00:00+09:30,lstm_residual,0.35100555109481074,0.34899359384727247,0.0020119572475382763
2014-09-14T08:00:00+09:30,lstm_residual,1.7789236158132624,1.8368712560861442,-0.057947640272881795
2014-09-14T09:00:00+09:30,lstm_residual,2.8175277113914583,2.9801931649860838,-0.16266545359462548
2014-09-14T10:00:00+09:30,lstm_residual,3.46259995301565,3.5690478363010563,-0.10644788328540633
2014-09-14T11:00:00+09:30,lstm_residual,3.8547084728876833,3.9372849146021367,-0.08257644171445344
2014-09-14T12:00:00+09:30,lstm_residual,4.015419522921241,4.083830870721957,-0.06841134780071556
2014-09-14T13:00:00+09:30,lstm_residual,3.9186473488807585,4.032170023343096,-0.11352267446233766
2014-09-14T14:00:00+09:30,lstm_residual,3.5382776459058167,3.6470692209949,-0.1087915750890831
2014-09-14T15:00:00+09:30,lstm_residual,2.905786196390792,2.9124661923749304,-0.006679995984138376
2014-09-14T16:00:00+09:30,lstm_residual,1.6627416362364966,1.7042450020276425,-0.041503365791145885
2014-09-14T17:00:00+09:30,lstm_residual,0.16406666487455326,0.21683796388150112,-0.05277129900694785
2014-09-15T07:00:00+09:30,lstm_residual,0.36336666656037164,0.3802271706725654,-0.016860504112193753
2014-09-15T08:00:00+09:30,lstm_residual,1.7976416846116416,1.8244248802506764,-0.02678319563903475
2014-09-15T09:00:00+09:30,lstm_residual,2.8242889841397587,2.9165549635466625,-0.09226597940690384
2014-09-15T10:00:00+09:30,lstm_residual,3.48542217413585,3.4879135871679976,-0.0024914130321476158
2014-09-15T11:00:00+09:30,lstm_residual,3.835555493831633,4.014381296605378,-0.1788258027737446
2014-09-15T12:00:00+09:30,lstm_residual,3.94451663891475,4.095885605671378,-0.1513689667566278
2014-09-15T13:00:00+09:30,lstm_residual,3.8306777874628835,4.082297832018998,-0.25162004455611475
2014-09-15T14:00:00+09:30,lstm_residual,3.455933312575,3.696012098530469,-0.24007878595546917
2014-09-15T15:00:00+09:30,lstm_residual,2.8510443170865334,2.948059972316619,-0.0970156552300856
2014-09-15T16:00:00+09:30,lstm_residual,1.61739445229372,1.7397908281445806,-0.1223963758508606
2014-09-15T17:00:00+09:30,lstm_residual,0.16627222113311327,0.2036436295196946,-0.037371408386581345
2014-09-16T07:00:00+09:30,lstm_residual,0.3715610921693347,0.36449506196318004,0.00706603020615465
2014-09-16T08:00:00+09:30,lstm_residual,1.5980055729548333,1.8660286243306237,-0.2680230513757904
2014-09-16T09:00:00+09:30,lstm_residual,2.6282167832056835,2.9760337366023313,-0.34781695339664775
2014-09-16T10:00:00+09:30,lstm_residual,3.205249975125,3.6656210777514158,-0.4603711026264157
2014-09-16T11:00:00+09:30,lstm_residual,3.608122348785408,4.032591714350678,-0.42446936556527026
2014-09-16T12:00:00+09:30,lstm_residual,3.701611260573067,4.207983132161717,-0.5063718715886498
2014-09-16T13:00:00+09:30,lstm_residual,3.7319945295651915,4.072190522895702,-0.3401959933305103
2014-09-16T14:00:00+09:30,lstm_residual,3.496200005213417,3.33276920362124,0.1634308015921766
2014-09-16T15:00:00+09:30,lstm_residual,2.83830002943675,2.6514394749087336,0.18686055452801664
2014-09-16T16:00:00+09:30,lstm_residual,1.1677555640538533,1.5710047830879108,-0.4032492190340575
2014-09-16T17:00:00+09:30,lstm_residual,0.20136666484177082,0.1396879597225531,0.06167870511921772
2014-09-17T07:00:00+09:30,lstm_residual,0.3838499890795594,0.26897550761464306,0.11487448146491636
2014-09-17T08:00:00+09:30,lstm_residual,1.7580222090085333,1.5449945736100337,0.21302763539849967
2014-09-17T09:00:00+09:30,lstm_residual,2.6633501350879665,2.6553918056223003,0.007958329465666214
2014-09-17T10:00:00+09:30,lstm_residual,3.5343612631162,3.3002761930648736,0.2340850700513264
2014-09-17T11:00:00+09:30,lstm_residual,3.704544564088183,3.7319801865094475,-0.027435622421264405
2014-09-17T12:00:00+09:30,lstm_residual,3.5550277431806,3.8196194028426445,-0.26459165966204434
2014-09-17T13:00:00+09:30,lstm_residual,3.4074611465136164,3.8530179823754387,-0.44555683586182226
2014-09-17T14:00:00+09:30,lstm_residual,3.3144111235936418,3.4923186190381355,-0.1779074954444937
2014-09-17T15:00:00+09:30,lstm_residual,2.2270832657813977,2.583808276890398,-0.35672501110900035
2014-09-17T16:00:00+09:30,lstm_residual,1.1179022888342458,1.5507879653091372,-0.4328856764748914
2014-09-17T17:00:00+09:30,lstm_residual,0.47865834087133413,0.19069268294938113,0.287965657921953
2014-09-18T07:00:00+09:30,lstm_residual,0.35411109154423087,0.30186438268333604,0.05224670886089483
2014-09-18T08:00:00+09:30,lstm_residual,1.7883611122766918,1.5434469908399624,0.24491412143672942
2014-09-18T09:00:00+09:30,lstm_residual,2.7910445133845,2.581917508020352,0.2091270053641483
2014-09-18T10:00:00+09:30,lstm_residual,3.4498610893885253,3.2929859535614923,0.15687513582703305
2014-09-18T11:00:00+09:30,lstm_residual,3.8100497523943666,3.6833092011309123,0.1267405512634543
2014-09-18T12:00:00+09:30,lstm_residual,3.922969539960233,3.5693443598946804,0.35362518006555277
2014-09-18T13:00:00+09:30,lstm_residual,3.8015832901001,3.3486541621967736,0.4529291279033263
2014-09-18T14:00:00+09:30,lstm_residual,3.5064972639083916,3.2911700326359137,0.21532723127247788
2014-09-18T15:00:00+09:30,lstm_residual,2.683400074640909,2.6659121938872268,0.017487880753682017
2014-09-18T16:00:00+09:30,lstm_residual,1.0838361357649233,1.6656747837178876,-0.5818386479529642
2014-09-18T17:00:00+09:30,lstm_residual,0.3455222242822254,0.23794363581619538,0.10757858846603002
2014-09-19T07:00:00+09:30,lstm_residual,0.35793056587378236,0.2884441822032079,0.06948638367057447
2014-09-19T08:00:00+09:30,lstm_residual,1.4205249684552357,1.550836507462836,-0.1303115390076004
2014-09-19T09:00:00+09:30,lstm_residual,2.8001888195673583,2.5761851928322534,0.22400362673510488
2014-09-19T10:00:00+09:30,lstm_residual,3.396236201127367,3.2111022924004433,0.18513390872692348
2014-09-19T11:00:00+09:30,lstm_residual,3.804005543390908,3.5859971102388517,0.2180084331520562
2014-09-19T12:00:00+09:30,lstm_residual,3.9385416905085417,3.6316395287428938,0.306902161765648
2014-09-19T13:00:00+09:30,lstm_residual,3.6297528942426083,3.318592058977335,0.3111608352652735
2014-09-19T14:00:00+09:30,lstm_residual,3.4202194611231413,3.0827174230476033,0.337502038075538
2014-09-19T15:00:00+09:30,lstm_residual,2.6838333606719975,2.384633410886907,0.29919994978509035
2014-09-19T16:00:00+09:30,lstm_residual,1.3756332471966692,1.4350162502815988,-0.05938300308492961
2014-09-19T17:00:00+09:30,lstm_residual,0.2319305632263425,0.1850805853256604,0.0468499779006821
2014-09-20T07:00:00+09:30,lstm_residual,0.40317222320785007,0.25599422631066326,0.1471779968971868
2014-09-20T08:00:00+09:30,lstm_residual,1.7703944245974084,1.4573668704233798,0.3130275541740286
2014-09-20T09:00:00+09:30,lstm_residual,2.8194444576899333,2.520153379106903,0.2992910785830305
2014-09-20T10:00:00+09:30,lstm_residual,3.508177657922125,3.1674770065516817,0.34070065137044336
2014-09-20T11:00:00+09:30,lstm_residual,3.9107166131337334,3.506136516752179,0.40458009638155445
2014-09-20T12:00:00+09:30,lstm_residual,4.009199917316441,3.502700469391342,0.506499447925099
2014-09-20T13:00:00+09:30,lstm_residual,3.91762763261795,3.4500266605397556,0.4676009720781944
2014-09-20T14:00:00+09:30,lstm_residual,3.497233410676317,3.257877092828331,0.23935631784798606
2014-09-20T15:00:00+09:30,lstm_residual,2.833322227001183,2.728292011809488,0.10503021519169486
2014-09-20T16:00:00+09:30,lstm_residual,1.645216594139735,1.5877485679122612,0.05746802622747382
2014-09-20T17:00:00+09:30,lstm_residual,0.19212778595586585,0.20974825003912723,-0.017620464083261372
2014-09-21T07:00:00+09:30,lstm_residual,0.4382833304504512,0.32139789803128094,0.11688543241917027
2014-09-21T08:00:00+09:30,lstm_residual,1.9170833329359667,1.6073366372155191,0.30974669572044755
2014-09-21T09:00:00+09:30,lstm_residual,2.9789332548777416,2.6575417781236794,0.3213914767540622
2014-09-21T10:00:00+09:30,lstm_residual,3.6858110626538583,3.3906702296631,0.2951408329907581
2014-09-21T11:00:00+09:30,lstm_residual,4.1123113036155665,3.8022057404150216,0.31010556320054494
2014-09-21T12:00:00+09:30,lstm_residual,4.237127939860017,3.976427023943163,0.2607009159168534
2014-09-21T13:00:00+09:30,lstm_residual,4.118122299512233,3.8816045132111325,0.23651778630110076
2014-09-21T14:00:00+09:30,lstm_residual,3.7233666976293,3.6985409029394205,0.024825794689879555
2014-09-21T15:00:00+09:30,lstm_residual,3.0108222762743666,3.068915108229649,-0.058092831955282254
2014-09-21T16:00:00+09:30,lstm_residual,1.7972333679596615,1.8794400637081672,-0.0822066957485057
2014-09-21T17:00:00+09:30,lstm_residual,0.1719611013929042,0.3326443124637517,-0.16068321107084751
2014-09-22T07:00:00+09:30,lstm_residual,0.46817778112988,0.5366121711194656,-0.06843438998958556
2014-09-22T08:00:00+09:30,lstm_residual,1.9822666645050167,2.0043800568738357,-0.02211339236881904
2014-09-22T09:00:00+09:30,lstm_residual,3.0079667369524667,3.0831337010921236,-0.07516696413965684
2014-09-22T10:00:00+09:30,lstm_residual,3.678819278876,3.76558101313639,-0.08676173426038991
2014-09-22T11:00:00+09:30,lstm_residual,4.050955414772051,4.120129696798228,-0.06917428202617781
2014-09-22T12:00:00+09:30,lstm_residual,4.186547279357908,4.263989924781983,-0.07744264542407464
2014-09-22T13:00:00+09:30,lstm_residual,4.036091864109033,4.093435017983363,-0.057343153874329644
2014-09-22T14:00:00+09:30,lstm_residual,3.625761151313792,3.793919514146173,-0.16815836283238106
2014-09-22T15:00:00+09:30,lstm_residual,2.9703083833058668,3.1080240094897182,-0.13771562618385147
2014-09-22T16:00:00+09:30,lstm_residual,1.7888138790925334,1.8988200699689128,-0.11000619087637942
2014-09-22T17:00:00+09:30,lstm_residual,0.16923054866492668,0.32456701479741756,-0.15533646613249089
2014-09-23T07:00:00+09:30,lstm_residual,0.4512000090132144,0.46866407408400423,-0.017464065070789847
2014-09-23T08:00:00+09:30,lstm_residual,1.8317333062489833,1.8874007047350596,-0.05566739848607627
2014-09-23T09:00:00+09:30,lstm_residual,2.86206112305325,2.936945791665578,-0.07488466861232812
2014-09-23T10:00:00+09:30,lstm_residual,3.5521165728569,3.6107269673704923,-0.05861039451359229
2014-09-23T11:00:00+09:30,lstm_residual,3.9064306020736748,3.7971836992807493,0.10924690279292548
2014-09-23T12:00:00+09:30,lstm_residual,4.027447323004392,4.147754406349961,-0.12030708334556905
2014-09-23T13:00:00+09:30,lstm_residual,3.8747195402781087,4.040587744951042,-0.16586820467293295
2014-09-23T14:00:00+09:30,lstm_residual,3.4903779824574745,3.7495041316808724,-0.25912614922339783
2014-09-23T15:00:00+09:30,lstm_residual,2.6123110651969914,2.986654354491717,-0.3743432892947256
2014-09-23T16:00:00+09:30,lstm_residual,1.6656277775764419,1.8497823597502654,-0.18415458217382352
2014-09-23T17:00:00+09:30,lstm_residual,0.21747499952713667,0.28036555385370887,-0.0628905543265722
2014-09-24T07:00:00+09:30,lstm_residual,0.47911387340476425,0.4571592595023227,0.021954613902441522
2014-09-24T08:00:00+09:30,lstm_residual,1.9820555647214333,1.8780169519942929,0.10403861272714043
2014-09-24T09:00:00+09:30,lstm_residual,3.059269567330683,2.9445817444853226,0.11468782284536028
2014-09-24T10:00:00+09:30,lstm_residual,3.7938639720280833,3.602969491114484,0.19089448091359928
2014-09-24T11:00:00+09:30,lstm_residual,4.187272349993392,3.958506568166081,0.22876578182731055
2014-09-24T12:00:00+09:30,lstm_residual,4.261822223663325,4.0854713312745385,0.1763508923887862
2014-09-24T13:00:00+09:30,lstm_residual,4.09660281737645,3.912643536192431,0.18395928118401894
2014-09-24T14:00:00+09:30,lstm_residual,3.6783638000488335,3.7365658457365614,-0.05820204568772791
2014-09-24T15:00:00+09:30,lstm_residual,2.9676250418027164,2.9783301558266673,-0.010705114023950912
2014-09-24T16:00:00+09:30,lstm_residual,1.7789898763100351,1.817914996948538,-0.03892512063850284
2014-09-24T17:00:00+09:30,lstm_residual,0.1884611174464231,0.28935131909330425,-0.10089020164688114
2014-09-25T07:00:00+09:30,lstm_residual,0.49617224062482207,0.5543226785538359,-0.05815043792901381
2014-09-25T08:00:00+09:30,lstm_residual,1.8802555799484333,2.014418554844985,-0.13416297489655182
2014-09-25T09:00:00+09:30,lstm_residual,2.9901556173960415,3.002284289858263,-0.012128672462221601
2014-09-25T10:00:00+09:30,lstm_residual,3.6612277030944838,3.6864349677913077,-0.025207264696823994
2014-09-25T11:00:00+09:30,lstm_residual,4.0470556418101085,3.991038068471965,0.05601757333814339
2014-09-25T12:00:00+09:30,lstm_residual,4.155994534492492,4.133639452868492,0.022355081624000128
2014-09-25T13:00:00+09:30,lstm_residual,4.024644573529566,4.058529804554763,-0.033885231025196916
2014-09-25T14:00:00+09:30,lstm_residual,3.5996998945872085,3.7499879270646965,-0.150288032477488
2014-09-25T15:00:00+09:30,lstm_residual,2.915589908758808,2.9832995017106816,-0.06770959295187362
2014-09-25T16:00:00+09:30,lstm_residual,1.768583327531806,1.8086985141907665,-0.04011518665896063
2014-09-25T17:00:00+09:30,lstm_residual,0.20318890487154206,0.25891290210197315,-0.05572399723043109
2014-09-26T07:00:00+09:30,lstm_residual,0.5287944333006909,0.5514815739332535,-0.022687140632562608
2014-09-26T08:00:00+09:30,lstm_residual,1.9531444112459833,1.9947388970352113,-0.041594485789228086
2014-09-26T09:00:00+09:30,lstm_residual,2.9441167116165086,3.04242074184598,-0.09830403022947154
2014-09-26T10:00:00+09:30,lstm_residual,3.5959748824437416,3.7191024518287197,-0.12312756938497804
2014-09-26T11:00:00+09:30,lstm_residual,3.9273872176806086,4.03414481000444,-0.10675759232383131
2014-09-26T12:00:00+09:30,lstm_residual,4.044930577278126,4.140556492368285,-0.09562591509015927
2014-09-26T13:00:00+09:30,lstm_residual,3.94626382986705,4.0237757798352245,-0.07751194996817468
2014-09-26T14:00:00+09:30,lstm_residual,3.524549921353666,3.708622209947571,-0.1840722885939048
2014-09-26T15:00:00+09:30,lstm_residual,2.8406418164571003,2.9242369123127805,-0.08359509585568015
2014-09-26T16:00:00+09:30,lstm_residual,1.7255055010318792,1.7593516481573461,-0.03384614712546696
2014-09-26T17:00:00+09:30,lstm_residual,0.2107611224055297,0.24268556976632982,-0.031924447360800134
2014-09-27T07:00:00+09:30,lstm_residual,0.5493222170819879,0.5261556111907868,0.02316660589120112
2014-09-27T08:00:00+09:30,lstm_residual,1.9330000281333917,2.0217050957125524,-0.08870506757916075
2014-09-27T09:00:00+09:30,lstm_residual,2.921533266703292,3.0794629067325383,-0.15792964002924625
2014-09-27T10:00:00+09:30,lstm_residual,3.559305608272542,3.7483863944497386,-0.1890807861771968
2014-09-27T11:00:00+09:30,lstm_residual,3.9117833574613,4.044028950884286,-0.13224559342298603
2014-09-27T12:00:00+09:30,lstm_residual,4.000843962033583,4.152604818431534,-0.15176085639795112
2014-09-27T13:00:00+09:30,lstm_residual,3.857983410358433,4.002619329977348,-0.14463591961891487
2014-09-27T14:00:00+09:30,lstm_residual,3.4934166868527665,3.645689087041972,-0.1522724001892053
2014-09-27T15:00:00+09:30,lstm_residual,2.8447443644205754,2.8816433402652395,-0.03689897584466406
2014-09-27T16:00:00+09:30,lstm_residual,1.7556666831175542,1.7489667103697757,0.00669997274777856
2014-09-27T17:00:00+09:30,lstm_residual,0.21160001369814127,0.2548985458673091,-0.04329853216916782
2014-09-28T07:00:00+09:30,lstm_residual,0.5561833449949811,0.4881556015765941,0.06802774341838702
2014-09-28T08:00:00+09:30,lstm_residual,1.9668611288070668,1.9531951704254058,0.013665958381660959
2014-09-28T09:00:00+09:30,lstm_residual,2.9459055066108584,2.9952924602595745,-0.04938695364871615
2014-09-28T10:00:00+09:30,lstm_residual,3.5834778149922832,3.6923266240618045,-0.10884880906952121
2014-09-28T11:00:00+09:30,lstm_residual,3.9439722100893504,3.765566804334434,0.17840540575491648
2014-09-28T12:00:00+09:30,lstm_residual,3.966461300849925,4.0305967912597005,-0.06413549040977529
2014-09-28T13:00:00+09:30,lstm_residual,3.8005111416181,3.95628493339614,-0.15577379177803996
2014-09-28T14:00:00+09:30,lstm_residual,3.4233667055765835,3.6820824086262878,-0.25871570304970426
2014-09-28T15:00:00+09:30,lstm_residual,2.7646166483561085,2.8761601020594103,-0.11154345370330176
2014-09-28T16:00:00+09:30,lstm_residual,1.7005000412463958,1.7212833259333147,-0.020783284686918924
2014-09-28T17:00:00+09:30,lstm_residual,0.22080000862479132,0.25084162029861945,-0.030041611673828128
2014-09-29T07:00:00+09:30,lstm_residual,0.5779861056556324,0.4904600359583836,0.08752606969724874
2014-09-29T08:00:00+09:30,lstm_residual,1.8960111240545918,1.8809286990118297,0.015082425042762138
2014-09-29T09:00:00+09:30,lstm_residual,2.863755583763117,2.7739799111242975,0.08977567263881925
2014-09-29T10:00:00+09:30,lstm_residual,3.50191670656205,3.5187079741407064,-0.016791267578656566
2014-09-29T11:00:00+09:30,lstm_residual,3.803358078002925,3.660222529585666,0.14313554841725873
2014-09-29T12:00:00+09:30,lstm_residual,3.8416333595911585,4.024383782172013,-0.18275042258085428
2014-09-29T13:00:00+09:30,lstm_residual,3.6283776760101336,3.8155996541818213,-0.18722197817168773
2014-09-29T14:00:00+09:30,lstm_residual,3.1281444629033417,3.4920995087121867,-0.36395504580884497
2014-09-29T15:00:00+09:30,lstm_residual,2.3898556033770166,2.7270869889531713,-0.3372313855761546
2014-09-29T16:00:00+09:30,lstm_residual,1.5848278105258975,1.6222204871455033,-0.03739267661960577
2014-09-29T17:00:00+09:30,lstm_residual,0.2499777711927895,0.24293763876635988,0.007040132426429618
2014-09-30T07:00:00+09:30,lstm_residual,0.5936388708651069,0.5822264471331748,0.011412423731932075
2014-09-30T08:00:00+09:30,lstm_residual,1.8631694416205082,1.9955251855598268,-0.1323557439393186
2014-09-30T09:00:00+09:30,lstm_residual,2.753194451332092,3.0202870683019687,-0.26709261696987685
2014-09-30T10:00:00+09:30,lstm_residual,3.3366362849871254,3.5281848268110276,-0.19154854182390224
2014-09-30T11:00:00+09:30,lstm_residual,3.690900027751925,3.7324248602540573,-0.04152483250213246
2014-09-30T12:00:00+09:30,lstm_residual,3.8583361109097836,4.056652058322003,-0.19831594741221936
2014-09-30T13:00:00+09:30,lstm_residual,3.7044193545977335,3.8445348402437594,-0.14011548564602583
2014-09-30T14:00:00+09:30,lstm_residual,3.2358667155106997,3.410517077678639,-0.1746503621679394
2014-09-30T15:00:00+09:30,lstm_residual,1.9254833062489791,2.529341392858413,-0.6038580866094339
2014-09-30T16:00:00+09:30,lstm_residual,1.707883328199365,1.5181355656952904,0.18974776250407466
2014-09-30T17:00:00+09:30,lstm_residual,0.26865833314756665,0.25016137744530953,0.018496955702257123
2014-10-01T07:00:00+09:30,lstm_residual,0.6140111219137917,0.5817072572371069,0.03230386467668478
2014-10-01T08:00:00+09:30,lstm_residual,1.9256805280844418,1.950150962941232,-0.024470434856790124
2014-10-01T09:00:00+09:30,lstm_residual,2.523386100927983,2.9627084956559733,-0.43932239472799006
2014-10-01T10:00:00+09:30,lstm_residual,3.645988961060842,3.398601269923623,0.2473876911372188
2014-10-01T11:00:00+09:30,lstm_residual,3.981768568356833,3.9663697385477517,0.01539882980908125
2014-10-01T12:00:00+09:30,lstm_residual,4.084219495455425,4.073858218492456,0.010361276962969512
2014-10-01T13:00:00+09:30,lstm_residual,3.8969613909721414,3.841740400421898,0.05522099055024343
2014-10-01T14:00:00+09:30,lstm_residual,3.477269391218833,3.457022581653885,0.020246809564948176
2014-10-01T15:00:00+09:30,lstm_residual,2.786708315213525,2.4368279055611346,0.3498804096523904
2014-10-01T16:00:00+09:30,lstm_residual,1.5366805692513708,1.656127861502131,-0.11944729225076034
2014-10-01T17:00:00+09:30,lstm_residual,0.3860111137231192,0.30027535734397126,0.08573575637914793
2014-10-02T07:00:00+09:30,lstm_residual,0.6419194278617625,0.44037699143098863,0.20154243643077385
2014-10-02T08:00:00+09:30,lstm_residual,1.9466250042120665,1.6827791815768682,0.2638458226351983
2014-10-02T09:00:00+09:30,lstm_residual,2.9423944354057165,2.625914155572412,0.3164802798333044
2014-10-02T10:00:00+09:30,lstm_residual,3.5973027348518336,3.414294748997569,0.1830079858542648
2014-10-02T11:00:00+09:30,lstm_residual,3.9464639226595586,3.6314570555386747,0.3150068671208839
2014-10-02T12:00:00+09:30,lstm_residual,4.023738900820416,3.74726435818991,0.2764745426305062
2014-10-02T13:00:00+09:30,lstm_residual,3.8547751506169585,3.6904297737428844,0.16434537687407413
2014-10-02T14:00:00+09:30,lstm_residual,3.4320583343505837,3.4015779238075488,0.030480410543034964
2014-10-02T15:00:00+09:30,lstm_residual,2.7730555136998416,2.7290838397074846,0.04397167399235702
2014-10-02T16:00:00+09:30,lstm_residual,1.744847228129691,1.5887902260481255,0.15605700208156548
2014-10-02T17:00:00+09:30,lstm_residual,0.25568889516095344,0.27997496225608187,-0.024286067095128427
2014-10-03T07:00:00+09:30,lstm_residual,0.6642638674626783,0.4701540235860784,0.1941098438765999
2014-10-03T08:00:00+09:30,lstm_residual,1.960591634114575,2.001364423512146,-0.0407727893975709
2014-10-03T09:00:00+09:30,lstm_residual,2.901513954003642,3.010041976165454,-0.10852802216181212
2014-10-03T10:00:00+09:30,lstm_residual,3.503594577312475,3.63062019480703,-0.1270256174945552
2014-10-03T11:00:00+09:30,lstm_residual,3.5476582646369916,3.89326581883057,-0.34560755419357836
2014-10-03T12:00:00+09:30,lstm_residual,3.924061397711425,3.885272080069367,0.03878931764205795
2014-10-03T13:00:00+09:30,lstm_residual,3.7816137870152833,3.854333386770824,-0.07271959975554054
2014-10-03T14:00:00+09:30,lstm_residual,3.248999734719592,3.5228361240549426,-0.2738363893353508
2014-10-03T15:00:00+09:30,lstm_residual,2.7077276905377663,2.801288181659298,-0.09356049112153153
2014-10-03T16:00:00+09:30,lstm_residual,1.6999221841494159,1.6660281753364399,0.033894008812975995
2014-10-03T17:00:00+09:30,lstm_residual,0.26583888630072244,0.24364013375683513,0.022198752543887312
2014-10-04T07:00:00+09:30,lstm_residual,0.7426667002340167,0.5573422232694998,0.18532447696451693
2014-10-04T08:00:00+09:30,lstm_residual,1.9554111361503665,1.9464981090477538,0.00891302710261277
2014-10-04T09:00:00+09:30,lstm_residual,2.6583277086416834,2.9331780321885166,-0.27485032354683314
2014-10-04T10:00:00+09:30,lstm_residual,3.356250067551933,3.6005159478838635,-0.24426588033193042
2014-10-04T11:00:00+09:30,lstm_residual,3.8373388449351,3.8349576015557014,0.002381243379398601
2014-10-04T12:00:00+09:30,lstm_residual,3.922433376312258,3.8203698344065375,0.10206354190572053
2014-10-04T13:00:00+09:30,lstm_residual,3.9639222621917747,3.793987169198215,0.1699350929935597
2014-10-04T14:00:00+09:30,lstm_residual,3.174461126327517,3.335726721234953,-0.16126559490743597
2014-10-04T15:00:00+09:30,lstm_residual,2.786688884099325,2.408278981026265,0.3784099030730603
2014-10-04T16:00:00+09:30,lstm_residual,1.7523833761612542,1.4709433174522775,0.2814400587089767
2014-10-04T17:00:00+09:30,lstm_residual,0.26182778800527157,0.24116548613065936,0.02066230187461221
2014-10-05T07:00:00+09:30,lstm_residual,0.6804222154120549,0.5718841616219423,0.10853805379011261
2014-10-05T08:00:00+09:30,lstm_residual,1.919661094745,1.904752900880965,0.014908193864034969
2014-10-05T09:00:00+09:30,lstm_residual,2.865722199281075,2.6746624509299224,0.1910597483511527
2014-10-05T10:00:00+09:30,lstm_residual,3.475777844587975,3.5404207603349893,-0.0646429157470143
2014-10-05T11:00:00+09:30,lstm_residual,3.797938644886017,3.8481882950860498,-0.050249650200032914
2014-10-05T12:00:00+09:30,lstm_residual,3.8626996278762835,3.814235270047118,0.04846435782916547
2014-10-05T13:00:00+09:30,lstm_residual,3.7134165763855,3.716934180335107,-0.0035176039496072065
2014-10-05T14:00:00+09:30,lstm_residual,3.3214889367421496,3.310448806141489,0.011040130600660447
2014-10-05T15:00:00+09:30,lstm_residual,2.694538950920117,2.599365387395198,0.09517356352491912
2014-10-05T16:00:00+09:30,lstm_residual,1.7292944292227375,1.5416205441872186,0.18767388503551885
2014-10-05T17:00:00+09:30,lstm_residual,0.2457777764648195,0.229649153827984,0.016128622636835482
2014-10-06T07:00:00+09:30,lstm_residual,0.6760944599906674,0.5877891823147574,0.08830527767591001
2014-10-06T08:00:00+09:30,lstm_residual,1.88127223650615,1.8267030607890407,0.0545691757171094
2014-10-06T09:00:00+09:30,lstm_residual,2.8013695875803584,2.711987392489049,0.0893821950913094
2014-10-06T10:00:00+09:30,lstm_residual,3.4890333215395586,3.3768574007941985,0.11217592074536009
2014-10-06T11:00:00+09:30,lstm_residual,3.7066387931505917,3.676824822252759,0.029813970897832665
2014-10-06T12:00:00+09:30,lstm_residual,3.6393918395042504,3.863139561418304,-0.2237477219140538
2014-10-06T13:00:00+09:30,lstm_residual,3.606402834256492,3.7167179718235057,-0.11031513756701372
2014-10-06T14:00:00+09:30,lstm_residual,3.080227732658375,3.231072091625534,-0.15084435896715886
2014-10-06T15:00:00+09:30,lstm_residual,2.693661093711842,2.457476567759318,0.23618452595252393
2014-10-06T16:00:00+09:30,lstm_residual,1.6951083391904802,1.406076584522906,0.28903175466757425
2014-10-06T17:00:00+09:30,lstm_residual,0.2715833224356176,0.22125288392607367,0.05033043850954394
2014-10-07T07:00:00+09:30,lstm_residual,0.685427742699785,0.5186070023778342,0.16682074032195082
2014-10-07T08:00:00+09:30,lstm_residual,1.93352777759235,1.752554187051179,0.18097359054117113
2014-10-07T09:00:00+09:30,lstm_residual,2.9763250152269998,2.7018359862759036,0.27448902895109617
2014-10-07T10:00:00+09:30,lstm_residual,3.6339083512624164,3.271429239370547,0.36247911189186954
2014-10-07T11:00:00+09:30,lstm_residual,4.131891687711075,3.612819732049854,0.5190719556612211
2014-10-07T12:00:00+09:30,lstm_residual,4.2223389546076495,3.5966013218652053,0.6257376327424442
2014-10-07T13:00:00+09:30,lstm_residual,3.4465415676435,3.5768558846905405,-0.13031431704704044
2014-10-07T14:00:00+09:30,lstm_residual,3.48081107934315,3.075875737271868,0.404935342071282
2014-10-07T15:00:00+09:30,lstm_residual,2.8834444483121247,2.5171750725715683,0.3662693757405564
2014-10-07T16:00:00+09:30,lstm_residual,1.8410777548949,1.6085514912289314,0.23252626366596862
2014-10-07T17:00:00+09:30,lstm_residual,0.3030222337692981,0.312100357834348,-0.009078124065049875
2014-10-08T07:00:00+09:30,lstm_residual,0.7418027880291166,0.6197984796602731,0.12200430836884346
2014-10-08T08:00:00+09:30,lstm_residual,2.0234166483084417,1.9707398607698592,0.052676787538582515
2014-10-08T09:00:00+09:30,lstm_residual,3.02288607756295,2.9958556515735175,0.027030425989432505
2014-10-08T10:00:00+09:30,lstm_residual,3.6845304568608666,3.65347943524303,0.03105102161783657
2014-10-08T11:00:00+09:30,lstm_residual,4.023733377456667,3.90416663102837,0.11956674642829679
2014-10-08T12:00:00+09:30,lstm_residual,4.086199800173442,3.929254047917651,0.15694575225579088
2014-10-08T13:00:00+09:30,lstm_residual,3.9390889207522086,3.7026005407158613,0.2364883800363473
2014-10-08T14:00:00+09:30,lstm_residual,3.54621944824855,3.4188689253346403,0.1273505229139098
2014-10-08T15:00:00+09:30,lstm_residual,2.8776649435361334,2.6260698710298236,0.25159507250630986
2014-10-08T16:00:00+09:30,lstm_residual,1.8415000240008002,1.688027441131726,0.15347258286907417
2014-10-08T17:00:00+09:30,lstm_residual,0.3292555610338844,0.29444286853531343,0.034812692498570996
2014-10-09T07:00:00+09:30,lstm_residual,0.8070277782777934,0.6557542521093648,0.1512735261684286
2014-10-09T08:00:00+09:30,lstm_residual,2.1565500497817998,2.0052079816587236,0.15134206812307616
2014-10-09T09:00:00+09:30,lstm_residual,3.1222776969273913,3.0169994350612823,0.105278261866109
2014-10-09T10:00:00+09:30,lstm_residual,3.7258778214454584,3.6402254499647775,0.08565237148068094
2014-10-09T11:00:00+09:30,lstm_residual,4.011877655982975,3.8004915534061237,0.2113861025768511
2014-10-09T12:00:00+09:30,lstm_residual,4.141138950983684,4.020882883646901,0.12025606733678273
2014-10-09T13:00:00+09:30,lstm_residual,4.020927627881367,3.8900887201193814,0.13083890776198537
2014-10-09T14:00:00+09:30,lstm_residual,3.5648001233736752,3.595437817292758,-0.030637693919082665
2014-10-09T15:00:00+09:30,lstm_residual,2.9169665376345417,2.8098304340349847,0.10713610359955705
2014-10-09T16:00:00+09:30,lstm_residual,1.8955221672852918,1.7429302960965594,0.1525918711887324
2014-10-09T17:00:00+09:30,lstm_residual,0.33743889691929074,0.26414434009221754,0.0732945568270732
2014-10-10T07:00:00+09:30,lstm_residual,0.7785666696727341,0.7106996858689878,0.06786698380374634
2014-10-10T08:00:00+09:30,lstm_residual,2.0526888767878333,2.096275003706256,-0.043586126918422785
2014-10-10T09:00:00+09:30,lstm_residual,2.979266643524167,3.0143259876180144,-0.03505934409384759
2014-10-10T10:00:00+09:30,lstm_residual,3.5648166735966917,3.5367923997715622,0.02802427382512951
2014-10-10T11:00:00+09:30,lstm_residual,3.8625113169352168,3.7050544709079296,0.15745684602728716
2014-10-10T12:00:00+09:30,lstm_residual,3.943488697210958,3.9364795420613334,0.007009155149624746
2014-10-10T13:00:00+09:30,lstm_residual,3.8476665417353417,3.768038024598321,0.0796285171370208
2014-10-10T14:00:00+09:30,lstm_residual,3.4820168018341,3.2904646270289266,0.19155217480517317
2014-10-10T15:00:00+09:30,lstm_residual,2.8189443151156084,2.5850751768362175,0.23386913827939093
2014-10-10T16:00:00+09:30,lstm_residual,1.8434944550196166,1.5636865671508509,0.27980788786876576
2014-10-10T17:00:00+09:30,lstm_residual,0.35593307142456565,0.2514383217991011,0.10449474962546457
2014-10-11T07:00:00+09:30,lstm_residual,0.7949250203867808,0.6514657981685517,0.14345922221822915
2014-10-11T08:00:00+09:30,lstm_residual,2.1139472126960834,2.0098234073989363,0.10412380529714715
2014-10-11T09:00:00+09:30,lstm_residual,3.101169407367708,2.9025435311084147,0.1986258762592934
2014-10-11T10:00:00+09:30,lstm_residual,3.7367359598477665,3.5056274380348937,0.23110852181287278
2014-10-11T11:00:00+09:30,lstm_residual,4.093088905016574,3.774475492598834,0.31861341241774044
2014-10-11T12:00:00+09:30,lstm_residual,4.103744467099483,3.7342779355066806,0.36946653159280274
2014-10-11T13:00:00+09:30,lstm_residual,3.9268305301666246,3.7947507098889357,0.13207982027768894
2014-10-11T14:00:00+09:30,lstm_residual,3.4910456935564667,3.4301921602851593,0.06085353327130738
2014-10-11T15:00:00+09:30,lstm_residual,2.8401000301043253,2.7140204112958544,0.12607961880847096
2014-10-11T16:00:00+09:30,lstm_residual,1.8198388814926083,1.6703384811848625,0.1495004003077458
2014-10-11T17:00:00+09:30,lstm_residual,0.36987222731113417,0.299635341781478,0.07023688552965618
2014-10-12T07:00:00+09:30,lstm_residual,0.8065694570541441,0.623531276222102,0.18303818083204204
2014-10-12T08:00:00+09:30,lstm_residual,2.0869611303011664,1.9768009008617469,0.1101602294394195
2014-10-12T09:00:00+09:30,lstm_residual,3.030924896399192,2.9200037665193013,0.11092112987989067
2014-10-12T10:00:00+09:30,lstm_residual,3.6416222055753082,3.5839682533187447,0.057653952256563556
2014-10-12T11:00:00+09:30,lstm_residual,3.97188049554825,3.805120074815079,0.166760420733171
2014-10-12T12:00:00+09:30,lstm_residual,4.029360095659892,3.8858909829732493,0.14346911268664275
2014-10-12T13:00:00+09:30,lstm_residual,3.897833565870933,3.6897960355538273,0.2080375303171058
2014-10-12T14:00:00+09:30,lstm_residual,3.5004722277323332,3.345239756949116,0.1552324707832171
2014-10-12T15:00:00+09:30,lstm_residual,2.8857945005099084,2.605127027408283,0.2806674731016252
2014-10-12T16:00:00+09:30,lstm_residual,1.8965611159801583,1.5857192263739086,0.3108418896062497
2014-10-12T17:00:00+09:30,lstm_residual,0.3638611001273004,0.25835610311964796,0.10550499700765242
2014-10-13T07:00:00+09:30,lstm_residual,0.8614055501918091,0.7561600840246425,0.10524546616716657
2014-10-13T08:00:00+09:30,lstm_residual,2.1522221565246666,2.1113602674693417,0.04086188905532495
2014-10-13T09:00:00+09:30,lstm_residual,3.1257334351539665,3.0485212863446485,0.07721214880931804
2014-10-13T10:00:00+09:30,lstm_residual,3.7600665489832417,3.693657770056892,0.06640877892634967
2014-10-13T11:00:00+09:30,lstm_residual,4.162310401598608,3.9317151079971326,0.23059529360147568
2014-10-13T12:00:00+09:30,lstm_residual,4.259980599085492,3.979238694031458,0.28074190505403385
2014-10-13T13:00:00+09:30,lstm_residual,4.07597219944,3.847531032239426,0.22844116720057395
2014-10-13T14:00:00+09:30,lstm_residual,3.507444471120833,3.550922814608551,-0.043478343487718174
2014-10-13T15:00:00+09:30,lstm_residual,1.6935804386933668,2.7795886493235393,-1.0860082106301725
2014-10-13T16:00:00+09:30,lstm_residual,1.1068916569153482,1.7467131165329444,-0.6398214596175962
2014-10-13T17:00:00+09:30,lstm_residual,0.27475834016998607,0.31111185538946784,-0.03635351521948177
2014-10-14T07:00:00+09:30,lstm_residual,0.8881166502833416,0.5871383485065393,0.3009783017768023
2014-10-14T08:00:00+09:30,lstm_residual,1.6155166923999917,1.8208627749586994,-0.20534608255870768
2014-10-14T09:00:00+09:30,lstm_residual,2.5924055576324414,2.796499777237413,-0.20409421960497154
2014-10-14T10:00:00+09:30,lstm_residual,3.4317944645881755,3.501422774038819,-0.06962830945064358
2014-10-14T11:00:00+09:30,lstm_residual,3.756266653537742,3.7526229165391154,0.0036437369986264123
2014-10-14T12:00:00+09:30,lstm_residual,3.579055686791742,3.8316782605219704,-0.25262257373022834
2014-10-14T13:00:00+09:30,lstm_residual,3.7604361573855165,3.71961022302874,0.04082593435677673
2014-10-14T14:00:00+09:30,lstm_residual,3.622569402058925,3.2868811989683224,0.33568820309060277
2014-10-14T15:00:00+09:30,lstm_residual,2.9081027805805166,2.4520226027203753,0.4560801778601413
2014-10-14T16:00:00+09:30,lstm_residual,1.5791721989711223,1.4993092925063491,0.07986290646477312
2014-10-14T17:00:00+09:30,lstm_residual,0.5229166609545534,0.3056291555327457,0.21728750542180764
2014-10-15T07:00:00+09:30,lstm_residual,0.9405944322546317,0.7447071918443986,0.1958872404102331
2014-10-15T08:00:00+09:30,lstm_residual,2.3122555911540834,2.0033239945757186,0.3089315965783648
2014-10-15T09:00:00+09:30,lstm_residual,3.3087944587071747,2.8346275884282175,0.4741668702789572
2014-10-15T10:00:00+09:30,lstm_residual,1.647883301600814,3.459757575086337,-1.8118742734855229
2014-10-15T11:00:00+09:30,lstm_residual,0.07570555619895467,3.797515531640187,-3.7218099754412326
2014-10-15T12:00:00+09:30,lstm_residual,0.090000003576279,3.818905083682039,-3.72890508010576
2014-10-15T13:00:00+09:30,lstm_residual,3.614011195798715,3.8641155336641857,-0.2501043378654706
2014-10-15T14:00:00+09:30,lstm_residual,3.7922722697258084,3.590623871328043,0.2016483983977655
2014-10-15T15:00:00+09:30,lstm_residual,3.0890666445096335,2.9081877621245047,0.18087888238512884
2014-10-15T16:00:00+09:30,lstm_residual,2.0433000127474417,1.6930160760870054,0.3502839366604362
2014-10-15T17:00:00+09:30,lstm_residual,0.43928886639574666,0.4295509140286303,0.009737952367116331
2014-10-16T07:00:00+09:30,lstm_residual,0.95096115767956,0.877406405809117,0.07355475187044302
2014-10-16T08:00:00+09:30,lstm_residual,2.2864499886830747,2.1169582553081248,0.16949173337494994
2014-10-16T09:00:00+09:30,lstm_residual,3.264338910579683,2.951575227974951,0.3127636826047322
2014-10-16T10:00:00+09:30,lstm_residual,3.902838965257008,3.412581928990787,0.4902570362662213
2014-10-16T11:00:00+09:30,lstm_residual,4.235138813654584,3.819735612840795,0.4154032008137887
2014-10-16T12:00:00+09:30,lstm_residual,4.292833367983492,3.7645638605137615,0.5282695074697301
2014-10-16T13:00:00+09:30,lstm_residual,4.162522276242567,3.830729785241658,0.33179249100090846
2014-10-16T14:00:00+09:30,lstm_residual,3.7385388414065,3.63040321521108,0.10813562619542028
2014-10-16T15:00:00+09:30,lstm_residual,3.0121333599090665,2.8912710261128813,0.12086233379618516
2014-10-16T16:00:00+09:30,lstm_residual,2.0163444280624416,1.8716398905398537,0.14470453752258794
2014-10-16T17:00:00+09:30,lstm_residual,0.45242221777637665,0.3985002732142806,0.053921944562096036
2014-10-17T07:00:00+09:30,lstm_residual,0.9736499935388525,0.9045835442664486,0.06906644927240391
2014-10-17T08:00:00+09:30,lstm_residual,1.8047723025083648,2.24176272879673,-0.43699042628836526
2014-10-17T09:00:00+09:30,lstm_residual,3.253966649373383,3.1768805741011654,0.07708607527221778
2014-10-17T10:00:00+09:30,lstm_residual,3.877786060174317,3.764364889801954,0.1134211703723631
2014-10-17T11:00:00+09:30,lstm_residual,4.028888781865433,4.0936710620143835,-0.06478228014895038
2014-10-17T12:00:00+09:30,lstm_residual,3.9479389786720334,4.187903920035238,-0.23996494136320434
2014-10-17T13:00:00+09:30,lstm_residual,4.0779277483622085,4.025964295601277,0.05196345276093162
2014-10-17T14:00:00+09:30,lstm_residual,3.6572611530621835,3.645078166465877,0.012182986596306566
2014-10-17T15:00:00+09:30,lstm_residual,2.9862556060155168,2.9590532364961595,0.027202369519357283
2014-10-17T16:00:00+09:30,lstm_residual,2.0068472127119668,1.9282725662384816,0.07857464647348511
2014-10-17T17:00:00+09:30,lstm_residual,0.4649416462828775,0.4095129021502879,0.05542874413258958
2014-10-18T07:00:00+09:30,lstm_residual,0.98454445103804,0.8727183068035635,0.11182614423447645
2014-10-18T08:00:00+09:30,lstm_residual,2.2604777912298917,2.124492975682369,0.1359848155475225
2014-10-18T09:00:00+09:30,lstm_residual,3.2136110266049585,3.121067456821728,0.09254356978323042
2014-10-18T10:00:00+09:30,lstm_residual,3.8183110157648916,3.7092344035305955,0.1090766122342961
2014-10-18T11:00:00+09:30,lstm_residual,4.11147248744965,3.9896552299789345,0.12181725747071592
2014-10-18T12:00:00+09:30,lstm_residual,4.179294387499483,4.164017960297479,0.015276427202003617
2014-10-18T13:00:00+09:30,lstm_residual,4.023511270682017,3.939131840075622,0.08437943060639519
2014-10-18T14:00:00+09:30,lstm_residual,3.6136943499247334,3.601952180667259,0.011742169257474178
2014-10-18T15:00:00+09:30,lstm_residual,2.9321277737617497,2.8366037375357136,0.09552403622603611
2014-10-18T16:00:00+09:30,lstm_residual,1.9636888504028331,1.7864449655479804,0.17724388485485276
2014-10-18T17:00:00+09:30,lstm_residual,0.4796389006078267,0.3593955703756001,0.12024333023222661
2014-10-19T07:00:00+09:30,lstm_residual,0.9936889236172125,0.864094989951187,0.12959393366602545
2014-10-19T08:00:00+09:30,lstm_residual,2.2414000233014417,2.188177947134193,0.05322207616724883
2014-10-19T09:00:00+09:30,lstm_residual,3.149499972661325,3.103553276017648,0.04594669664367679
2014-10-19T10:00:00+09:30,lstm_residual,3.7467360695203085,3.6675576992285186,0.07917837029178987
2014-10-19T11:00:00+09:30,lstm_residual,4.01400007804235,3.977414095781194,0.036585982261155614
2014-10-19T12:00:00+09:30,lstm_residual,4.121616681416817,4.086204768817179,0.035411912599637496
2014-10-19T13:00:00+09:30,lstm_residual,3.9391220609347086,3.881227106538962,0.057894954395746545
2014-10-19T14:00:00+09:30,lstm_residual,3.555483321348825,3.465463948150173,0.09001937319865227
2014-10-19T15:00:00+09:30,lstm_residual,2.9081305265426582,2.6680021773517923,0.2401283491908659
2014-10-19T16:00:00+09:30,lstm_residual,1.9420194427172417,1.603286379361168,0.33873306335607367
2014-10-19T17:00:00+09:30,lstm_residual,0.4917083407441783,0.30442184278433326,0.18728649795984503
2014-10-20T07:00:00+09:30,lstm_residual,0.9274000053604367,0.9927041670819496,-0.06530416172151299
2014-10-20T08:00:00+09:30,lstm_residual,2.127144416173308,2.1458912762322377,-0.01874686005892956
2014-10-20T09:00:00+09:30,lstm_residual,3.0362443526585747,2.97519237987546,0.061051972783114916
2014-10-20T10:00:00+09:30,lstm_residual,3.6964221994082336,3.483248408290176,0.21317379111805757
2014-10-20T11:00:00+09:30,lstm_residual,3.9390722711880835,3.7980539748489193,0.14101829633916418
2014-10-20T12:00:00+09:30,lstm_residual,3.9728888670603415,4.020488113004122,-0.0475992459437804
2014-10-20T13:00:00+09:30,lstm_residual,3.549677799145392,3.665415104578431,-0.11573730543303906
2014-10-20T14:00:00+09:30,lstm_residual,3.2346054315567083,3.320160962474376,-0.08555553091766788
2014-10-20T15:00:00+09:30,lstm_residual,2.803094486395525,2.6129843249878384,0.19011016140768655
2014-10-20T16:00:00+09:30,lstm_residual,1.865372190872825,1.7477990597316402,0.11757313114118473
2014-10-20T17:00:00+09:30,lstm_residual,0.4861665678520975,0.4177416988213185,0.06842486903077899
2014-10-21T07:00:00+09:30,lstm_residual,0.9319277554750367,0.8539382592389811,0.07798949623605556
2014-10-21T08:00:00+09:30,lstm_residual,2.1411722004413503,2.038422836019752,0.10274936442159843
2014-10-21T09:00:00+09:30,lstm_residual,3.051647245883925,2.7822806500631723,0.26936659582075295
2014-10-21T10:00:00+09:30,lstm_residual,3.58584729830425,3.3315124156700886,0.2543348826341614
2014-10-21T11:00:00+09:30,lstm_residual,3.88846119244895,3.5513714264193545,0.3370897660295955
2014-10-21T12:00:00+09:30,lstm_residual,3.9608361124992335,3.6606938602966568,0.30014225220257673
2014-10-21T13:00:00+09:30,lstm_residual,3.810161252816508,3.638913587819309,0.17124766499719923
2014-10-21T14:00:00+09:30,lstm_residual,3.448555529117575,3.1508042195574375,0.2977513095601374
2014-10-21T15:00:00+09:30,lstm_residual,2.797086159388225,2.5943092644239556,0.20277689496426943
2014-10-21T16:00:00+09:30,lstm_residual,1.8172389268875166,1.7272628117765185,0.08997611511099812
2014-10-21T17:00:00+09:30,lstm_residual,0.49645831187566253,0.3987787924759383,0.09767951939972425
2014-10-22T07:00:00+09:30,lstm_residual,0.9105000197887501,0.8343929846872716,0.07610703510147843
2014-10-22T08:00:00+09:30,lstm_residual,2.1057555774847585,1.7561949301244386,0.3495606473603199
2014-10-22T09:00:00+09:30,lstm_residual,3.02808890740075,2.740394626795534,0.28769428060521607
2014-10-22T10:00:00+09:30,lstm_residual,3.593444585800167,3.163476273611835,0.42996831218833176
2014-10-22T11:00:00+09:30,lstm_residual,3.8785721262296167,3.4606263914542095,0.4179457347754072
2014-10-22T12:00:00+09:30,lstm_residual,3.9465223948160832,3.6827363508982183,0.263786043917865
2014-10-22T13:00:00+09:30,lstm_residual,3.793322145938875,3.319117690824466,0.4742044551144091
2014-10-22T14:00:00+09:30,lstm_residual,3.4050334095954917,3.1392426651008276,0.2657907444946641
2014-10-22T15:00:00+09:30,lstm_residual,2.7114055554072167,2.4848043205206163,0.22660123488660044
2014-10-22T16:00:00+09:30,lstm_residual,1.7705833613872584,1.6209937404218477,0.14958962096541062
2014-10-22T17:00:00+09:30,lstm_residual,0.501211112986015,0.3747437580906182,0.12646735489539673
2014-10-23T07:00:00+09:30,lstm_residual,0.7025166625777892,0.8162410923985709,-0.11372442982078168
2014-10-23T08:00:00+09:30,lstm_residual,2.10581664244335,2.015044854053893,0.09077178838945699
2014-10-23T09:00:00+09:30,lstm_residual,2.9973833163579333,2.7278535730145888,0.26952974334334456
2014-10-23T10:00:00+09:30,lstm_residual,3.6181278228759663,3.2936640983420955,0.32446372453387085
2014-10-23T11:00:00+09:30,lstm_residual,3.9187389612197836,3.3982865250019643,0.5204524362178193
2014-10-23T12:00:00+09:30,lstm_residual,3.9464279214540916,3.4216405465086757,0.5247873749454159
2014-10-23T13:00:00+09:30,lstm_residual,3.74526117245355,3.2029695506584623,0.5422916217950875
2014-10-23T14:00:00+09:30,lstm_residual,2.6269611120223915,3.024561242313246,-0.3976001302908547
2014-10-23T15:00:00+09:30,lstm_residual,2.540161103010192,2.4044337571903167,0.1357273458198751
2014-10-23T16:00:00+09:30,lstm_residual,1.7812611063321333,1.515759635750963,0.26550147058117024
2014-10-23T17:00:00+09:30,lstm_residual,0.4029388986527933,0.3707791056443721,0.0321597930084212
2014-10-24T07:00:00+09:30,lstm_residual,0.6567611073454184,0.7386713052840462,-0.08191019793862786
2014-10-24T08:00:00+09:30,lstm_residual,1.6580500304698835,1.99178542196627,-0.33373539149638654
2014-10-24T09:00:00+09:30,lstm_residual,3.0121833086013754,2.7191230154099086,0.29306029319146676
2014-10-24T10:00:00+09:30,lstm_residual,3.5249112645785083,3.274433716419586,0.2504775481589223
2014-10-24T11:00:00+09:30,lstm_residual,3.6778611540794333,3.3781595354229075,0.2997016186565258
2014-10-24T12:00:00+09:30,lstm_residual,3.6103001236915584,3.154421536147924,0.4558785875436344
2014-10-24T13:00:00+09:30,lstm_residual,3.7432221372922334,3.1964664628876918,0.5467556744045416
2014-10-24T14:00:00+09:30,lstm_residual,3.4326388438542583,2.634558444642445,0.7980803992118135
2014-10-24T15:00:00+09:30,lstm_residual,2.648027648528433,2.0324748896326232,0.6155527588958098
2014-10-24T16:00:00+09:30,lstm_residual,1.7546721895535835,1.2832918309402972,0.4713803586132863
2014-10-24T17:00:00+09:30,lstm_residual,0.588477765520415,0.2937635707526882,0.29471419476772676
2014-10-25T07:00:00+09:30,lstm_residual,0.9329361071189267,0.7813012719175139,0.15163483520141285
2014-10-25T08:00:00+09:30,lstm_residual,2.0922555327415417,1.9386247392319662,0.15363079350957554
2014-10-25T09:00:00+09:30,lstm_residual,2.8852750460306833,2.72113013478938,0.16414491124130315
2014-10-25T10:00:00+09:30,lstm_residual,3.5456665555636167,3.3406590855168727,0.2050074700467439
2014-10-25T11:00:00+09:30,lstm_residual,3.848708391189575,3.3350988247366273,0.5136095664529479
2014-10-25T12:00:00+09:30,lstm_residual,3.9146084189415,3.6077903497194015,0.30681806922209853
2014-10-25T13:00:00+09:30,lstm_residual,3.655658284823108,3.4496623300338682,0.20599595478923982
2014-10-25T14:00:00+09:30,lstm_residual,3.42452226082485,2.962463611760647,0.4620586490642027
2014-10-25T15:00:00+09:30,lstm_residual,2.5765166779359165,2.319528236796722,0.2569884411391947
2014-10-25T16:00:00+09:30,lstm_residual,1.4522027621666498,1.4602719563985707,-0.008069194231920873
2014-10-25T17:00:00+09:30,lstm_residual,0.5618722389141667,0.3637232124280183,0.1981490264861484
2014-10-26T07:00:00+09:30,lstm_residual,0.9431333219011574,0.6849179104887557,0.2582154114124017
2014-10-26T08:00:00+09:30,lstm_residual,2.0921555360158166,1.8744078786426854,0.21774765737313118
2014-10-26T09:00:00+09:30,lstm_residual,3.0042445659637416,2.5116060314197295,0.4926385345440121
2014-10-26T10:00:00+09:30,lstm_residual,3.581205487251292,3.226601118790633,0.354604368460659
2014-10-26T11:00:00+09:30,lstm_residual,3.90969985723495,3.387250295562919,0.522449561672031
2014-10-26T12:00:00+09:30,lstm_residual,3.949127872784942,3.808694356267203,0.14043351651773905
2014-10-26T13:00:00+09:30,lstm_residual,3.7570335070292167,3.423427419312404,0.33360608771681255
2014-10-26T14:00:00+09:30,lstm_residual,3.380911111831667,3.0400337738243217,0.3408773380073451
2014-10-26T15:00:00+09:30,lstm_residual,2.7207666635513337,2.36177486643185,0.3589917971194838
2014-10-26T16:00:00+09:30,lstm_residual,1.7663611670335249,1.421299801344312,0.34506136568921275
2014-10-26T17:00:00+09:30,lstm_residual,0.5671944419542958,0.3708798562548975,0.1963145856993983
2014-10-27T07:00:00+09:30,lstm_residual,0.9247610941529342,0.824266435458184,0.10049465869475016
2014-10-27T08:00:00+09:30,lstm_residual,2.065294454495125,1.9604748913618852,0.10481956313323959
2014-10-27T09:00:00+09:30,lstm_residual,2.9779249827067,2.7734246152849042,0.20450036742179556
2014-10-27T10:00:00+09:30,lstm_residual,3.5910693407058667,3.325305424812191,0.26576391589367576
2014-10-27T11:00:00+09:30,lstm_residual,3.871658504009267,3.4169092703300543,0.4547492336792125
2014-10-27T12:00:00+09:30,lstm_residual,3.9729944666226835,3.5368563270880005,0.43613813953468306
2014-10-27T13:00:00+09:30,lstm_residual,3.8494779070218335,3.3907840478394498,0.4586938591823837
2014-10-27T14:00:00+09:30,lstm_residual,3.0879166324933336,2.9400097745535363,0.1479068579397973
2014-10-27T15:00:00+09:30,lstm_residual,1.537441680828725,2.32283184003746,-0.7853901592087349
2014-10-27T16:00:00+09:30,lstm_residual,1.5655693461497675,1.4135308617663482,0.15203848438341927
2014-10-27T17:00:00+09:30,lstm_residual,0.5358611159026625,0.34924862845130566,0.18661248745135683
2014-10-28T07:00:00+09:30,lstm_residual,0.34630554293592747,0.6505547196243897,-0.30424917668846224
2014-10-28T08:00:00+09:30,lstm_residual,0.8285889277855526,1.6686121867388304,-0.8400232589532778
2014-10-28T09:00:00+09:30,lstm_residual,1.1131166716416625,2.496339462588825,-1.3832227909471624
2014-10-28T10:00:00+09:30,lstm_residual,1.3517444133758574,2.9433206218792054,-1.591576208503348
2014-10-28T11:00:00+09:30,lstm_residual,1.5634110917647817,2.966218637839409,-1.4028075460746272
2014-10-28T12:00:00+09:30,lstm_residual,1.1539611170689266,2.312486997606779,-1.1585258805378522
2014-10-28T13:00:00+09:30,lstm_residual,0.9668499976396584,2.35868040297438,-1.391830405334722
2014-10-28T14:00:00+09:30,lstm_residual,1.6241666873296083,1.7812242810845555,-0.1570575937549472
2014-10-28T15:00:00+09:30,lstm_residual,1.3263999819755583,1.3767661179342723,-0.050366135958713976
2014-10-28T16:00:00+09:30,lstm_residual,0.7555555775761565,0.7749060806224457,-0.019350503046289158
2014-10-28T17:00:00+09:30,lstm_residual,0.8457888960838367,0.24991740433868448,0.5958714917451522
2014-10-29T07:00:00+09:30,lstm_residual,0.9723638445138999,0.6652616319576786,0.3071022125562213
2014-10-29T08:00:00+09:30,lstm_residual,1.8456193606058584,1.9767001787815315,-0.13108081817567308
2014-10-29T09:00:00+09:30,lstm_residual,1.9468110501766167,2.9783230479074128,-1.031511997730796
2014-10-29T10:00:00+09:30,lstm_residual,2.9064749876658333,3.5501349193548957,-0.6436599316890623
2014-10-29T11:00:00+09:30,lstm_residual,3.869114021460208,3.5963520405570684,0.27276198090313963
2014-10-29T12:00:00+09:30,lstm_residual,3.644875049591075,3.942938273327127,-0.2980632237360519
2014-10-29T13:00:00+09:30,lstm_residual,3.740702748298633,3.5660436623938607,0.1746590859047723
2014-10-29T14:00:00+09:30,lstm_residual,3.309699952602392,3.1725108272864118,0.13718912531598004
2014-10-29T15:00:00+09:30,lstm_residual,2.6350888609886334,2.2356200214189625,0.39946883956967083
2014-10-29T16:00:00+09:30,lstm_residual,1.7156944672266752,1.3551388844296102,0.360555582797065
2014-10-29T17:00:00+09:30,lstm_residual,0.5668975884715641,0.4451906797168851,0.12170690875467904
2014-10-30T07:00:00+09:30,lstm_residual,0.9395388712485775,0.7827596764484254,0.15677919480015212
2014-10-30T08:00:00+09:30,lstm_residual,1.644411106904342,1.9098997869579803,-0.26548868005363846
2014-10-30T09:00:00+09:30,lstm_residual,2.718638747930525,2.702351788314921,0.01628695961560389
2014-10-30T10:00:00+09:30,lstm_residual,3.4499223033587083,3.2361490953284764,0.21377320803023192
2014-10-30T11:00:00+09:30,lstm_residual,3.1777500510215835,3.4392198831920275,-0.26146983217044406
2014-10-30T12:00:00+09:30,lstm_residual,3.546233455340058,3.7573666387328526,-0.21113318339279452
2014-10-30T13:00:00+09:30,lstm_residual,3.731783370176975,3.569822525448182,0.1619608447287928
2014-10-30T14:00:00+09:30,lstm_residual,2.660294393698383,2.570496885916299,0.08979750778208428
2014-10-30T15:00:00+09:30,lstm_residual,1.85329444209735,2.031070536490838,-0.17777609439348807
2014-10-30T16:00:00+09:30,lstm_residual,0.5729722405473375,1.2675632821349145,-0.694591041587577
2014-10-30T17:00:00+09:30,lstm_residual,0.25205554316441164,0.29228509606743613,-0.04022955290302449
2014-10-31T07:00:00+09:30,lstm_residual,0.3076555567483117,0.7286007205415651,-0.4209451637932534
2014-10-31T08:00:00+09:30,lstm_residual,0.6204166710376725,1.8949051644808157,-1.274488493443143
2014-10-31T09:00:00+09:30,lstm_residual,1.223391674458991,2.5962829944389236,-1.3728913199799326
2014-10-31T10:00:00+09:30,lstm_residual,2.2211139400800084,3.1158803223826745,-0.8947663823026661
2014-10-31T11:00:00+09:30,lstm_residual,3.717758516470592,3.015777896422174,0.7019806200484178
2014-10-31T12:00:00+09:30,lstm_residual,1.6648222406705167,3.103259067560899,-1.4384368268903824
2014-10-31T13:00:00+09:30,lstm_residual,1.183386137088149,2.5042148269913334,-1.3208286899031842
2014-10-31T14:00:00+09:30,lstm_residual,0.7200805693864817,1.9341417308896665,-1.2140611615031847
2014-10-31T15:00:00+09:30,lstm_residual,0.7953194181124384,1.2858332010789435,-0.49051378296650505
2014-10-31T16:00:00+09:30,lstm_residual,0.3554527846475433,0.6850857681288841,-0.3296329834813408
2014-10-31T17:00:00+09:30,lstm_residual,0.02667621049719549,0.24706207536391522,-0.22038586486671974
2014-11-01T07:00:00+09:30,lstm_residual,0.20126945804804475,0.6860660417508984,-0.4847965837028536
2014-11-01T08:00:00+09:30,lstm_residual,0.6034528066714608,1.3390873003363692,-0.7356344936649084
2014-11-01T09:00:00+09:30,lstm_residual,0.8960555394490525,1.8428442098307587,-0.9467886703817062
2014-11-01T10:00:00+09:30,lstm_residual,0.9706249485413192,2.462405468607238,-1.4917805200659187
2014-11-01T11:00:00+09:30,lstm_residual,1.7268472711245166,2.6964350490891102,-0.9695877779645936
2014-11-01T12:00:00+09:30,lstm_residual,1.4321833352247915,2.092929327695664,-0.6607459924708727
2014-11-01T13:00:00+09:30,lstm_residual,1.4762139320373582,2.1486643927615487,-0.6724504607241906
2014-11-01T14:00:00+09:30,lstm_residual,1.5754472116629168,2.075419607828445,-0.49997239616552824
2014-11-01T15:00:00+09:30,lstm_residual,1.14436946809291,1.210572596464249,-0.06620312837133913
2014-11-01T16:00:00+09:30,lstm_residual,0.79237503310044,0.7149548444938161,0.07742018860662392
2014-11-01T17:00:00+09:30,lstm_residual,0.3958460353314875,0.24705277002448467,0.14879326530700282
2014-11-02T07:00:00+09:30,lstm_residual,0.9280777523914949,0.7457854177683294,0.18229233462316552
2014-11-02T08:00:00+09:30,lstm_residual,2.027266641457875,1.7355935424755358,0.29167309898233906
2014-11-02T09:00:00+09:30,lstm_residual,2.936900019645675,2.7749748308458058,0.16192518879986917
2014-11-02T10:00:00+09:30,lstm_residual,3.50578341881435,3.4916177542910822,0.01416566452326773
2014-11-02T11:00:00+09:30,lstm_residual,3.490172187487275,3.9688617998171605,-0.4786896123298856
2014-11-02T12:00:00+09:30,lstm_residual,2.092005511124925,3.940100488018226,-1.848094976893301
2014-11-02T13:00:00+09:30,lstm_residual,2.65737226605415,3.9088050216635652,-1.2514327556094154
2014-11-02T14:00:00+09:30,lstm_residual,2.8326667149861584,3.236639707383934,-0.4039729923977755
2014-11-02T15:00:00+09:30,lstm_residual,2.567338913679125,2.414733627045803,0.1526052866333223
2014-11-02T16:00:00+09:30,lstm_residual,1.259188850720734,1.4985808640575873,-0.23939201333685323
2014-11-02T17:00:00+09:30,lstm_residual,0.4755277720590441,0.36247194082308054,0.11305583123596358
2014-11-03T07:00:00+09:30,lstm_residual,0.9443999727567,0.9454509538845381,-0.0010509811278381909
2014-11-03T08:00:00+09:30,lstm_residual,2.0652833481629584,1.972729356172544,0.09255399199041436
2014-11-03T09:00:00+09:30,lstm_residual,2.906677802403775,2.7651069364567924,0.14157086594698276
2014-11-03T10:00:00+09:30,lstm_residual,3.4384277860323746,3.297808967891783,0.14061881814059163
2014-11-03T11:00:00+09:30,lstm_residual,3.745811184247342,3.601911795029934,0.14389938921740786
2014-11-03T12:00:00+09:30,lstm_residual,3.566216607888533,3.949574026816063,-0.3833574189275297
2014-11-03T13:00:00+09:30,lstm_residual,3.720100124677025,3.532175968713526,0.1879241559634992
2014-11-03T14:00:00+09:30,lstm_residual,3.3333811958630997,3.0488144190812654,0.2845667767818343
2014-11-03T15:00:00+09:30,lstm_residual,2.840658406416575,2.4784547494091123,0.3622036570074627
2014-11-03T16:00:00+09:30,lstm_residual,1.6872221628824917,1.5424126463827417,0.14480951649975005
2014-11-03T17:00:00+09:30,lstm_residual,0.6269610859453675,0.4172979775878577,0.2096631083575098
2014-11-04T07:00:00+09:30,lstm_residual,0.5390444348255808,0.731364963491415,-0.19232052866583416
2014-11-04T08:00:00+09:30,lstm_residual,1.9512277692556477,1.776144613759423,0.17508315549622466
2014-11-04T09:00:00+09:30,lstm_residual,2.8786776860554917,2.5446783971836684,0.3339992888718233
2014-11-04T10:00:00+09:30,lstm_residual,3.4433054924011164,2.9782423261585325,0.4650631662425839
2014-11-04T11:00:00+09:30,lstm_residual,3.7226002415021333,3.2440943647682854,0.4785058767338479
2014-11-04T12:00:00+09:30,lstm_residual,3.5531554420789084,3.2716946801059406,0.2814607619729679
2014-11-04T13:00:00+09:30,lstm_residual,2.66012771924335,2.6340050796635976,0.02612263957975225
2014-11-04T14:00:00+09:30,lstm_residual,1.9995611011981917,2.376837347072305,-0.37727624587411346
2014-11-04T15:00:00+09:30,lstm_residual,1.6720611055692085,1.9214705920760604,-0.2494094865068519
2014-11-04T16:00:00+09:30,lstm_residual,1.1040222098429975,1.2786060761733409,-0.1745838663303434
2014-11-04T17:00:00+09:30,lstm_residual,0.2969055846333492,0.3795524495241739,-0.08264686489082468
2014-11-05T07:00:00+09:30,lstm_residual,0.9584721848368566,0.9816172157838551,-0.02314503094699849
2014-11-05T08:00:00+09:30,lstm_residual,2.121450026830033,2.1234750306266736,-0.002025003796640501
2014-11-05T09:00:00+09:30,lstm_residual,3.014613906542458,2.932736358506893,0.08187754803556535
2014-11-05T10:00:00+09:30,lstm_residual,3.5628916025161748,3.4492432814537297,0.11364832106244505
2014-11-05T11:00:00+09:30,lstm_residual,3.846408685048433,3.761528419893558,0.08488026515487501
2014-11-05T12:00:00+09:30,lstm_residual,3.8949113289515247,3.7210565507216264,0.17385477822989825
2014-11-05T13:00:00+09:30,lstm_residual,3.7806749343872084,3.6354242754533326,0.1452506589338758
2014-11-05T14:00:00+09:30,lstm_residual,3.397072335084292,3.2236250373505264,0.17344729773376555
2014-11-05T15:00:00+09:30,lstm_residual,2.721150040626542,2.585654590766031,0.13549544986051076
2014-11-05T16:00:00+09:30,lstm_residual,1.7916174232959667,1.5534176315825465,0.2381997917134202
2014-11-05T17:00:00+09:30,lstm_residual,0.6681222356855859,0.40875890075685073,0.2593633349287352
2014-11-06T07:00:00+09:30,lstm_residual,0.9708916346232167,0.8702400152607769,0.10065161936243983
2014-11-06T08:00:00+09:30,lstm_residual,2.0770944158236166,2.0514137646014277,0.025680651222188988
2014-11-06T09:00:00+09:30,lstm_residual,2.981466611226383,2.8722453925106803,0.10922121871570267
2014-11-06T10:00:00+09:30,lstm_residual,3.5678278605143254,3.4345617644009825,0.13326609611334295
2014-11-06T11:00:00+09:30,lstm_residual,3.8235968947410583,3.7499212900042207,0.07367560473683765
2014-11-06T12:00:00+09:30,lstm_residual,3.9492391347885083,3.7904237622829053,0.15881537250560296
2014-11-06T13:00:00+09:30,lstm_residual,3.761780381202692,3.576486530984106,0.1852938502185859
2014-11-06T14:00:00+09:30,lstm_residual,3.3816415667533914,3.128907698241755,0.2527338685116365
2014-11-06T15:00:00+09:30,lstm_residual,2.6936111648877588,2.3420545061530875,0.35155665873467123
2014-11-06T16:00:00+09:30,lstm_residual,1.7663999497890417,1.5463017063406026,0.2200982434484391
2014-11-06T17:00:00+09:30,lstm_residual,0.6618891557057726,0.4502970616032794,0.21159209410249313
2014-11-07T07:00:00+09:30,lstm_residual,0.9785611132780675,0.9075290127903328,0.07103210048773467
2014-11-07T08:00:00+09:30,lstm_residual,2.0698722104231497,2.060928150657164,0.008944059765985557
2014-11-07T09:00:00+09:30,lstm_residual,2.9499832987785415,2.9256624475534316,0.024320851225109852
2014-11-07T10:00:00+09:30,lstm_residual,3.53748337427775,3.3307575462909456,0.2067258279868045
2014-11-07T11:00:00+09:30,lstm_residual,3.8253945906957,3.7864729109044455,0.038921679791254604
2014-11-07T12:00:00+09:30,lstm_residual,3.859677632649742,3.7431512295485985,0.11652640310114348
2014-11-07T13:00:00+09:30,lstm_residual,3.661650160948433,3.4966797242617056,0.1649704366867275
2014-11-07T14:00:00+09:30,lstm_residual,3.3379277785619164,2.920685121199607,0.41724265736230937
2014-11-07T15:00:00+09:30,lstm_residual,2.6869920889536583,2.094164724426333,0.5928273645273254
2014-11-07T16:00:00+09:30,lstm_residual,1.7517750263214085,1.3345396896179447,0.4172353367034638
2014-11-07T17:00:00+09:30,lstm_residual,0.6635583353539308,0.3890374964190938,0.27452083893483703
2014-11-08T07:00:00+09:30,lstm_residual,0.9741722469528376,0.8247863275102966,0.14938591944254098
2014-11-08T08:00:00+09:30,lstm_residual,2.101108362277342,1.9461968948685269,0.154911467408815
2014-11-08T09:00:00+09:30,lstm_residual,2.991574943065658,2.608304446223077,0.38327049684258085
2014-11-08T10:00:00+09:30,lstm_residual,3.6047388116518753,3.235142243006182,0.36959656864569324
2014-11-08T11:00:00+09:30,lstm_residual,3.9264390269915252,3.6235020496873314,0.3029369773041939
2014-11-08T12:00:00+09:30,lstm_residual,3.9574277599652583,3.5889455714348903,0.36848218853036796
2014-11-08T13:00:00+09:30,lstm_residual,3.7964499791463084,3.2458029315254264,0.550647047620882
2014-11-08T14:00:00+09:30,lstm_residual,3.3903776407241835,2.8444629525240224,0.5459146882001611
2014-11-08T15:00:00+09:30,lstm_residual,2.714533249537142,2.1421234271194756,0.5724098224176664
2014-11-08T16:00:00+09:30,lstm_residual,1.6054777503013684,1.3894495583519104,0.216028191949458
2014-11-08T17:00:00+09:30,lstm_residual,0.5425555494924391,0.4220931383691573,0.12046241112328182
2014-11-09T07:00:00+09:30,lstm_residual,0.4045722261071208,0.7543758928506719,-0.34980366674355107
2014-11-09T08:00:00+09:30,lstm_residual,1.9476777464151425,1.8229162150429565,0.12476153137218593
2014-11-09T09:00:00+09:30,lstm_residual,2.8639555672804415,2.6143729785018572,0.2495825887785843
2014-11-09T10:00:00+09:30,lstm_residual,2.998772243658717,3.147279321334596,-0.148507077675879
2014-11-09T11:00:00+09:30,lstm_residual,3.7642222046852,3.324294620414,0.43992758427120027
2014-11-09T12:00:00+09:30,lstm_residual,4.035705586274475,3.4000538356192584,0.6356517506552168
2014-11-09T13:00:00+09:30,lstm_residual,3.854172190030408,2.812332970498776,1.041839219531632
2014-11-09T14:00:00+09:30,lstm_residual,3.3946888248125666,2.6056276267324234,0.7890611980801432
2014-11-09T15:00:00+09:30,lstm_residual,2.4506277640660583,2.052598428260709,0.3980293358053495
2014-11-09T16:00:00+09:30,lstm_residual,1.4541944364706652,1.2947082953454556,0.15948614112520954
2014-11-09T17:00:00+09:30,lstm_residual,0.5891944468021425,0.39463445420430987,0.19455999259783263
2014-11-10T07:00:00+09:30,lstm_residual,1.0140277668833733,0.747140030327361,0.2668877365560123
2014-11-10T08:00:00+09:30,lstm_residual,1.9648444354534167,1.776948454557408,0.18789598089600879
2014-11-10T09:00:00+09:30,lstm_residual,3.0687054991722085,2.614212822152764,0.4544926770194446
2014-11-10T10:00:00+09:30,lstm_residual,3.630577743053425,3.066606864402782,0.5639708786506432
2014-11-10T11:00:00+09:30,lstm_residual,3.9466556509335837,3.2441068303240717,0.7025488206095121
2014-11-10T12:00:00+09:30,lstm_residual,3.9789166251818333,3.4525231850750497,0.5263934401067836
2014-11-10T13:00:00+09:30,lstm_residual,3.815427859624217,3.3957781201153123,0.4196497395089045
2014-11-10T14:00:00+09:30,lstm_residual,3.397815505663567,2.888052498202789,0.5097630074607782
2014-11-10T15:00:00+09:30,lstm_residual,2.711644530296317,2.3115747729659235,0.4000697573303933
2014-11-10T16:00:00+09:30,lstm_residual,1.7741833627224002,1.3833904110670825,0.3907929516553177
2014-11-10T17:00:00+09:30,lstm_residual,0.6711555793881442,0.44093519647633295,0.23022038291181124
2014-11-11T07:00:00+09:30,lstm_residual,0.9384722138444525,0.92261578981355,0.015856424030902483
2014-11-11T08:00:00+09:30,lstm_residual,1.6531000336011168,2.0477213572707536,-0.39462132366963676
2014-11-11T09:00:00+09:30,lstm_residual,3.0656332969665496,2.928846015405104,0.1367872815614457
2014-11-11T10:00:00+09:30,lstm_residual,3.64242206017175,3.517583083750544,0.12483897642120612
2014-11-11T11:00:00+09:30,lstm_residual,3.90311123927435,3.7962151985497856,0.10689604072456449
2014-11-11T12:00:00+09:30,lstm_residual,3.9644279281298416,3.833676409455593,0.1307515186742485
2014-11-11T13:00:00+09:30,lstm_residual,3.8339667717615753,3.7348257460037138,0.09914102575786155
2014-11-11T14:00:00+09:30,lstm_residual,3.430511176586142,3.237777935378223,0.19273324120791901
2014-11-11T15:00:00+09:30,lstm_residual,2.7987611691157084,2.5966354391956106,0.2021257299200978
2014-11-11T16:00:00+09:30,lstm_residual,1.87626111507415,1.6366252423300967,0.2396358727440533
2014-11-11T17:00:00+09:30,lstm_residual,0.732016675174235,0.5279861446306037,0.2040305305436313
2014-11-12T07:00:00+09:30,lstm_residual,1.0365250259637875,0.9584084677653634,0.07811655819842411
2014-11-12T08:00:00+09:30,lstm_residual,2.170861124992358,2.1051425130703034,0.06571861192205475
2014-11-12T09:00:00+09:30,lstm_residual,3.0222527583440004,2.963474585356318,0.05877817298768262
2014-11-12T10:00:00+09:30,lstm_residual,3.591830650965367,3.539658404074088,0.05217224689127864
2014-11-12T11:00:00+09:30,lstm_residual,3.8457581798235583,3.803006023813995,0.04275215600956317
2014-11-12T12:00:00+09:30,lstm_residual,3.8682417472203503,3.7441856364751653,0.12405611074518497
2014-11-12T13:00:00+09:30,lstm_residual,3.740600109100342,3.6977674577526454,0.04283265134769643
2014-11-12T14:00:00+09:30,lstm_residual,3.443488876024883,3.2269532257432396,0.21653565028164357
2014-11-12T15:00:00+09:30,lstm_residual,2.7586527665456164,2.5373410468371116,0.22131171970850483
2014-11-12T16:00:00+09:30,lstm_residual,1.8521484235922416,1.4847124528111475,0.36743597078109413
2014-11-12T17:00:00+09:30,lstm_residual,0.7210999876260775,0.4552462274955086,0.26585376013056894
2014-11-13T07:00:00+09:30,lstm_residual,1.0039999932050692,0.927778366452701,0.07622162675236821
2014-11-13T08:00:00+09:30,lstm_residual,2.1058277587095917,2.0809512517884436,0.024876506921148067
2014-11-13T09:00:00+09:30,lstm_residual,2.952733238538108,2.905144083222881,0.04758915531522723
2014-11-13T10:00:00+09:30,lstm_residual,3.5466335415840167,3.470957115800893,0.0756764257831235
2014-11-13T11:00:00+09:30,lstm_residual,3.8490275939305665,3.7237482108921514,0.12527938303841513
2014-11-13T12:00:00+09:30,lstm_residual,3.888266483942658,3.733851239159035,0.15441524478362334
2014-11-13T13:00:00+09:30,lstm_residual,3.674305637677508,3.543444483097125,0.13086115458038305
2014-11-13T14:00:00+09:30,lstm_residual,3.33990557988485,2.95900771412394,0.38089786576090967
2014-11-13T15:00:00+09:30,lstm_residual,2.697299977143592,2.3091683693470157,0.3881316077965762
2014-11-13T16:00:00+09:30,lstm_residual,1.7881444493929501,1.3845286170083284,0.40361583238462173
2014-11-13T17:00:00+09:30,lstm_residual,0.6978499939044284,0.4247200478469064,0.27312994605752194
2014-11-14T07:00:00+09:30,lstm_residual,0.49563888957103086,0.7665990844969233,-0.2709601949258924
2014-11-14T08:00:00+09:30,lstm_residual,1.6138055374224916,1.849802562156451,-0.23599702473395934
2014-11-14T09:00:00+09:30,lstm_residual,2.816836039225267,2.611480261673337,0.2053557775519299
2014-11-14T10:00:00+09:30,lstm_residual,3.359505613644908,3.1552653721231536,0.20424024152175457
2014-11-14T11:00:00+09:30,lstm_residual,3.527411063512167,3.437425845397279,0.08998521811488791
2014-11-14T12:00:00+09:30,lstm_residual,1.046844447652495,3.4378661670507364,-2.3910217193982417
2014-11-14T13:00:00+09:30,lstm_residual,2.4434111615022,2.726890599094731,-0.28347943759253136
2014-11-14T14:00:00+09:30,lstm_residual,2.2620887955029914,2.2905491837690466,-0.028460388266055237
2014-11-14T15:00:00+09:30,lstm_residual,2.82341384887695,1.8995444685611753,0.9238693803157747
2014-11-14T16:00:00+09:30,lstm_residual,1.1327510972817783,1.2534833042880291,-0.12073220700625087
2014-11-14T17:00:00+09:30,lstm_residual,0.18970556987915252,0.41158827747783366,-0.22188270759868114
2014-11-15T07:00:00+09:30,lstm_residual,0.7724443996945983,0.49199565702398407,0.28044874267061426
2014-11-15T08:00:00+09:30,lstm_residual,2.0024944841861583,1.2776794770971585,0.7248150070889998
2014-11-15T09:00:00+09:30,lstm_residual,2.765502770741792,2.0246897858314323,0.7408129849103595
2014-11-15T10:00:00+09:30,lstm_residual,1.5660139421621917,2.57776818502538,-1.0117542428631885
2014-11-15T11:00:00+09:30,lstm_residual,1.1162194833159391,2.887087606530488,-1.7708681232145487
2014-11-15T12:00:00+09:30,lstm_residual,2.5599916676680166,3.317429094807574,-0.7574374271395574
2014-11-15T13:00:00+09:30,lstm_residual,3.2252471844355246,2.7562407594670004,0.4690064249685242
2014-11-15T14:00:00+09:30,lstm_residual,1.7886027097702,2.5926354085075864,-0.8040326987373865
2014-11-15T15:00:00+09:30,lstm_residual,0.5911916693051616,1.6820232267681536,-1.0908315574629919
2014-11-15T16:00:00+09:30,lstm_residual,0.2855027901629608,0.818259457582643,-0.5327566674196822
2014-11-15T17:00:00+09:30,lstm_residual,0.14158584922552067,0.25547536251034564,-0.11388951328482497
2014-11-16T07:00:00+09:30,lstm_residual,0.28144444525242,0.5760504673604829,-0.2946060221080629
2014-11-16T08:00:00+09:30,lstm_residual,0.41839439949641594,1.0734927423222478,-0.6550983428258319
2014-11-16T09:00:00+09:30,lstm_residual,0.5506555587053309,1.5320275923188849,-0.981372033613554
2014-11-16T10:00:00+09:30,lstm_residual,0.8780944397052134,2.601270057206345,-1.7231756175011315
2014-11-16T11:00:00+09:30,lstm_residual,1.402105525135985,2.903466819094162,-1.501361293958177
2014-11-16T12:00:00+09:30,lstm_residual,1.404977753758429,3.278024021841226,-1.873046268082797
2014-11-16T13:00:00+09:30,lstm_residual,2.1362999677658,2.5978692053636827,-0.4615692375978826
2014-11-16T14:00:00+09:30,lstm_residual,2.1307166119416667,2.3531762865422983,-0.22245967460063154
2014-11-16T15:00:00+09:30,lstm_residual,1.3034610648950042,1.5652464997933908,-0.26178543489838657
2014-11-16T16:00:00+09:30,lstm_residual,0.7496555149555216,0.8984182047189118,-0.14876268976339013
2014-11-16T17:00:00+09:30,lstm_residual,0.3154388877252742,0.40779238802665596,-0.09235350030138179
2014-11-17T07:00:00+09:30,lstm_residual,0.44788889090220163,0.8245478470890313,-0.37665895618682965
2014-11-17T08:00:00+09:30,lstm_residual,1.868372147281974,1.7263124751018948,0.1420596721800793
2014-11-17T09:00:00+09:30,lstm_residual,3.0500277082125336,2.4492534919297144,0.6007742162828191
2014-11-17T10:00:00+09:30,lstm_residual,3.6877056161562582,3.3288059430916324,0.3588996730646259
2014-11-17T11:00:00+09:30,lstm_residual,3.0042389531930334,4.029237142743806,-1.024998189550773
2014-11-17T12:00:00+09:30,lstm_residual,2.2746111353238416,4.095443833439949,-1.8208326981161078
2014-11-17T13:00:00+09:30,lstm_residual,2.7034333646297504,3.4101661008365562,-0.7067327362068059
2014-11-17T14:00:00+09:30,lstm_residual,2.8400666415691336,2.9033595186340255,-0.06329287706489195
2014-11-17T15:00:00+09:30,lstm_residual,1.6507666607697775,2.527885441523398,-0.8771187807536203
2014-11-17T16:00:00+09:30,lstm_residual,0.3842177415887517,1.6760200296725996,-1.2918022880838478
2014-11-17T17:00:00+09:30,lstm_residual,0.24071666163702674,0.4390035678809654,-0.19828690624393866
2014-11-18T07:00:00+09:30,lstm_residual,0.29461945345004587,0.8157241908646302,-0.5211047374145843
2014-11-18T08:00:00+09:30,lstm_residual,0.7589999983708035,1.499883214310978,-0.7408832159401745
2014-11-18T09:00:00+09:30,lstm_residual,1.1951444794734316,2.312149603276095,-1.1170051238026635
2014-11-18T10:00:00+09:30,lstm_residual,1.9229138493537918,3.082428539832514,-1.1595146904787221
2014-11-18T11:00:00+09:30,lstm_residual,1.0437277952829966,3.14364920795259,-2.0999214126695938
2014-11-18T12:00:00+09:30,lstm_residual,0.968424951036775,3.704357601043058,-2.735932650006283
2014-11-18T13:00:00+09:30,lstm_residual,1.0483833303054158,2.414593179560729,-1.3662098492553132
2014-11-18T14:00:00+09:30,lstm_residual,0.821966643134755,1.9235511428527694,-1.1015844997180144
2014-11-18T15:00:00+09:30,lstm_residual,0.6497916132211692,1.3259588088830199,-0.6761671956618507
2014-11-18T16:00:00+09:30,lstm_residual,0.7487888932228133,0.9094749359997553,-0.16068604277694198
2014-11-18T17:00:00+09:30,lstm_residual,0.2657555403808742,0.35689249170251314,-0.09113695132163896
2014-11-19T07:00:00+09:30,lstm_residual,0.9957166761159909,0.7341057206618442,0.2616109554541467
2014-11-19T08:00:00+09:30,lstm_residual,2.094988872607558,1.7336837420545792,0.36130513055297886
2014-11-19T09:00:00+09:30,lstm_residual,2.9378333489100084,2.717217694245414,0.22061565466459454
2014-11-19T10:00:00+09:30,lstm_residual,3.4833221435546835,3.4966362944767346,-0.013314150922051127
2014-11-19T11:00:00+09:30,lstm_residual,3.7938945889472997,3.897230638592416,-0.10333604964511611
2014-11-19T12:00:00+09:30,lstm_residual,3.8249552845955,3.8038328770514243,0.021122407544075905
2014-11-19T13:00:00+09:30,lstm_residual,3.7064945499102415,3.9449451803264375,-0.23845063041619596
2014-11-19T14:00:00+09:30,lstm_residual,2.9459161311387927,3.4027367141590474,-0.45682058302025474
2014-11-19T15:00:00+09:30,lstm_residual,2.8475527564684504,2.380678147635835,0.4668746088326152
2014-11-19T16:00:00+09:30,lstm_residual,1.8576028545697418,1.4238086739645581,0.4337941806051837
2014-11-19T17:00:00+09:30,lstm_residual,0.7587166726589225,0.4364758588831117,0.3222408137758108
2014-11-20T06:00:00+09:30,lstm_residual,0.11053888996442175,0.11370458279015538,-0.003165692825733632
2014-11-20T07:00:00+09:30,lstm_residual,0.971983318527545,0.6790864787497655,0.2928968397777796
2014-11-20T08:00:00+09:30,lstm_residual,2.061530530452725,1.6986678180570807,0.3628627123956445
2014-11-20T09:00:00+09:30,lstm_residual,2.9126833875974083,2.5127907352480947,0.3998926523493136
2014-11-20T10:00:00+09:30,lstm_residual,3.408144394556683,3.048319857743498,0.35982453681318516
2014-11-20T11:00:00+09:30,lstm_residual,3.549488842487342,3.3762704776568238,0.1732183648305181
2014-11-20T12:00:00+09:30,lstm_residual,3.3543056050936335,3.155866632696474,0.19843897239715957
2014-11-20T13:00:00+09:30,lstm_residual,2.7892611225446,3.1793414617485354,-0.39008033920393537
2014-11-20T14:00:00+09:30,lstm_residual,3.1343944867451916,2.565671150114598,0.5687233366305935
2014-11-20T15:00:00+09:30,lstm_residual,2.46399983266989,2.1375047280950357,0.32649510457485453
2014-11-20T16:00:00+09:30,lstm_residual,1.736086110274,1.1915047380093413,0.5445813722646586
2014-11-20T17:00:00+09:30,lstm_residual,0.7550805533925741,0.38664443035347684,0.36843612303909723
2014-11-21T06:00:00+09:30,lstm_residual,0.27759444961945273,0.11384997194523494,0.1637444776742178
2014-11-21T07:00:00+09:30,lstm_residual,0.5626388986905416,0.6691362148180529,-0.10649731612751123
2014-11-21T08:00:00+09:30,lstm_residual,1.8402722676595118,1.668432036452516,0.17184023120699576
2014-11-21T09:00:00+09:30,lstm_residual,2.8831666707992585,2.4330597364646165,0.450106934334642
2014-11-21T10:00:00+09:30,lstm_residual,3.2355445424715668,2.896042928020543,0.33950161445102367
2014-11-21T11:00:00+09:30,lstm_residual,3.40988888343175,3.218300566205224,0.1915883172265258
2014-11-21T12:00:00+09:30,lstm_residual,3.0970223248005087,3.0841300201307145,0.012892304669794186
2014-11-21T13:00:00+09:30,lstm_residual,2.1183832983176,2.535524848573685,-0.4171415502560851
2014-11-21T14:00:00+09:30,lstm_residual,1.688233345747,2.0554941172944505,-0.3672607715474505
2014-11-21T15:00:00+09:30,lstm_residual,0.948611080646515,1.623916343701659,-0.675305263055144
2014-11-21T16:00:00+09:30,lstm_residual,0.27908055608471416,0.9475430543438801,-0.6684624982591659
2014-11-21T17:00:00+09:30,lstm_residual,0.2477416619658475,0.36524341790229575,-0.11750175593644827
2014-11-22T06:00:00+09:30,lstm_residual,0.16049998695962156,0.024177745523418115,0.13632224143620345
2014-11-22T07:00:00+09:30,lstm_residual,0.6567611172795291,0.49075153419416595,0.16600958308536318
2014-11-22T08:00:00+09:30,lstm_residual,0.9108999942739867,1.1575413223270876,-0.2466413280531009
2014-11-22T09:00:00+09:30,lstm_residual,2.8602889180183584,1.9033446103175402,0.9569443077008182
2014-11-22T10:00:00+09:30,lstm_residual,3.477894445260367,1.9270080354045218,1.550886409855845
2014-11-22T11:00:00+09:30,lstm_residual,3.7368777592976836,2.6027212336154593,1.1341565256822244
2014-11-22T12:00:00+09:30,lstm_residual,3.8072389662265747,2.876297828183186,0.9309411380433885
2014-11-22T13:00:00+09:30,lstm_residual,3.0417167147000748,2.310940839648287,0.7307758750517879
2014-11-22T14:00:00+09:30,lstm_residual,2.92485547065735,1.7722520297922941,1.1526034408650558
2014-11-22T15:00:00+09:30,lstm_residual,0.9639166394869543,1.4105626929471209,-0.4466460534601666
2014-11-22T16:00:00+09:30,lstm_residual,1.222933327158301,0.79664920552457,0.426284121633731
2014-11-22T17:00:00+09:30,lstm_residual,0.7469944308201583,0.34719057987602486,0.3998038509441334
2014-11-23T06:00:00+09:30,lstm_residual,0.09114721929654494,0.10672206072635715,-0.015574841429812206
2014-11-23T07:00:00+09:30,lstm_residual,0.9385972221692483,0.5174202775978556,0.42117694457139276
2014-11-23T08:00:00+09:30,lstm_residual,2.0233777761459497,1.3523306412301495,0.6710471349158003
2014-11-23T09:00:00+09:30,lstm_residual,2.842966596285508,2.185530796819299,0.6574357994662092
2014-11-23T10:00:00+09:30,lstm_residual,3.47514164447785,2.402231822388353,1.072909822089497
2014-11-23T11:00:00+09:30,lstm_residual,3.7020694017410247,2.9149788050440497,0.787090596696975
2014-11-23T12:00:00+09:30,lstm_residual,3.8154277205467246,2.7441169167500266,1.071310803796698
2014-11-23T13:00:00+09:30,lstm_residual,3.5151722331841833,2.6724048487817615,0.8427673844024217
2014-11-23T14:00:00+09:30,lstm_residual,2.9756694734096505,2.1432326704445437,0.8324368029651068
2014-11-23T15:00:00+09:30,lstm_residual,2.0531500528256124,1.8065846688537852,0.24656538397182715
2014-11-23T16:00:00+09:30,lstm_residual,1.6450110624234018,1.0118774968868212,0.6331335655365806
2014-11-23T17:00:00+09:30,lstm_residual,0.48947224890192165,0.4065955027638758,0.08287674613804585
2014-11-24T06:00:00+09:30,lstm_residual,0.10685000537584292,0.13074744016037154,-0.023897434784528618
2014-11-24T07:00:00+09:30,lstm_residual,0.6558221802115425,0.6215242221665465,0.034297958044996024
2014-11-24T08:00:00+09:30,lstm_residual,0.7580055693785342,1.506150745670592,-0.7481451762920578
2014-11-24T09:00:00+09:30,lstm_residual,1.0589944173892343,2.2154933490616306,-1.1564989316723964
2014-11-24T10:00:00+09:30,lstm_residual,1.0492222607135833,2.6808416227037957,-1.6316193619902124
2014-11-24T11:00:00+09:30,lstm_residual,2.388769427935283,2.9731987281992676,-0.5844293002639844
2014-11-24T12:00:00+09:30,lstm_residual,2.9020717144012416,2.7282727358723466,0.17379897852889492
2014-11-24T13:00:00+09:30,lstm_residual,2.3037777543068,2.322327877772623,-0.018550123465823187
2014-11-24T14:00:00+09:30,lstm_residual,2.318455547094333,1.5770317986226128,0.7414237484717203
2014-11-24T15:00:00+09:30,lstm_residual,2.2573889195919166,1.1060803108494848,1.1513086087424318
2014-11-24T16:00:00+09:30,lstm_residual,1.5413500517606833,0.7428983124068812,0.7984517393538021
2014-11-24T17:00:00+09:30,lstm_residual,0.4413388893008225,0.32307178638972933,0.11826710291109316
2014-11-25T06:00:00+09:30,lstm_residual,0.18317222176119774,0.17385237821463462,0.009319843546563122
2014-11-25T07:00:00+09:30,lstm_residual,0.67471660921971,0.6206665566390386,0.054050052580671415
2014-11-25T08:00:00+09:30,lstm_residual,1.93473333120345,1.5015201992362248,0.4332131319672252
2014-11-25T09:00:00+09:30,lstm_residual,2.9298332929611246,2.31031770699671,0.6195155859644146
2014-11-25T10:00:00+09:30,lstm_residual,2.90148333708445,2.947706997739857,-0.04622366065540717
2014-11-25T11:00:00+09:30,lstm_residual,2.6255944569905667,3.5175578399292977,-0.891963382938731
2014-11-25T12:00:00+09:30,lstm_residual,2.7387111286322168,3.4096064111508246,-0.6708952825186079
2014-11-25T13:00:00+09:30,lstm_residual,2.3653000593185585,3.0536041115934696,-0.6883040522749111
2014-11-25T14:00:00+09:30,lstm_residual,2.387094418207808,2.587605808692845,-0.20051139048503686
2014-11-25T15:00:00+09:30,lstm_residual,1.5915666520595666,2.0499326060263856,-0.458365953966819
2014-11-25T16:00:00+09:30,lstm_residual,1.0358277658621442,1.2041623513493445,-0.16833458548720026
2014-11-25T17:00:00+09:30,lstm_residual,0.5441249907016751,0.4233726851674676,0.12075230553420746
2014-11-26T06:00:00+09:30,lstm_residual,0.13222223101183717,0.12956030058164658,0.0026619304301905844
2014-11-26T07:00:00+09:30,lstm_residual,0.9438666800657901,0.6688553791166059,0.27501130094918425
2014-11-26T08:00:00+09:30,lstm_residual,2.1031944056352,1.677940166083379,0.42525423955182085
2014-11-26T09:00:00+09:30,lstm_residual,3.0107027490933667,2.5068449139709497,0.503857835122417
2014-11-26T10:00:00+09:30,lstm_residual,3.592547237873075,2.941611957970059,0.6509352799030164
2014-11-26T11:00:00+09:30,lstm_residual,3.8640083670616168,3.443977230561301,0.42003113650031576
2014-11-26T12:00:00+09:30,lstm_residual,3.9572111765543667,3.361623281896174,0.5955878946581925
2014-11-26T13:00:00+09:30,lstm_residual,3.825747291247042,3.2515511012859197,0.5741961899611221
2014-11-26T14:00:00+09:30,lstm_residual,3.461855709552775,2.817708948174183,0.6441467613785923
2014-11-26T15:00:00+09:30,lstm_residual,2.7445790767669584,2.289964115894703,0.4546149608722554
2014-11-26T16:00:00+09:30,lstm_residual,1.9217167099317,1.3363820111489413,0.5853346987827588
2014-11-26T17:00:00+09:30,lstm_residual,0.8692333797613826,0.5051150299796023,0.36411834978178026
2014-11-27T06:00:00+09:30,lstm_residual,0.0031249995032946666,0.12685114462443747,-0.1237261451211428
2014-11-27T07:00:00+09:30,lstm_residual,0.3084194424251715,0.8388791189095437,-0.5304596764843722
2014-11-27T08:00:00+09:30,lstm_residual,0.5939722359180458,1.9783290941386147,-1.3843568582205688
2014-11-27T09:00:00+09:30,lstm_residual,1.3058138638734842,2.7769068318900425,-1.4710929680165583
2014-11-27T10:00:00+09:30,lstm_residual,0.7789416412512468,3.3383471122716375,-2.5594054710203906
2014-11-27T11:00:00+09:30,lstm_residual,1.2137971719105967,3.6265540021132647,-2.4127568302026683
2014-11-27T12:00:00+09:30,lstm_residual,1.617863903443025,2.9722137054193194,-1.3543498019762943
2014-11-27T13:00:00+09:30,lstm_residual,1.8046472271283418,2.4811722044998166,-0.6765249773714748
2014-11-27T14:00:00+09:30,lstm_residual,1.143077855308854,2.1877322268159354,-1.0446543715070813
2014-11-27T15:00:00+09:30,lstm_residual,1.2724221547444583,1.416213523747456,-0.14379136900299772
2014-11-27T16:00:00+09:30,lstm_residual,1.2259611437718017,0.8156938238410414,0.41026731993076027
2014-11-27T17:00:00+09:30,lstm_residual,0.9509776383638434,0.3947788053420541,0.5561988330217893
2014-11-28T06:00:00+09:30,lstm_residual,0.1284888898953798,0.0,0.1284888898953798
2014-11-28T07:00:00+09:30,lstm_residual,0.9731444219748275,0.6372957484497578,0.33584867352506975
2014-11-28T08:00:00+09:30,lstm_residual,2.0927778482437165,1.4301667974895231,0.6626110507541934
2014-11-28T09:00:00+09:30,lstm_residual,2.955527782440175,2.6151953876348726,0.3403323948053023
2014-11-28T10:00:00+09:30,lstm_residual,3.5116832057635,2.9257172038018404,0.5859660019616597
2014-11-28T11:00:00+09:30,lstm_residual,3.7930997610092168,3.547163361799708,0.24593639920950894
2014-11-28T12:00:00+09:30,lstm_residual,3.8738887111345996,3.93094234969086,-0.057053638556260555
2014-11-28T13:00:00+09:30,lstm_residual,3.7422999938329,3.9714451079036754,-0.22914511407077542
2014-11-28T14:00:00+09:30,lstm_residual,3.4384389519691414,3.477882324469262,-0.03944337250012042
2014-11-28T15:00:00+09:30,lstm_residual,2.7963777979214917,2.7967058520567534,-0.0003280541352617128
2014-11-28T16:00:00+09:30,lstm_residual,1.8890806039174333,1.7990186385955562,0.09006196532187705
2014-11-28T17:00:00+09:30,lstm_residual,0.81546110659838,0.6896858772054277,0.12577522939295227
2014-11-29T06:00:00+09:30,lstm_residual,0.12436111814652934,0.11051361987436714,0.013847498272162195
2014-11-29T07:00:00+09:30,lstm_residual,0.9410527745882766,0.8004585230680826,0.140594251520194
2014-11-29T08:00:00+09:30,lstm_residual,2.0290916462739332,1.9228604962905862,0.10623114998334704
2014-11-29T09:00:00+09:30,lstm_residual,2.884952743848167,2.6792951482485203,0.20565759559964647
2014-11-29T10:00:00+09:30,lstm_residual,3.4377136627833003,3.1839054387391226,0.2538082240441777
2014-11-29T11:00:00+09:30,lstm_residual,3.7640250722567252,3.533990536745796,0.23003453551092923
2014-11-29T12:00:00+09:30,lstm_residual,3.050761282443992,3.6913077882837424,-0.6405465058397506
2014-11-29T13:00:00+09:30,lstm_residual,3.471008251110708,3.452698608084494,0.018309643026213962
2014-11-29T14:00:00+09:30,lstm_residual,2.6975473314523586,2.825728487558998,-0.12818115610663927
2014-11-29T15:00:00+09:30,lstm_residual,1.1312999824682826,2.310782185578336,-1.1794822031100534
2014-11-29T16:00:00+09:30,lstm_residual,0.8388777275880175,1.463160918073283,-0.6242831904852655
2014-11-29T17:00:00+09:30,lstm_residual,0.802544298271345,0.52078785825811,0.28175644001323497
2014-11-30T06:00:00+09:30,lstm_residual,0.17358333120743527,0.10449720899201687,0.0690861222154184
2014-11-30T07:00:00+09:30,lstm_residual,1.00422219683726,0.7520902639896717,0.2521319328475883
2014-11-30T08:00:00+09:30,lstm_residual,1.4920666019121782,1.9005986225846734,-0.40853202067249517
2014-11-30T09:00:00+09:30,lstm_residual,3.0331777532895337,2.5182156287288917,0.5149621245606419
2014-11-30T10:00:00+09:30,lstm_residual,3.446183443069467,3.1921389854894424,0.2540444575800245
2014-11-30T11:00:00+09:30,lstm_residual,3.7746054728825915,3.5517120040528978,0.22289346882969374
2014-11-30T12:00:00+09:30,lstm_residual,3.913122196992242,3.410886768498116,0.5022354284941262
2014-11-30T13:00:00+09:30,lstm_residual,3.0452110320329626,3.1337717662896973,-0.08856073425673472
2014-11-30T14:00:00+09:30,lstm_residual,0.9822833438714283,2.324086872841158,-1.3418035289697294
2014-11-30T15:00:00+09:30,lstm_residual,0.45022224014004086,1.7451044924358055,-1.2948822522957646
2014-11-30T16:00:00+09:30,lstm_residual,0.049022212314109,1.1393773414058799,-1.0903551290917708
2014-11-30T17:00:00+09:30,lstm_residual,0.053299998243649754,0.4893454318686904,-0.43604543362504067
2014-12-01T06:00:00+09:30,lstm_residual,0.09910000379507626,0.05538688646982515,0.043713117325251113
2014-12-01T07:00:00+09:30,lstm_residual,0.9164166475335717,0.5768703014664773,0.33954634606709433
2014-12-01T08:00:00+09:30,lstm_residual,2.0305667320887166,1.3623655009764275,0.6682012311122891
2014-12-01T09:00:00+09:30,lstm_residual,2.857938885688792,1.98176393927199,0.876174946416802
2014-12-01T10:00:00+09:30,lstm_residual,3.414805392424275,2.175762906743741,1.239042485680534
2014-12-01T11:00:00+09:30,lstm_residual,3.7485388120015415,2.2668860229178796,1.481652789083662
2014-12-01T12:00:00+09:30,lstm_residual,3.724710901578275,2.5047030992696033,1.2200078023086718
2014-12-01T13:00:00+09:30,lstm_residual,3.8565777937571166,2.7736999991804643,1.0828777945766523
2014-12-01T14:00:00+09:30,lstm_residual,2.5640694151321983,2.643844412587937,-0.07977499745573846
2014-12-01T15:00:00+09:30,lstm_residual,2.5020444293816917,2.0409737381756923,0.4610706912059994
2014-12-01T16:00:00+09:30,lstm_residual,1.5340971996386876,1.108644004582258,0.42545319505642953
2014-12-01T17:00:00+09:30,lstm_residual,0.4739166547854741,0.43638561599878667,0.037531038786687454
2014-12-02T06:00:00+09:30,lstm_residual,0.08968888913902118,0.14007539055937224,-0.05038650142035106
2014-12-02T07:00:00+09:30,lstm_residual,1.2402833377321534,0.6275285522629008,0.6127547854692525
2014-12-02T08:00:00+09:30,lstm_residual,1.6695110748211544,1.5510999523746234,0.11841112244653096
2014-12-02T09:00:00+09:30,lstm_residual,2.4427444835504,2.398819601855274,0.04392488169512587
2014-12-02T10:00:00+09:30,lstm_residual,2.8551166852315166,2.800540424550602,0.05457626068091459
2014-12-02T11:00:00+09:30,lstm_residual,2.7309167683124502,3.0365706651115816,-0.30565389679913135
2014-12-02T12:00:00+09:30,lstm_residual,3.7495055397351584,3.033243973494617,0.7162615662405414
2014-12-02T13:00:00+09:30,lstm_residual,3.488339026769008,2.559492993148505,0.9288460336205033
2014-12-02T14:00:00+09:30,lstm_residual,2.114944433172539,2.085235922739319,0.02970851043321998
2014-12-02T15:00:00+09:30,lstm_residual,0.47029439359903336,1.3077784140462068,-0.8374840204471734
2014-12-02T16:00:00+09:30,lstm_residual,1.2177944108843668,0.7652538699656346,0.4525405409187322
2014-12-02T17:00:00+09:30,lstm_residual,0.5317719628413575,0.26847068099305826,0.26330128184829926
2014-12-03T06:00:00+09:30,lstm_residual,0.08311389200389392,0.08118244274555497,0.0019314492583389492
2014-12-03T07:00:00+09:30,lstm_residual,0.8832416683435383,0.6285383212621336,0.25470334708140474
2014-12-03T08:00:00+09:30,lstm_residual,2.087672193845117,1.3864306756721982,0.7012415181729186
2014-12-03T09:00:00+09:30,lstm_residual,2.8841082652409917,1.9970251902799743,0.8870830749610175
2014-12-03T10:00:00+09:30,lstm_residual,3.3997250000635746,2.0929987811108237,1.3067262189527509
2014-12-03T11:00:00+09:30,lstm_residual,3.5275056163469833,2.666293937145011,0.8612116792019724
2014-12-03T12:00:00+09:30,lstm_residual,2.1629500190417,2.626525552138512,-0.46357553309681165
2014-12-03T13:00:00+09:30,lstm_residual,1.2915555263559066,2.7913847431138343,-1.4998292167579277
2014-12-03T14:00:00+09:30,lstm_residual,2.9668610990047544,2.453846602486909,0.5130144965178456
2014-12-03T15:00:00+09:30,lstm_residual,0.9960680156946232,1.8900452957480178,-0.8939772800533946
2014-12-03T16:00:00+09:30,lstm_residual,1.8751221895218,1.160368739836806,0.7147534496849939
2014-12-03T17:00:00+09:30,lstm_residual,0.45285555844505665,0.3877264892451636,0.06512906919989303
2014-12-04T06:00:00+09:30,lstm_residual,0.11465555336326357,0.10178281615728457,0.012872737205978993
2014-12-04T07:00:00+09:30,lstm_residual,0.8935944388310074,0.6423636834941573,0.25123075533685013
2014-12-04T08:00:00+09:30,lstm_residual,1.1895666966835658,1.6692302759541886,-0.47966357927062275
2014-12-04T09:00:00+09:30,lstm_residual,2.773066719373075,2.4508660686518438,0.32220065072123116
2014-12-04T10:00:00+09:30,lstm_residual,3.4086665312449167,2.65106254112602,0.7576039901188967
2014-12-04T11:00:00+09:30,lstm_residual,3.663572251796708,3.159739678653324,0.5038325731433844
2014-12-04T12:00:00+09:30,lstm_residual,3.1872720817724915,3.1970644842252756,-0.00979240245278401
2014-12-04T13:00:00+09:30,lstm_residual,1.6936055570840984,2.858597360224226,-1.1649918031401276
2014-12-04T14:00:00+09:30,lstm_residual,3.178405523300175,2.199198862136037,0.9792066611641377
2014-12-04T15:00:00+09:30,lstm_residual,2.4860055148601607,1.416551205243386,1.0694543096167748
2014-12-04T16:00:00+09:30,lstm_residual,1.9449796875317833,0.9529381265213643,0.992041561010419
2014-12-04T17:00:00+09:30,lstm_residual,1.0486777623494474,0.5114051083248864,0.537272654024561
2014-12-05T07:00:00+09:30,lstm_residual,0.8642222061753267,0.6661793766518769,0.19804282952344987
2014-12-05T08:00:00+09:30,lstm_residual,1.903261045614875,1.6495054132204123,0.25375563239446275
2014-12-05T09:00:00+09:30,lstm_residual,2.757375041643767,2.417033949139597,0.34034109250416966
2014-12-05T10:00:00+09:30,lstm_residual,3.3078528642654503,2.7966709747321445,0.5111818895333058
2014-12-05T11:00:00+09:30,lstm_residual,3.627369364102675,3.30017737141177,0.32719199269090504
2014-12-05T12:00:00+09:30,lstm_residual,3.550752719243359,3.106244748044309,0.44450797119904983
2014-12-05T13:00:00+09:30,lstm_residual,2.4703444937864916,2.7202177985737848,-0.2498733047872932
2014-12-05T14:00:00+09:30,lstm_residual,0.9266500373681367,2.230922998001515,-1.3042729606333783
2014-12-05T15:00:00+09:30,lstm_residual,1.5565580427646708,1.4981461840936166,0.05841185867105425
2014-12-05T16:00:00+09:30,lstm_residual,0.6737778050204116,0.956794472762442,-0.2830166677420304
2014-12-05T17:00:00+09:30,lstm_residual,0.08262221515178683,0.5184863465988362,-0.4358641314470494
2014-12-06T07:00:00+09:30,lstm_residual,0.8062138780951442,0.5606384920999735,0.2455753859951707
2014-12-06T08:00:00+09:30,lstm_residual,1.827313850323356,1.4367796075701589,0.39053424275319704
2014-12-06T09:00:00+09:30,lstm_residual,2.8051304817199667,2.187911573644989,0.6172189080749777
2014-12-06T10:00:00+09:30,lstm_residual,3.4094417095184415,2.390576805637614,1.0188649038808273
2014-12-06T11:00:00+09:30,lstm_residual,3.7391278743744003,2.7045167990157952,1.034611075358605
2014-12-06T12:00:00+09:30,lstm_residual,3.878186146418242,2.907581689431551,0.970604456986691
2014-12-06T13:00:00+09:30,lstm_residual,3.6500916878382337,2.9823752403006125,0.6677164475376212
2014-12-06T14:00:00+09:30,lstm_residual,2.20321941375731,2.690795291322204,-0.4875758775648942
2014-12-06T15:00:00+09:30,lstm_residual,2.469180613756175,2.0924150914553663,0.3767655223008086
2014-12-06T16:00:00+09:30,lstm_residual,1.8010389109452583,1.229920830364843,0.5711180805804152
2014-12-06T17:00:00+09:30,lstm_residual,0.6169984787702475,0.5230376106720236,0.0939608680982239
2014-12-07T07:00:00+09:30,lstm_residual,0.3293111262222133,0.4914793161554418,-0.1621681899332285
2014-12-07T08:00:00+09:30,lstm_residual,0.609300022323925,1.0914542562172445,-0.48215423389331946
2014-12-07T09:00:00+09:30,lstm_residual,2.291405593355505,1.7367646966582764,0.5546408966972285
2014-12-07T10:00:00+09:30,lstm_residual,2.7589222788810837,2.1637862416930593,0.5951360371880243
2014-12-07T11:00:00+09:30,lstm_residual,3.5929166674614,2.3524909248425017,1.2404257426188985
2014-12-07T12:00:00+09:30,lstm_residual,3.1982388893763165,1.8629400618000709,1.3352988275762456
2014-12-07T13:00:00+09:30,lstm_residual,2.8379388451576166,1.826490757612265,1.0114480875453515
2014-12-07T14:00:00+09:30,lstm_residual,2.6106943835814698,1.3710378493269024,1.2396565342545673
2014-12-07T15:00:00+09:30,lstm_residual,2.203022276361774,1.3548784055216556,0.8481438708401186
2014-12-07T16:00:00+09:30,lstm_residual,0.550949989507595,0.908915638152823,-0.35796564864522795
2014-12-07T17:00:00+09:30,lstm_residual,0.044461109985908,0.4485307048866469,-0.4040695949007389
2014-12-08T07:00:00+09:30,lstm_residual,0.8585277944803233,0.4241434459637683,0.43438434851655505
2014-12-08T08:00:00+09:30,lstm_residual,1.953116695086175,1.0634348519237873,0.8896818431623876
2014-12-08T09:00:00+09:30,lstm_residual,2.8269167145093252,1.6354336288243092,1.191483085685016
2014-12-08T10:00:00+09:30,lstm_residual,3.4245999852816085,1.9747987294587794,1.449801255822829
2014-12-08T11:00:00+09:30,lstm_residual,3.773910939693458,2.7533057998663972,1.0206051398270608
2014-12-08T12:00:00+09:30,lstm_residual,3.5917942325274086,2.7574837661442,0.8343104663832084
2014-12-08T13:00:00+09:30,lstm_residual,3.73853663603465,2.8983739754309426,0.8401626606037076
2014-12-08T14:00:00+09:30,lstm_residual,3.0925556123256666,2.598874808937608,0.49368080338805864
2014-12-08T15:00:00+09:30,lstm_residual,2.91333613793055,2.0178031767276563,0.8955329612028935
2014-12-08T16:00:00+09:30,lstm_residual,1.6861721575260251,1.2833719129336623,0.40280024459236285
2014-12-08T17:00:00+09:30,lstm_residual,0.7503472417592958,0.5323901108331168,0.21795713092617897
2014-12-09T07:00:00+09:30,lstm_residual,0.7538333684205983,0.7053832587006441,0.048450109719954226
2014-12-09T08:00:00+09:30,lstm_residual,1.767669429381675,1.7033364378349827,0.06433299154669236
2014-12-09T09:00:00+09:30,lstm_residual,2.4703944226105916,2.447842069434543,0.022552353176048534
2014-12-09T10:00:00+09:30,lstm_residual,3.2119750181833915,2.957435959229324,0.2545390589540677
2014-12-09T11:00:00+09:30,lstm_residual,3.6672278245290086,3.1829918900073157,0.4842359345216929
2014-12-09T12:00:00+09:30,lstm_residual,3.8069862325986166,3.0821906278763516,0.724795604722265
2014-12-09T13:00:00+09:30,lstm_residual,2.8361112574736183,2.818506368240607,0.01760488923301118
2014-12-09T14:00:00+09:30,lstm_residual,2.9825055400530416,2.0389928684297347,0.9435126716233069
2014-12-09T15:00:00+09:30,lstm_residual,1.8412610764304749,1.2803532773529804,0.5609077990774944
2014-12-09T16:00:00+09:30,lstm_residual,1.0145377268393734,0.7753898922085678,0.23914783463080558
2014-12-09T17:00:00+09:30,lstm_residual,0.7100222197671758,0.39417012007981933,0.3158520996873565
2014-12-10T07:00:00+09:30,lstm_residual,0.3572722300887117,0.5764707776979774,-0.21919854760926571
2014-12-10T08:00:00+09:30,lstm_residual,0.97995562354724,1.3957023393863954,-0.41574671583915546
2014-12-10T09:00:00+09:30,lstm_residual,1.9317000011603083,1.9287594300214663,0.002940571138841941
2014-12-10T10:00:00+09:30,lstm_residual,2.2788110772768664,2.6418169790495023,-0.3630059017726359
2014-12-10T11:00:00+09:30,lstm_residual,2.6536443829536416,2.9810656121551378,-0.3274212292014962
2014-12-10T12:00:00+09:30,lstm_residual,2.1705277760823667,2.934575273329452,-0.7640474972470854
2014-12-10T13:00:00+09:30,lstm_residual,2.067598293224967,2.05670768813132,0.010890605093646588
2014-12-10T14:00:00+09:30,lstm_residual,3.5197220643361415,1.6484540111943937,1.8712680531417478
2014-12-10T15:00:00+09:30,lstm_residual,2.662488887707392,1.2691147837155783,1.3933741039918135
2014-12-10T16:00:00+09:30,lstm_residual,1.8449944059054084,0.7522790329803308,1.0927153729250776
2014-12-10T17:00:00+09:30,lstm_residual,0.8773361196120583,0.4180581290654073,0.45927799054665097
2014-12-11T07:00:00+09:30,lstm_residual,0.48395555963118836,0.705555347158582,-0.22159978752739368
2014-12-11T08:00:00+09:30,lstm_residual,0.6120388855536775,1.5813474690377807,-0.9693085834841032
2014-12-11T09:00:00+09:30,lstm_residual,2.786705613136283,2.123782073796394,0.6629235393398889
2014-12-11T10:00:00+09:30,lstm_residual,2.948216736316683,2.4958945708123825,0.4523221655043006
2014-12-11T11:00:00+09:30,lstm_residual,3.4391055504480916,3.1160032820283234,0.3231022684197682
2014-12-11T12:00:00+09:30,lstm_residual,3.775961041450508,3.0051286027538344,0.7708324386966736
2014-12-11T13:00:00+09:30,lstm_residual,3.757955590883883,2.5233083143489994,1.2346472765348837
2014-12-11T14:00:00+09:30,lstm_residual,3.11019655068715,1.8640347762406995,1.2461617744464504
2014-12-11T15:00:00+09:30,lstm_residual,2.3937803705533334,1.4989781167077343,0.8948022538455991
2014-12-11T16:00:00+09:30,lstm_residual,1.665672202905025,1.0862181932227888,0.5794540096822363
2014-12-11T17:00:00+09:30,lstm_residual,0.9257361044486375,0.519318764639636,0.4064173398090015
2014-12-12T07:00:00+09:30,lstm_residual,0.7971416736642567,0.7243283472417585,0.07281332642249816
2014-12-12T08:00:00+09:30,lstm_residual,1.8523306051889994,1.7308596415530078,0.12147096363599164
2014-12-12T09:00:00+09:30,lstm_residual,2.9587166309356583,2.58593131112627,0.3727853198093882
2014-12-12T10:00:00+09:30,lstm_residual,3.549636244773858,3.0088583502236332,0.5407778945502248
2014-12-12T11:00:00+09:30,lstm_residual,3.9214361707369583,3.443810242484389,0.4776259282525692
2014-12-12T12:00:00+09:30,lstm_residual,4.015894532203675,3.6560843223077715,0.35981020989590373
2014-12-12T13:00:00+09:30,lstm_residual,3.94404733181,3.3773304241394104,0.5667169076705894
2014-12-12T14:00:00+09:30,lstm_residual,3.5907195806503083,2.7217129630763415,0.8690066175739668
2014-12-12T15:00:00+09:30,lstm_residual,2.9814778367678336,2.292925749019271,0.6885520877485627
2014-12-12T16:00:00+09:30,lstm_residual,2.0761943856875167,1.6559437944470807,0.42025059124043596
2014-12-12T17:00:00+09:30,lstm_residual,0.9586972196896891,0.7500266471259742,0.2086705725637149
2014-12-13T07:00:00+09:30,lstm_residual,0.875094433625541,0.8769411796774368,-0.0018467460518958312
2014-12-13T08:00:00+09:30,lstm_residual,2.0020611286163414,1.9973070063716163,0.004754122244725156
2014-12-13T09:00:00+09:30,lstm_residual,2.888058304786675,2.8845303113650207,0.0035279934216543296
2014-12-13T10:00:00+09:30,lstm_residual,3.472104251384725,3.4651625615735764,0.00694168981114851
2014-12-13T11:00:00+09:30,lstm_residual,3.8414166967074,3.8473282466132117,-0.005911549905811775
2014-12-13T12:00:00+09:30,lstm_residual,4.006266772747042,4.089046467494075,-0.08277969474703362
2014-12-13T13:00:00+09:30,lstm_residual,3.8316110769907668,3.831433184283494,0.00017789270727286421
2014-12-13T14:00:00+09:30,lstm_residual,3.518005549907675,3.410720296795304,0.10728525311237114
2014-12-13T15:00:00+09:30,lstm_residual,2.9314611355463582,2.7871736723055154,0.14428746324084285
2014-12-13T16:00:00+09:30,lstm_residual,2.0538277924060666,1.8569790728679703,0.19684871953809635
2014-12-13T17:00:00+09:30,lstm_residual,0.9603000208735509,0.8377473258428529,0.12255269503069799
2014-12-14T07:00:00+09:30,lstm_residual,0.86429443210363,0.8463375175400564,0.017956914563573623
2014-12-14T08:00:00+09:30,lstm_residual,1.977994382381425,2.0492907221698187,-0.07129633978839367
2014-12-14T09:00:00+09:30,lstm_residual,2.867777844270075,2.7741116729231194,0.09366617134695554
2014-12-14T10:00:00+09:30,lstm_residual,3.4352110028266836,3.373400850166931,0.06181015265975276
2014-12-14T11:00:00+09:30,lstm_residual,3.7374329964319837,3.820370764800382,-0.0829377683683985
2014-12-14T12:00:00+09:30,lstm_residual,3.8142945170402505,4.077121705344912,-0.2628271883046618
2014-12-14T13:00:00+09:30,lstm_residual,3.5466276605924,3.780871673150415,-0.23424401255801497
2014-12-14T14:00:00+09:30,lstm_residual,3.10102771719295,3.123019431160355,-0.02199171396740507
2014-12-14T15:00:00+09:30,lstm_residual,2.8849999904632497,2.6162358472283276,0.26876414323492215
2014-12-14T16:00:00+09:30,lstm_residual,2.0156111617883,1.7805346792453731,0.2350764825429268
2014-12-14T17:00:00+09:30,lstm_residual,0.9516555493076567,0.7631903973331391,0.18846515197451763
2014-12-15T07:00:00+09:30,lstm_residual,0.8345222075780233,0.7610643102341433,0.07345789734387997
2014-12-15T08:00:00+09:30,lstm_residual,1.9509777426719666,1.8657668111636296,0.08521093150833692
2014-12-15T09:00:00+09:30,lstm_residual,2.84777772426605,2.562187622458698,0.2855901018073519
2014-12-15T10:00:00+09:30,lstm_residual,3.4283610184987414,3.0573847878458054,0.37097623065293606
2014-12-15T11:00:00+09:30,lstm_residual,3.751149932543433,3.638439771289047,0.11271016125438615
2014-12-15T12:00:00+09:30,lstm_residual,3.8067306081453918,3.834435257724871,-0.027704649579479046
2014-12-15T13:00:00+09:30,lstm_residual,3.55845006306965,3.3340395526236644,0.2244105104459857
2014-12-15T14:00:00+09:30,lstm_residual,3.197325090567275,2.673040215160848,0.5242848754064271
2014-12-15T15:00:00+09:30,lstm_residual,2.4043027857939334,2.404583310134745,-0.0002805243408117164
2014-12-15T16:00:00+09:30,lstm_residual,1.5985944420099216,1.6012270278927683,-0.0026325858828466497
2014-12-15T17:00:00+09:30,lstm_residual,0.41311775396267336,0.6684538985950373,-0.255336144632364
2014-12-16T07:00:00+09:30,lstm_residual,0.9002583424250233,0.6048992903979837,0.2953590520270396
2014-12-16T08:00:00+09:30,lstm_residual,1.5275555352369974,1.5965992372508642,-0.06904370201386678
2014-12-16T09:00:00+09:30,lstm_residual,2.224927783012375,2.326538949911887,-0.1016111668995121
2014-12-16T10:00:00+09:30,lstm_residual,2.146155556042985,2.808805547031149,-0.662649990988164
2014-12-16T11:00:00+09:30,lstm_residual,1.0401333471139276,3.1563815916287052,-2.116248244514778
2014-12-16T12:00:00+09:30,lstm_residual,1.4240582982698948,3.169005564915945,-1.7449472666460502
2014-12-16T13:00:00+09:30,lstm_residual,2.177197178204875,2.458901884480755,-0.28170470627587996
2014-12-16T14:00:00+09:30,lstm_residual,2.9353916744391166,2.0298980697634694,0.9054936046756472
2014-12-16T15:00:00+09:30,lstm_residual,1.37563052773475,1.5276938403983937,-0.1520633126636437
2014-12-16T16:00:00+09:30,lstm_residual,1.462332586447406,0.9999969314120076,0.4623356550353983
2014-12-16T17:00:00+09:30,lstm_residual,1.088016639153171,0.4412332901548459,0.646783348998325
2014-12-17T07:00:00+09:30,lstm_residual,0.481566657622655,0.7112682583885463,-0.22970160076589136
2014-12-17T08:00:00+09:30,lstm_residual,0.4721888775626825,1.6882301344500061,-1.2160412568873236
2014-12-17T09:00:00+09:30,lstm_residual,1.0939277658859943,2.3899912690566616,-1.2960635031706673
2014-12-17T10:00:00+09:30,lstm_residual,1.36434440811475,3.128297686360835,-1.7639532782460852
2014-12-17T11:00:00+09:30,lstm_residual,2.652138918638225,3.585343207531651,-0.933204288893426
2014-12-17T12:00:00+09:30,lstm_residual,1.5409556130568143,3.5150204405452365,-1.9740648274884223
2014-12-17T13:00:00+09:30,lstm_residual,1.8466340700785349,2.7724384159245634,-0.9258043458460286
2014-12-17T14:00:00+09:30,lstm_residual,2.749544491370525,1.9911126698239712,0.7584318215465538
2014-12-17T15:00:00+09:30,lstm_residual,2.3325749933719666,1.541525348443129,0.7910496449288376
2014-12-17T16:00:00+09:30,lstm_residual,1.2243583500385167,1.0050021512799778,0.21935619875853885
2014-12-17T17:00:00+09:30,lstm_residual,0.08820832396547075,0.47884660093353326,-0.3906382769680625
2014-12-18T07:00:00+09:30,lstm_residual,0.08463333531593276,0.6286948827890849,-0.5440615474731522
2014-12-18T08:00:00+09:30,lstm_residual,1.3015055259068757,1.4434940420918754,-0.14198851618499964
2014-12-18T09:00:00+09:30,lstm_residual,2.6935527821382084,2.170490852056436,0.5230619300817723
2014-12-18T10:00:00+09:30,lstm_residual,2.687683284282683,2.4385933847645838,0.24908989951809923
2014-12-18T11:00:00+09:30,lstm_residual,3.830274840195983,3.0343215668477903,0.7959532733481929
2014-12-18T12:00:00+09:30,lstm_residual,3.453305552403117,2.7484793666034437,0.7048261857996732
2014-12-18T13:00:00+09:30,lstm_residual,3.900511264801034,2.320895478104384,1.57961578669665
2014-12-18T14:00:00+09:30,lstm_residual,2.7156167030334584,2.124192819803619,0.5914238832298393
2014-12-18T15:00:00+09:30,lstm_residual,2.820383310317999,2.0654540739998613,0.7549292363181377
2014-12-18T16:00:00+09:30,lstm_residual,1.1643554766972883,1.457016839082612,-0.2926613623853236
2014-12-18T17:00:00+09:30,lstm_residual,0.3890014265974358,0.6602720158851183,-0.2712705892876825
2014-12-19T07:00:00+09:30,lstm_residual,0.8719944829742041,0.45980488251213125,0.41218960046207287
2014-12-19T08:00:00+09:30,lstm_residual,1.6386221994956383,1.413948404478768,0.22467379501687024
2014-12-19T09:00:00+09:30,lstm_residual,2.533177872498842,1.9828832749058565,0.5502945975929854
2014-12-19T10:00:00+09:30,lstm_residual,2.974194407463075,2.385531848352102,0.5886625591109729
2014-12-19T11:00:00+09:30,lstm_residual,3.381722331047058,2.6031183448235584,0.7786039862234997
2014-12-19T12:00:00+09:30,lstm_residual,3.2023333609103974,2.924275351228725,0.2780580096816725
2014-12-19T13:00:00+09:30,lstm_residual,3.376627907156939,2.8274568756817473,0.5491710314751916
2014-12-19T14:00:00+09:30,lstm_residual,2.855077783266706,2.341076956248614,0.514000827018092
2014-12-19T15:00:00+09:30,lstm_residual,1.9382220009962916,1.7765529704735754,0.1616690305227162
2014-12-19T16:00:00+09:30,lstm_residual,1.6466999898354224,1.1971781700290407,0.44952181980638173
2014-12-19T17:00:00+09:30,lstm_residual,1.072063878178595,0.5415216929376006,0.5305421852409944
2014-12-20T07:00:00+09:30,lstm_residual,0.787044456849495,0.709975015934637,0.07706944091485801
2014-12-20T08:00:00+09:30,lstm_residual,1.9048722287019164,1.8118180864256372,0.09305414227627917
2014-12-20T09:00:00+09:30,lstm_residual,2.7974111040433165,2.5409884951049078,0.25642260893840874
2014-12-20T10:00:00+09:30,lstm_residual,3.4197388291358917,3.0670702700332053,0.35266855910268635
2014-12-20T11:00:00+09:30,lstm_residual,3.7198833425839584,3.390673822718451,0.32920951986550717
2014-12-20T12:00:00+09:30,lstm_residual,3.8921222289403334,3.572104161900366,0.3200180670399675
2014-12-20T13:00:00+09:30,lstm_residual,3.8147777716318667,3.4243279187348676,0.3904498528969991
2014-12-20T14:00:00+09:30,lstm_residual,3.48994463682175,2.8670973374730586,0.6228472993486913
2014-12-20T15:00:00+09:30,lstm_residual,2.427738895018901,2.368139484934107,0.05959941008479408
2014-12-20T16:00:00+09:30,lstm_residual,2.1503221889336834,1.649594211933147,0.5007279770005364
2014-12-20T17:00:00+09:30,lstm_residual,1.0945482974251117,0.8269647009393306,0.2675835964857811
2014-12-21T07:00:00+09:30,lstm_residual,0.28795277389387275,0.6210378956183967,-0.333085121724524
2014-12-21T08:00:00+09:30,lstm_residual,0.8252083460489867,1.6563306542719332,-0.8311223082229464
2014-12-21T09:00:00+09:30,lstm_residual,1.7409888704617833,2.4724383928145492,-0.731449522352766
2014-12-21T10:00:00+09:30,lstm_residual,2.032127767801275,2.936242129889856,-0.9041143620885808
2014-12-21T11:00:00+09:30,lstm_residual,2.7560472687085498,3.175075504796915,-0.41902823608836526
2014-12-21T12:00:00+09:30,lstm_residual,2.9749638636906917,3.182118613568259,-0.2071547498775672
2014-12-21T13:00:00+09:30,lstm_residual,3.562794685363775,2.3087719890132092,1.2540226963505656
2014-12-21T14:00:00+09:30,lstm_residual,3.4942056934038668,1.603469418770195,1.8907362746336718
2014-12-21T15:00:00+09:30,lstm_residual,2.9292278289794833,1.4476871574396504,1.481540671539833
2014-12-21T16:00:00+09:30,lstm_residual,1.6944471597671418,0.8648115742663391,0.8296355855008026
2014-12-21T17:00:00+09:30,lstm_residual,0.9960027833779583,0.5451181261792173,0.45088465719874105
2014-12-22T07:00:00+09:30,lstm_residual,0.99750003094475,0.6167546769829677,0.38074535396178233
2014-12-22T08:00:00+09:30,lstm_residual,1.698263982931775,1.6399311589016552,0.058332824030119745
2014-12-22T09:00:00+09:30,lstm_residual,2.806158244609833,2.510614118852504,0.295544125757329
2014-12-22T10:00:00+09:30,lstm_residual,3.3434666593869586,3.0729913525321635,0.27047530685479515
2014-12-22T11:00:00+09:30,lstm_residual,3.4791518449783414,3.566954716149011,-0.08780287117066976
2014-12-22T12:00:00+09:30,lstm_residual,3.5991445183754003,3.5292748783166035,0.06986964005879681
2014-12-22T13:00:00+09:30,lstm_residual,2.6212111512819836,2.8220447675768114,-0.20083361629482788
2014-12-22T14:00:00+09:30,lstm_residual,1.901605655749625,1.9339611689118872,-0.03235551316226215
2014-12-22T15:00:00+09:30,lstm_residual,1.547694444656374,1.8667617338835507,-0.31906728922717664
2014-12-22T16:00:00+09:30,lstm_residual,0.22975554068883333,1.3087542045715121,-1.0789986638826787
2014-12-22T17:00:00+09:30,lstm_residual,0.45222779115041084,0.5993208105281332,-0.1470930193777224
2014-12-23T07:00:00+09:30,lstm_residual,0.27804447213808753,0.5400105912479487,-0.2619661191098612
2014-12-23T08:00:00+09:30,lstm_residual,0.6116166537006683,1.3518928644262973,-0.740276210725629
2014-12-23T09:00:00+09:30,lstm_residual,1.570305546124775,2.1155398156118945,-0.5452342694871195
2014-12-23T10:00:00+09:30,lstm_residual,2.0672110915184,2.489707705739704,-0.42249661422130425
2014-12-23T11:00:00+09:30,lstm_residual,2.7474222183227504,3.0847445554262323,-0.3373223371034819
2014-12-23T12:00:00+09:30,lstm_residual,2.5309389332930334,3.1757605548677663,-0.6448216215747329
2014-12-23T13:00:00+09:30,lstm_residual,2.2130054632822667,2.269143042245858,-0.056137578963591395
2014-12-23T14:00:00+09:30,lstm_residual,1.9395889242490167,1.543244003736966,0.39634492051205084
2014-12-23T15:00:00+09:30,lstm_residual,1.220116684834154,1.160911136005943,0.05920554882821105
2014-12-23T16:00:00+09:30,lstm_residual,0.989738826950395,0.9554256560956138,0.03431317085478114
2014-12-23T17:00:00+09:30,lstm_residual,0.76937186717987,0.6044645814322671,0.16490728574760294
2014-12-23T18:00:00+09:30,lstm_residual,0.23964723525568957,0.14140093844446988,0.09824629681121969
2014-12-24T07:00:00+09:30,lstm_residual,0.10773056466132401,0.5144839311742513,-0.40675336651292726
2014-12-24T08:00:00+09:30,lstm_residual,0.23459999759991915,1.391482882342269,-1.1568828847423498
2014-12-24T09:00:00+09:30,lstm_residual,0.3806138957540183,2.4004310805538913,-2.019817184799873
2014-12-24T10:00:00+09:30,lstm_residual,0.7787499601642258,3.0988220762865843,-2.3200721161223585
2014-12-24T11:00:00+09:30,lstm_residual,0.70396945377191,3.5056232913783494,-2.8016538376064393
2014-12-24T12:00:00+09:30,lstm_residual,1.0060582906007818,2.9674051296317545,-1.9613468390309727
2014-12-24T13:00:00+09:30,lstm_residual,1.0540972004334057,2.372104215181364,-1.3180070147479583
2014-12-24T14:00:00+09:30,lstm_residual,1.2785999973615083,1.9184042703348472,-0.6398042729733389
2014-12-24T15:00:00+09:30,lstm_residual,1.0307219475507774,1.4080647224774627,-0.37734277492668533
2014-12-24T16:00:00+09:30,lstm_residual,0.9329777906338367,0.9773621907013847,-0.04438440006754807
2014-12-24T17:00:00+09:30,lstm_residual,0.3165610941747817,0.41859029257371283,-0.10202919839893115
2014-12-24T18:00:00+09:30,lstm_residual,0.05556665541371336,0.011717413736218596,0.043849241677494766
2014-12-25T07:00:00+09:30,lstm_residual,0.49250830089052583,0.2876046472647332,0.2049036536257926
2014-12-25T08:00:00+09:30,lstm_residual,0.8319277440508158,0.7048392337509125,0.1270885102999033
2014-12-25T09:00:00+09:30,lstm_residual,1.7480055391788418,1.3937416172210009,0.35426392195784095
2014-12-25T10:00:00+09:30,lstm_residual,1.8666471540927916,2.0369534167528545,-0.17030626266006288
2014-12-25T11:00:00+09:30,lstm_residual,2.075291683276492,1.8386687703786588,0.236622912897833
2014-12-25T12:00:00+09:30,lstm_residual,2.1289360523223917,2.0911266905072092,0.03780936181518246
2014-12-25T13:00:00+09:30,lstm_residual,2.3676000237465,2.8571938320593633,-0.4895938083128635
2014-12-25T14:00:00+09:30,lstm_residual,3.09285831451415,2.7383331119195216,0.3545252025946284
2014-12-25T15:00:00+09:30,lstm_residual,1.9544443885485334,2.0443505584643202,-0.08990616991578682
2014-12-25T16:00:00+09:30,lstm_residual,1.2296999593575835,1.4890155983871602,-0.25931563902957677
2014-12-25T17:00:00+09:30,lstm_residual,1.064997230966891,0.6494914672753302,0.41550576369156067
2014-12-25T18:00:00+09:30,lstm_residual,0.30143332667648787,0.14631565345364306,0.1551176732228448
2014-12-26T07:00:00+09:30,lstm_residual,0.5441944599151608,0.6741071166112876,-0.12991265669612684
2014-12-26T08:00:00+09:30,lstm_residual,1.4243944634993893,1.6876849433405159,-0.26329047984112663
2014-12-26T09:00:00+09:30,lstm_residual,2.02533332506815,2.6409888151157572,-0.6156554900476072
2014-12-26T10:00:00+09:30,lstm_residual,1.6281722386678001,3.2720864711382607,-1.6439142324704605
2014-12-26T11:00:00+09:30,lstm_residual,2.9390112260977497,3.784117576816508,-0.8451063507187584
2014-12-26T12:00:00+09:30,lstm_residual,3.9768499533335504,3.96567636901437,0.011173584319180474
2014-12-26T13:00:00+09:30,lstm_residual,3.7455999453862585,3.5211556969463467,0.22444424843991184
2014-12-26T14:00:00+09:30,lstm_residual,2.23982788125675,2.742575303232024,-0.5027474219752741
2014-12-26T15:00:00+09:30,lstm_residual,2.7072277466456,2.3048289548817578,0.4023987917638423
2014-12-26T16:00:00+09:30,lstm_residual,1.9599778552850082,1.5654280081510752,0.39454984713393304
2014-12-26T17:00:00+09:30,lstm_residual,0.8833333104848884,0.8465736234963803,0.03675968698850807
2014-12-26T18:00:00+09:30,lstm_residual,0.31826190650463,0.1372297229929902,0.1810321835116398
2014-12-27T07:00:00+09:30,lstm_residual,0.7478777666886617,0.7450859151492226,0.002791851539439061
2014-12-27T08:00:00+09:30,lstm_residual,1.8436277806758916,1.7620639265687952,0.08156385410709643
2014-12-27T09:00:00+09:30,lstm_residual,2.811713933944708,2.5706595428588512,0.2410543910858567
2014-12-27T10:00:00+09:30,lstm_residual,3.4997999270757085,3.240505053556051,0.25929487351965763
2014-12-27T11:00:00+09:30,lstm_residual,3.880064030488325,3.452536975474234,0.42752705501409105
2014-12-27T12:00:00+09:30,lstm_residual,3.9846557180086664,3.5715185298810077,0.41313718812765865
2014-12-27T13:00:00+09:30,lstm_residual,3.949194570382442,3.445065182369911,0.5041293880125308
2014-12-27T14:00:00+09:30,lstm_residual,3.63619166612625,2.886597043791971,0.7495946223342789
2014-12-27T15:00:00+09:30,lstm_residual,3.0744637648264668,2.406748638334266,0.6677151264922006
2014-12-27T16:00:00+09:30,lstm_residual,2.212024986743925,1.738432097168364,0.4735928895755608
2014-12-27T17:00:00+09:30,lstm_residual,1.1096388995647393,0.916011903420361,0.19362699614437828
2014-12-27T18:00:00+09:30,lstm_residual,0.19823332751790768,0.19203173514220595,0.0062015923757017255
2014-12-28T07:00:00+09:30,lstm_residual,0.7536166658004109,0.8231519644679567,-0.06953529866754582
2014-12-28T08:00:00+09:30,lstm_residual,1.9838055968284667,2.0241896797813443,-0.040384082952877653
2014-12-28T09:00:00+09:30,lstm_residual,2.893572211265567,2.886552631614144,0.007019579651422969
2014-12-28T10:00:00+09:30,lstm_residual,3.6002777417500664,3.449527799707538,0.15074994204252823
2014-12-28T11:00:00+09:30,lstm_residual,3.3532776633898416,3.8413300980543323,-0.4880524346644908
2014-12-28T12:00:00+09:30,lstm_residual,4.151994466781616,4.025502137403976,0.12649232937764054
2014-12-28T13:00:00+09:30,lstm_residual,3.6152444283167586,4.046848576205381,-0.43160414788862234
2014-12-28T14:00:00+09:30,lstm_residual,3.6041554411252332,3.52722577394587,0.07692966717936311
2014-12-28T15:00:00+09:30,lstm_residual,2.866483370463058,2.9140406621550228,-0.047557291691964654
2014-12-28T16:00:00+09:30,lstm_residual,1.9002166589101324,1.9292435256174647,-0.029026866707332344
2014-12-28T17:00:00+09:30,lstm_residual,1.194755514462785,0.8971625823944025,0.29759293206838255
2014-12-28T18:00:00+09:30,lstm_residual,0.23683333583176125,0.14750940995878403,0.08932392587297722
2014-12-29T07:00:00+09:30,lstm_residual,0.6296777824560792,0.6559363729939323,-0.026258590537853066
2014-12-29T08:00:00+09:30,lstm_residual,1.6536166568597084,1.7391252750951098,-0.08550861823540146
2014-12-29T09:00:00+09:30,lstm_residual,2.756066759427375,2.5837590503338568,0.1723077090935181
2014-12-29T10:00:00+09:30,lstm_residual,3.45611667633055,3.1505633183534196,0.30555335797713035
2014-12-29T11:00:00+09:30,lstm_residual,3.5824389457702748,3.5167454613514537,0.06569348441882106
2014-12-29T12:00:00+09:30,lstm_residual,3.801577687263492,3.6057947780993005,0.1957829091641914
2014-12-29T13:00:00+09:30,lstm_residual,2.871277779340742,3.036326250568829,-0.1650484712280873
2014-12-29T14:00:00+09:30,lstm_residual,2.968788901964825,2.541093149795877,0.42769575216894795
2014-12-29T15:00:00+09:30,lstm_residual,3.273000061512,2.319322502552817,0.9536775589591833
2014-12-29T16:00:00+09:30,lstm_residual,2.2818451325098583,1.718185652847668,0.5636594796621903
2014-12-29T17:00:00+09:30,lstm_residual,1.2339444408814166,0.8164672950152024,0.4174771458662142
2014-12-29T18:00:00+09:30,lstm_residual,0.24542222358286325,0.17310268923044847,0.07231953435241478
2014-12-30T07:00:00+09:30,lstm_residual,0.71826388686895,0.7659171848625992,-0.047653297993649146
2014-12-30T08:00:00+09:30,lstm_residual,1.8998583058516167,1.916327126818255,-0.016468820966638154
2014-12-30T09:00:00+09:30,lstm_residual,2.859461148579925,2.7892832514539574,0.07017789712596745
2014-12-30T10:00:00+09:30,lstm_residual,3.483886063098909,3.391524618672095,0.09236144442681393
2014-12-30T11:00:00+09:30,lstm_residual,3.816344241301225,3.8178900675360783,-0.0015458262348531093
2014-12-30T12:00:00+09:30,lstm_residual,3.9613639116287334,3.955438536185549,0.0059253754431845
2014-12-30T13:00:00+09:30,lstm_residual,3.948419551054633,3.8237705789949112,0.1246489720597217
2014-12-30T14:00:00+09:30,lstm_residual,3.6484780311584504,3.443403146545357,0.2050748846130932
2014-12-30T15:00:00+09:30,lstm_residual,3.06421105066935,2.8687919874300007,0.1954190632393491
2014-12-30T16:00:00+09:30,lstm_residual,2.2042860885461084,2.067179514915357,0.13710657363075152
2014-12-30T17:00:00+09:30,lstm_residual,1.1114333520333084,1.0915905861649708,0.019842765868337553
2014-12-30T18:00:00+09:30,lstm_residual,0.2088369966174163,0.21069943704518745,-0.0018624404277711448
2014-12-31T07:00:00+09:30,lstm_residual,0.7122444311777717,0.7333393010649982,-0.02109486988722653
2014-12-31T08:00:00+09:30,lstm_residual,1.855588863293325,1.8363034198441874,0.01928544344913763
2014-12-31T09:00:00+09:30,lstm_residual,2.787566701571142,2.7798393076385137,0.007727393932628335
2014-12-31T10:00:00+09:30,lstm_residual,3.3978221416473335,3.324343934609948,0.07347820703738561
2014-12-31T11:00:00+09:30,lstm_residual,3.7536776860554837,3.7409877121117208,0.012689973943762922
2014-12-31T12:00:00+09:30,lstm_residual,3.9031553864479,3.888210038217179,0.01494534823072069
2014-12-31T13:00:00+09:30,lstm_residual,3.8997499148050747,3.8505063630747753,0.04924355173029937
2014-12-31T14:00:00+09:30,lstm_residual,3.6035778522491504,3.3957004902288945,0.20787736202025586
2014-12-31T15:00:00+09:30,lstm_residual,2.9924054741859503,2.836754249850803,0.1556512243351471
2014-12-31T16:00:00+09:30,lstm_residual,2.1621220111847,2.030155902898048,0.1319661082866519
2014-12-31T17:00:00+09:30,lstm_residual,1.1148055493831608,0.9603544479259924,0.15445110145716834
2014-12-31T18:00:00+09:30,lstm_residual,0.19438333126405816,0.185226066649263,0.009157264614795158
